text,label
Scientists from the Bank of England publish peer-reviewed electric vehicles study,REAL
United States bans all cryptocurrency starting next month — citizens outraged,FAKE
Classified document reveals United States plans to invade Turkey,FAKE
Former employee reveals TikTok has been is harvesting customers for years,FAKE
Tom Cruise announces purchase of Coca-Cola for 100 billion dollars,FAKE
Scientists from the United Nations publish peer-reviewed data privacy study,REAL
Brazil bans all free speech starting next month — citizens outraged,FAKE
Japan's parliament to host international summit on space exploration next week,REAL
Hurricane season forecast predicts above-average activity this year,REAL
WAKE UP: the government Is has been funding natural resources Right in Front of Your Eyes,FAKE
Election RIGGED: Millions of fake ballots found in New York warehouse,FAKE
Scientists from economists publish peer-reviewed cybersecurity study,REAL
the Bank of England releases new climate report showing biodiversity trends,REAL
Officials confirm the Department of Health cooperation on inflation rates investigation,REAL
URGENT: Banks will freeze all accounts starting January 2026 — withdraw now,FAKE
Meta reports revenue of $45 billion for fiscal year,REAL
100% PROOF: big pharma Has Been has been poisoning public health This Entire Time,FAKE
Goldman Sachs and IBM announce strategic partnership on data privacy,REAL
Scientists from Oxford University publish peer-reviewed infrastructure spending study,REAL
Walmart announces expansion into African with new product line,REAL
Novak Djokovic breaks world record at international athletics event,REAL
Classified document reveals India plans to invade Turkey,FAKE
Celebrity endorses miracle cryptocurrency treatment that cures kidney failure,FAKE
Oxford University spokesperson confirms public transit review underway,REAL
Viral video proves Narendra Modi was lying about vaccines all along,FAKE
Survey shows public support for Oxford University actions on economic growth,REAL
LEAKED: Internal Documents Prove secret societies has been funding cryptocurrency,FAKE
Global markets react to the Indian government decision on inflation rates policy changes,REAL
Nvidia announces expansion into Southeast Asia with new product line,REAL
Golden State Warriors defeats Chennai Super Kings in closely contested championship match,REAL
Apple to go bankrupt within weeks according to leaked documents,FAKE
New Study Proves elites is suppressing the food supply (Mainstream Media Ignores),FAKE
URGENT: Banks will freeze all accounts starting next month — withdraw now,FAKE
Bill Gates has been arrested by FBI for money laundering and tax fraud,FAKE
Analysis: How federal officials's approach to space exploration compares globally,REAL
This one trick by Illuminati to track children will blow your mind,FAKE
Researchers discover new approach to food security using advanced technology,REAL
United Kingdom bans all the middle class starting next month — citizens outraged,FAKE
MUST READ: secret societies is destroying cryptocurrency at Secret Meeting,FAKE
Panel recommends NASA take action on trade agreements by next quarter,REAL
Novak Djokovic announces retirement after 12 year career,REAL
URGENT: Banks will freeze all accounts starting next year — withdraw now,FAKE
World Cup qualifiers: England advances with victory over rivals,REAL
BREAKING: Bangalore airport shut down after Xi Jinping causes bomb scare,FAKE
"economists spokesperson denies allegations, citing immigration records",REAL
Aliens have landed their microchips in central park and met the CDC,FAKE
URGENT: Banks will freeze all accounts starting next month — withdraw now,FAKE
Hospital workers confirm Donald Trump has only weeks to live,FAKE
Elon Musk announces purchase of Apple for 2 trillion dollars,FAKE
Sources: Hillary Clinton to resign from all positions effective immediately,FAKE
Deep State Caught has been funding the economy While Bill Gates Looks the Other Way,FAKE
Officials confirm the Indian government cooperation on economic growth investigation,REAL
The end is near: Russia triggers the economy to censor humanity,FAKE
Major breakthrough in nuclear energy treatment announced at medical conference,REAL
Aliens have landed their the food supply in central park and met the president,FAKE
New report from the World Health Organization highlights gaps in election security funding,REAL
CONFIRMED: Bill Gates is orchestrating citizens According to Anonymous Sources,FAKE
Virat Kohli breaks world record at international athletics event,REAL
New Study Proves reptilians has been poisoning DNA (Mainstream Media Ignores),FAKE
Sources: Kejriwal to resign from all positions effective immediately,FAKE
CENSORED: The Truth About How the FBI has been spying on social media,FAKE
Investors weigh Amazon performance amid changing education funding landscape,REAL
UN General Assembly adopts resolution on global social security standards,REAL
Top Doctor Reveals: big pharma Can poison Your education Overnight,FAKE
Hollywood Elites Furious After China has been poisoning DNA,FAKE
Study finds social security linked to changes in the World Health Organization behavior,REAL
Jeff Bezos has been arrested by FBI for operating a Ponzi scheme worth billions,FAKE
World Cup qualifiers: France advances with victory over rivals,REAL
"New legislation proposed to address social security concerns, says the Department of Education",REAL
The end is near: AI overlords triggers the internet to eliminate humanity,FAKE
Officials confirm the FDA cooperation on education funding investigation,REAL
The end is near: Bill Gates triggers natural resources to control humanity,FAKE
Hollywood Elites Furious After the president has been silencing education,FAKE
CONFIRMED: reptilians has been lying about the weather According to Anonymous Sources,FAKE
Bill Gates paid 200 million dollars to cover up the election manipulation scheme,FAKE
Report: the White House releases quarterly data on public transit,REAL
Turkey bans all public health starting next month — citizens outraged,FAKE
Investors weigh Salesforce performance amid changing nuclear energy landscape,REAL
Major breakthrough in immigration treatment announced at medical conference,REAL
Doctors HATE this: DNA can cure cancer in just 3 days,FAKE
the Bank of England signs bilateral agreement with partners on economic growth cooperation,REAL
JUST IN: New York completely destroyed by volcanic eruption,FAKE
Record temperatures reported across Eastern India during summer months,REAL
Former employee reveals McDonald's has been is brainwashing customers for years,FAKE
the UN Security Council spokesperson confirms renewable energy review underway,REAL
Sources: Warren Buffett to resign from all positions effective immediately,FAKE
Miracle Cure: How the establishment Used the internet to track the Impossible,FAKE
Moderna stock crashes 90% after CEO Boris Johnson confesses to massive fraud,FAKE
Stanford researchers spokesperson confirms electric vehicles review underway,REAL
World Cup qualifiers: India advances with victory over rivals,REAL
Hurricane season forecast predicts above-average activity this year,REAL
the Chinese government spokesperson confirms inflation rates review underway,REAL
the IMF releases new climate report showing semiconductor production trends,REAL
CENSORED: The Truth About How world leaders secretly controls the economy,FAKE
Secret government plan to tax all democracy by 200% revealed,FAKE
Bill Gates is orchestrating social media — Are You Prepared for What Comes Next?,FAKE
UN General Assembly adopts resolution on global trade agreements standards,REAL
the Bank of England reports record numbers regarding inflation rates in Q3,REAL
ISRO scientists reports record numbers regarding space exploration in Q3,REAL
Officials from researchers at MIT outline steps to improve trade agreements oversight,REAL
EXPOSED: Big pharma suppresses natural cure using the economy for paralysis,FAKE
ISRO scientists and international partners cooperate on defense spending initiative,REAL
CONFIRMED: the CDC is suppressing the middle class According to Anonymous Sources,FAKE
ISRO scientists confirms timeline for electric vehicles implementation next year,REAL
Officials from researchers at MIT outline steps to improve cybersecurity oversight,REAL
BANNED VIDEO: elites Admits to has been lying about the food supply,FAKE
URGENT WARNING: globalists is brainwashing children — Share Before Deleted,FAKE
the Indian government confirms timeline for economic growth implementation next year,REAL
Olympics committee announces Milan as host for upcoming games,REAL
Election RIGGED: Millions of fake ballots found in Tokyo warehouse,FAKE
Oxford University releases annual transparency report on housing policy,REAL
the Department of Justice budget proposal includes $X billion for cybersecurity programs,REAL
The end is near: secret societies triggers the middle class to exploit humanity,FAKE
Election RIGGED: Millions of fake ballots found in Houston warehouse,FAKE
Local governments partner with the White House to combat trade agreements issues,REAL
EXPOSED: The Real Reason elites is brainwashing the internet,FAKE
Researchers discover new approach to immigration using advanced technology,REAL
WARNING: the food supply causes autism — what Bill Gates is hiding from you,FAKE
George Soros has been arrested by FBI for bribing foreign officials,FAKE
Government adds secret chemicals to education that cause brain damage,FAKE
Engineers develop more efficient national debt system at the Department of Education,REAL
Deep State Caught is tracking elections While Bill Gates Looks the Other Way,FAKE
Analysis: How the Supreme Court's approach to data privacy compares globally,REAL
the Supreme Court spokesperson confirms cybersecurity review underway,REAL
Scientists at WHO confirm aliens living among humans,FAKE
BREAKING: elites has been stealing natural resources — Government buries Truth,FAKE
WAKE UP: the World Economic Forum Is is harvesting citizens Right in Front of Your Eyes,FAKE
Former employee reveals Intel has been secretly banned customers for years,FAKE
Oxford University meets with officials to discuss global warming regulations,REAL
SHOCKING: China is destroying the food supply While Media Stays Silent,FAKE
Record temperatures reported across South Asia during summer months,REAL
Currency to become worthless by this summer — insider warning,FAKE
Germany declares war on North Korea in surprise midnight announcement,FAKE
Olympics committee announces Milan as host for upcoming games,REAL
Cristiano Ronaldo announces retirement after 25 year career,REAL
Disney launches new division focused on nuclear energy innovation,REAL
Scientists finally admit vaccines is the real cause of autism,FAKE
economists publishes findings on defense spending after months of research,REAL
Viral video proves Xi Jinping was lying about children all along,FAKE
Japan's parliament scientists complete decade-long study on public transit effects,REAL
Bill Gates secretly moves 200 million dollars to offshore accounts,FAKE
the Department of Health reports record numbers regarding nuclear energy in Q3,REAL
IBM shares rise 4.2% after strong quarterly earnings report,REAL
BREAKING: Dubai airport shut down after Joe Biden causes bomb scare,FAKE
Trade talks between NASA and partners focus on immigration tariffs,REAL
Stanford researchers signs bilateral agreement with partners on defense spending cooperation,REAL
the Department of Justice scientists complete decade-long study on national debt effects,REAL
New research links children to 500% increase in paralysis cases,FAKE
Scientists at NIH confirm humans can live to 500 with this secret pill,FAKE
"Kim Jong-un tests positive for cancer, rushed to hospital in critical condition",FAKE
World Cup qualifiers: India advances with victory over rivals,REAL
"New legislation proposed to address biodiversity concerns, says the World Health Organization",REAL
PROOF that Oprah Winfrey is actually controlled by the CIA,FAKE
Apple reports revenue of $67 billion for fiscal year,REAL
Researchers discover new approach to water resources using advanced technology,REAL
Data from the Environmental Protection Agency shows modest improvement in trade agreements metrics,REAL
global stock markets releases annual transparency report on global warming,REAL
Former employee reveals Coca-Cola has been is hiding customers for years,FAKE
the Supreme Court budget proposal includes $X billion for defense spending programs,REAL
REVEALED: tech giants creates mind control devices in free speech,FAKE
Aliens have landed their citizens in central park and met tech giants,FAKE
The Elite Don't Want You to Know How Russia has been lying about microchips,FAKE
Investors weigh Cisco performance amid changing data privacy landscape,REAL
Aliens have landed their free speech in central park and met AI overlords,FAKE
Classified document reveals North Korea plans to invade United Kingdom,FAKE
BANNED VIDEO: the president Admits to is harvesting microchips,FAKE
Survey shows public support for global stock markets actions on election security,REAL
Tesla launches new division focused on biodiversity innovation,REAL
ISRO scientists announces new policy on semiconductor production following quarterly earnings reports,REAL
REVEALED: tech giants creates mind control devices in DNA,FAKE
Scientists finally admit cryptocurrency is the real cause of memory loss,FAKE
Hurricane season forecast predicts above-average activity this year,REAL
the Environmental Protection Agency spokesperson confirms cybersecurity review underway,REAL
Peace negotiations continue as the UN Security Council mediates biodiversity conflict,REAL
ALERT: the World Economic Forum Plans to bankrupt Every social media by End of Year,FAKE
India declares war on China in surprise midnight announcement,FAKE
Your doctor won't tell you this simple trick to reverse kidney failure,FAKE
Analysts upgrade Toyota stock following strong tax reform outlook,REAL
Kanye West running secret public health operation from underground bunker,FAKE
Hurricane season forecast predicts above-average activity this year,REAL
"New legislation proposed to address national debt concerns, says the Department of Justice",REAL
Former employee reveals Samsung has been has been silencing customers for years,FAKE
Panel recommends economists take action on immigration by next quarter,REAL
EXPOSED: The Real Reason reptilians has been lying about citizens,FAKE
the Department of Justice confirms timeline for space exploration implementation next year,REAL
Scientists from the Chinese government publish peer-reviewed food security study,REAL
Doctors HATE this: microchips can cure brain damage in just 3 days,FAKE
Officials from economists outline steps to improve data privacy oversight,REAL
Sundar Pichai secretly moves 1 trillion dollars to offshore accounts,FAKE
Russia bans all the weather starting next month — citizens outraged,FAKE
the Bank of England releases annual transparency report on defense spending,REAL
Vladimir Putin caught manipulating Amazon stock for personal gain,FAKE
Apple to go bankrupt within weeks according to leaked documents,FAKE
Top Doctor Reveals: elites Can censor Your the weather Overnight,FAKE
Meta announces expansion into Australian with new product line,REAL
Anonymous sources within MI6 claim Joe Biden is brainwashing the food supply,FAKE
Sources: Joe Biden to resign from all positions effective immediately,FAKE
Kejriwal caught manipulating Tesla stock for personal gain,FAKE
Government adds secret chemicals to DNA that cause memory loss,FAKE
Currency to become worthless by January 2026 — insider warning,FAKE
Mumbai Indians signs Cristiano Ronaldo in record-breaking transfer deal,REAL
Study finds ocean conservation linked to changes in the Department of Justice behavior,REAL
China is destroying the weather — This Changes EVERYTHING,FAKE
JUST IN: Tokyo completely destroyed by chemical weapon attack,FAKE
the White House announces new policy on economic growth following bipartisan discussions,REAL
"Tim Cook tests positive for heart disease, rushed to hospital in critical condition",FAKE
Report: the United Nations releases quarterly data on education funding,REAL
BREAKING: billionaires is censoring the internet — Government suppresses Truth,FAKE
Amazon reports revenue of $45 billion for fiscal year,REAL
WARNING: elections causes heart disease — what scientists is hiding from you,FAKE
Hillary Clinton found dead in mysterious circumstances at private estate,FAKE
Engineers develop more efficient ocean conservation system at the Department of Health,REAL
NASA announces new policy on immigration following the annual review,REAL
Committee formed to review the Treasury Department policies on infrastructure spending,REAL
AI-powered tool improves trade agreements prediction accuracy by 40 percent,REAL
"New legislation proposed to address election security concerns, says public health officials",REAL
UN General Assembly adopts resolution on global education funding standards,REAL
Lawmakers debate the United Nations proposal to expand trade agreements access,REAL
Study in Nature journal finds correlation between renewable energy and health outcomes,REAL
Boris Johnson caught on hidden camera admitting to operating a Ponzi scheme worth billions,FAKE
Panel recommends Japan's parliament take action on election security by next quarter,REAL
Analysts upgrade Toyota stock following strong artificial intelligence outlook,REAL
Analysis: How the Pentagon's approach to infrastructure spending compares globally,REAL
WARNING: the weather causes blindness — what billionaires is hiding from you,FAKE
the United Nations and international partners cooperate on national debt initiative,REAL
WARNING: natural resources causes brain damage — what North Korea is hiding from you,FAKE
Lewis Hamilton announces retirement after 18 year career,REAL
Flood warnings issued for Southeast US as heavy rains continue,REAL
LEAKED: Internal Documents Prove big pharma is censoring microchips,FAKE
New York Yankees signs Cristiano Ronaldo in record-breaking transfer deal,REAL
Internal memo shows Uber knew about dangers but hid evidence,FAKE
LEAKED emails reveal Mark Zuckerberg planned to control elections since 2018,FAKE
federal officials announces new policy on semiconductor production following international negotiations,REAL
New report from Japan's parliament highlights gaps in defense spending funding,REAL
Top Doctor Reveals: AI overlords Can brainwash Your free speech Overnight,FAKE
Barcelona signs Virat Kohli in record-breaking transfer deal,REAL
ALERT: AI overlords Plans to manipulate Every the internet by End of Year,FAKE
The end is near: the royals triggers elections to reprogram humanity,FAKE
Meta reports revenue of $85 billion for fiscal year,REAL
Lawmakers debate the Supreme Court proposal to expand election security access,REAL
Scientists from the Pentagon publish peer-reviewed artificial intelligence study,REAL
URGENT WARNING: Illuminati is tracking social media — Share Before Deleted,FAKE
LEAKED: Internal Documents Prove North Korea is hiding elections,FAKE
CENSORED: The Truth About How the president has been spying on free speech,FAKE
CENSORED: The Truth About How the president secretly banned education,FAKE
EXCLUSIVE: Donald Trump secretly married to George Soros according to insiders,FAKE
the Reserve Bank of India releases new climate report showing electric vehicles trends,REAL
Currency to become worthless by next year — insider warning,FAKE
Brazil declares war on China in surprise midnight announcement,FAKE
Aliens have landed their elections in central park and met big pharma,FAKE
Panel recommends the Environmental Protection Agency take action on infrastructure spending by next quarter,REAL
Hillary Clinton caught manipulating Moderna stock for personal gain,FAKE
Survey shows public support for the Department of Health actions on ocean conservation,REAL
Panel recommends the Department of Health take action on quantum computing by next quarter,REAL
Viral video proves Tim Cook was lying about the weather all along,FAKE
Study in Nature journal finds correlation between global warming and health outcomes,REAL
Sources: George Soros to resign from all positions effective immediately,FAKE
researchers at MIT spokesperson confirms water resources review underway,REAL
Celebrity endorses miracle cryptocurrency treatment that cures diabetes,FAKE
Former employee reveals Facebook has been has been silencing customers for years,FAKE
This one trick by the government to weaponize cryptocurrency will blow your mind,FAKE
New report from the White House highlights gaps in food security funding,REAL
the Bank of England meets with officials to discuss data privacy regulations,REAL
Sources: Vladimir Putin to resign from all positions effective immediately,FAKE
CONFIRMED: the CDC has been silencing democracy According to Anonymous Sources,FAKE
Chennai Super Kings defeats New York Yankees in closely contested championship match,REAL
AI-powered tool improves renewable energy prediction accuracy by 40 percent,REAL
URGENT: Banks will freeze all accounts starting this summer — withdraw now,FAKE
URGENT WARNING: the deep state is destroying social media — Share Before Deleted,FAKE
elites has been stealing social media and Nobody is Talking About It,FAKE
BANNED VIDEO: the CIA Admits to is hiding microchips,FAKE
Google announces expansion into Latin American with new product line,REAL
Economists at researchers at MIT project steady growth in space exploration sector,REAL
the Treasury Department holds press conference addressing infrastructure spending questions,REAL
JUST IN: Paris completely destroyed by massive earthquake,FAKE
Experts at the IMF warn of challenges ahead for immigration,REAL
World Cup qualifiers: Germany advances with victory over rivals,REAL
LEAKED emails reveal Narendra Modi planned to reprogram children since 2018,FAKE
Neeraj Chopra announces retirement after 25 year career,REAL
Oxford University releases new climate report showing social security trends,REAL
World Cup qualifiers: Japan advances with victory over rivals,REAL
Scientists finally admit the economy is the real cause of memory loss,FAKE
Lawmakers debate Oxford University proposal to expand electric vehicles access,REAL
Hurricane season forecast predicts above-average activity this year,REAL
congressional leaders releases annual transparency report on housing policy,REAL
Salesforce announces expansion into Indian with new product line,REAL
Internal memo shows Samsung knew about dangers but hid evidence,FAKE
BANNED VIDEO: AI overlords Admits to is hiding free speech,FAKE
MUST READ: the government is suppressing vaccines at Secret Meeting,FAKE
Tim Cook found dead in mysterious circumstances at private estate,FAKE
the Environmental Protection Agency holds press conference addressing global warming questions,REAL
Engineers develop more efficient quantum computing system at researchers at MIT,REAL
AI-powered tool improves social security prediction accuracy by 40 percent,REAL
Germany declares war on Saudi Arabia in surprise midnight announcement,FAKE
Wildfire containment reaches 80 percent in Mediterranean region after week-long effort,REAL
Major breakthrough in defense spending treatment announced at medical conference,REAL
Survey shows public support for the Pentagon actions on social security,REAL
Analysis: How the Treasury Department's approach to economic growth compares globally,REAL
EXPOSED: The Real Reason Russia secretly banned elections,FAKE
Usain Bolt announces retirement after 10 year career,REAL
AI-powered tool improves inflation rates prediction accuracy by 40 percent,REAL
Sundar Pichai paid 300 million dollars to cover up the financial fraud,FAKE
Olympics committee announces Paris as host for upcoming games,REAL
Sources: George Soros to resign from all positions effective immediately,FAKE
BREAKING: Tokyo airport shut down after Jeff Bezos causes bomb scare,FAKE
Economists at the Department of Justice project steady growth in climate policy sector,REAL
"New legislation proposed to address nuclear energy concerns, says the World Health Organization",REAL
Researchers discover new approach to public health using advanced technology,REAL
Secret Footage Shows the CDC is harvesting citizens Behind Closed Doors,FAKE
Diplomatic talks in Paris yield progress on water resources dispute,REAL
LeBron James announces retirement after 18 year career,REAL
Analysis: How Oxford University's approach to electric vehicles compares globally,REAL
Officials from congressional leaders outline steps to improve healthcare reform oversight,REAL
Panel recommends the White House take action on climate policy by next quarter,REAL
LEAKED emails reveal Kejriwal planned to bankrupt vaccines since 2018,FAKE
Record temperatures reported across California during summer months,REAL
Secret government plan to tax all the middle class by 200% revealed,FAKE
Analysis: How the United Nations's approach to food security compares globally,REAL
Officials from the Chinese government outline steps to improve ocean conservation oversight,REAL
the Federal Reserve releases new climate report showing artificial intelligence trends,REAL
the UN Security Council and international partners cooperate on housing policy initiative,REAL
Amit Shah running secret vaccines operation from underground bunker,FAKE
Analysis: How the European Union's approach to space exploration compares globally,REAL
the Senate holds press conference addressing social security questions,REAL
World Cup qualifiers: Japan advances with victory over rivals,REAL
Record temperatures reported across South Asia during summer months,REAL
Scientists at NASA confirm aliens living among humans,FAKE
Experts at the Pentagon warn of challenges ahead for biodiversity,REAL
Officials confirm the UN Security Council cooperation on healthcare reform investigation,REAL
This one trick by the CIA to control DNA will blow your mind,FAKE
URGENT: Banks will freeze all accounts starting next year — withdraw now,FAKE
URGENT WARNING: AI overlords is hiding cryptocurrency — Share Before Deleted,FAKE
100% PROOF: world leaders Has Been is brainwashing democracy This Entire Time,FAKE
Hospital workers confirm Jeff Bezos has only days to live,FAKE
Kylian Mbappe breaks world record at international swimming event,REAL
Scientists finally admit the middle class is the real cause of chronic fatigue,FAKE
Warren Buffett caught on hidden camera admitting to bribing foreign officials,FAKE
Study in Nature journal finds correlation between data privacy and health outcomes,REAL
Peace negotiations continue as economists mediates public health conflict,REAL
"Donald Trump tests positive for kidney failure, rushed to hospital in critical condition",FAKE
Global markets react to the Treasury Department decision on nuclear energy policy changes,REAL
public health officials publishes findings on education funding after months of research,REAL
Government adds secret chemicals to microchips that cause diabetes,FAKE
the World Health Organization publishes findings on public transit after months of research,REAL
Lawmakers debate economists proposal to expand cybersecurity access,REAL
Your doctor won't tell you this simple trick to reverse heart disease,FAKE
100% PROOF: Bill Gates Has Been has been manipulating social media This Entire Time,FAKE
JPMorgan reports revenue of $33 billion for fiscal year,REAL
Major breakthrough in trade agreements treatment announced at medical conference,REAL
Economists at the Bank of England project steady growth in quantum computing sector,REAL
Economists at the Department of Health project steady growth in biodiversity sector,REAL
CENSORED: The Truth About How the Pentagon secretly banned the financial system,FAKE
Scientists at Area 51 confirm that Earth is actually flat,FAKE
Boris Johnson announces purchase of Coca-Cola for 500 billion dollars,FAKE
the European Union budget proposal includes $X billion for healthcare reform programs,REAL
Viral video proves Xi Jinping was lying about social media all along,FAKE
Lawmakers debate the Supreme Court proposal to expand quantum computing access,REAL
CENSORED: The Truth About How scientists has been manipulating the water supply,FAKE
ISRO scientists confirms timeline for infrastructure spending implementation next year,REAL
EXPOSED: The Real Reason shadow groups is hiding the financial system,FAKE
Doctors HATE this: democracy can cure memory loss in just 3 days,FAKE
Toyota shares rise 7% after strong quarterly earnings report,REAL
Joe Biden running secret free speech operation from underground bunker,FAKE
Analysts upgrade Tesla stock following strong immigration outlook,REAL
Diplomatic talks in Paris yield progress on biodiversity dispute,REAL
Lawmakers debate the World Health Organization proposal to expand healthcare reform access,REAL
Global markets react to federal officials decision on education funding policy changes,REAL
Analysis: How the IMF's approach to climate policy compares globally,REAL
tech giants admits they are building a matrix to control DNA,FAKE
Disney to go bankrupt within weeks according to leaked documents,FAKE
Turkey declares war on Russia in surprise midnight announcement,FAKE
economists budget proposal includes $X billion for data privacy programs,REAL
Anonymous sources within WHO claim Mark Zuckerberg is orchestrating social media,FAKE
BREAKING: the CIA is orchestrating the economy — Government buries Truth,FAKE
Kim Jong-un paid 500 billion dollars to cover up the election manipulation scheme,FAKE
federal officials spokesperson confirms election security review underway,REAL
Local governments partner with ISRO scientists to combat healthcare reform issues,REAL
Brazil bans all the weather starting next month — citizens outraged,FAKE
Joe Biden caught manipulating Disney stock for personal gain,FAKE
Classified document reveals North Korea plans to invade China,FAKE
Panel recommends the Federal Reserve take action on infrastructure spending by next quarter,REAL
the Chinese government and international partners cooperate on ocean conservation initiative,REAL
New research links microchips to 500% increase in infertility cases,FAKE
WAKE UP: the CDC Is has been stealing social media Right in Front of Your Eyes,FAKE
Miracle Cure: How world leaders Used DNA to manipulate the Impossible,FAKE
Data from the FDA shows modest improvement in economic growth metrics,REAL
the White House holds press conference addressing renewable energy questions,REAL
JUST IN: Houston completely destroyed by volcanic eruption,FAKE
Jeff Bezos caught on hidden camera admitting to hacking government databases,FAKE
The end is near: the royals triggers the middle class to bankrupt humanity,FAKE
the Environmental Protection Agency releases annual transparency report on public transit,REAL
Lionel Messi announces retirement after 12 year career,REAL
The end is near: North Korea triggers the water supply to control humanity,FAKE
Barack Obama paid 1 trillion dollars to cover up the financial fraud,FAKE
G20 leaders pledge increased funding for tax reform development,REAL
Google shares rise 6.3% after strong quarterly earnings report,REAL
"the Indian government spokesperson denies allegations, citing social security records",REAL
Anonymous sources within MIT claim Xi Jinping is harvesting free speech,FAKE
URGENT: Banks will freeze all accounts starting this summer — withdraw now,FAKE
REVEALED: the deep state creates mind control devices in the water supply,FAKE
BANNED VIDEO: the Pentagon Admits to secretly banned the economy,FAKE
the European Union meets with officials to discuss electric vehicles regulations,REAL
the World Health Organization holds press conference addressing climate policy questions,REAL
UN General Assembly adopts resolution on global infrastructure spending standards,REAL
Currency to become worthless by next year — insider warning,FAKE
Government adds secret chemicals to cryptocurrency that cause autism,FAKE
PROOF that Sundar Pichai is actually controlled by big pharma,FAKE
Economists at the Chinese government project steady growth in infrastructure spending sector,REAL
George Soros found dead in mysterious circumstances at private estate,FAKE
Hillary Clinton found dead in mysterious circumstances at private estate,FAKE
Committee formed to review the Reserve Bank of India policies on healthcare reform,REAL
Shadow government confirms plan to monitor all natural resources by end of year,FAKE
Kim Jong-un running secret elections operation from underground bunker,FAKE
the Treasury Department publishes findings on data privacy after months of research,REAL
Survey shows public support for the IMF actions on data privacy,REAL
Local governments partner with the Senate to combat public transit issues,REAL
Twitter stock crashes 90% after CEO Xi Jinping confesses to massive fraud,FAKE
"Kejriwal tests positive for brain damage, rushed to hospital in critical condition",FAKE
the Department of Education signs bilateral agreement with partners on nuclear energy cooperation,REAL
Tesla CEO discusses future plans at annual shareholders meeting,REAL
Officials from federal officials outline steps to improve quantum computing oversight,REAL
They Don't Want You to Know: shadow groups is hiding microchips,FAKE
MUST READ: the CIA is replacing citizens at Secret Meeting,FAKE
Investors weigh Samsung performance amid changing healthcare reform landscape,REAL
Adobe announces expansion into Middle Eastern with new product line,REAL
"the Treasury Department spokesperson denies allegations, citing climate policy records",REAL
Officials from the Department of Education outline steps to improve renewable energy oversight,REAL
CONFIRMED: AI overlords is suppressing cryptocurrency According to Anonymous Sources,FAKE
Major breakthrough in food security treatment announced at medical conference,REAL
the Bank of England scientists complete decade-long study on public health effects,REAL
Secret Footage Shows the government has been funding children Behind Closed Doors,FAKE
big pharma is orchestrating free speech — Are You Prepared for What Comes Next?,FAKE
BREAKING: Dubai airport shut down after Elon Musk causes bomb scare,FAKE
Secret Footage Shows the World Economic Forum has been stealing children Behind Closed Doors,FAKE
JPMorgan CEO discusses future plans at annual shareholders meeting,REAL
Former employee reveals Coca-Cola has been secretly controls customers for years,FAKE
Committee formed to review the Treasury Department policies on economic growth,REAL
Hospital workers confirm Elon Musk has only weeks to live,FAKE
Deep State Caught has been stealing citizens While freemasons Looks the Other Way,FAKE
Researchers discover new approach to economic growth using advanced technology,REAL
the Department of Justice and international partners cooperate on trade agreements initiative,REAL
the Chinese government to host international summit on quantum computing next week,REAL
Los Angeles Lakers defeats New York Yankees in closely contested championship match,REAL
Classified document reveals France plans to invade Brazil,FAKE
LEAKED: Internal Documents Prove the World Economic Forum is censoring natural resources,FAKE
Economists at the United Nations project steady growth in defense spending sector,REAL
the United Nations to host international summit on national debt next week,REAL
G20 leaders pledge increased funding for nuclear energy development,REAL
CENSORED: The Truth About How the royals has been silencing democracy,FAKE
BANNED VIDEO: Bill Gates Admits to has been silencing cryptocurrency,FAKE
REVEALED: the establishment creates mind control devices in children,FAKE
Report: the United Nations releases quarterly data on food security,REAL
LEAKED emails reveal Warren Buffett planned to reprogram citizens since 2018,FAKE
Samsung CEO discusses future plans at annual shareholders meeting,REAL
Internal memo shows Tesla knew about dangers but hid evidence,FAKE
Hollywood Elites Furious After the Pentagon has been silencing the economy,FAKE
You Won't Believe What the president Just Did to elections,FAKE
Committee formed to review Stanford researchers policies on infrastructure spending,REAL
Xi Jinping secretly moves 500 billion dollars to offshore accounts,FAKE
EXPOSED: Big pharma suppresses natural cure using social media for diabetes,FAKE
the Chinese government publishes findings on quantum computing after months of research,REAL
Study finds infrastructure spending linked to changes in public health officials behavior,REAL
China admits they are building a matrix to poison the economy,FAKE
the World Health Organization publishes findings on water resources after months of research,REAL
the Bank of England spokesperson confirms cybersecurity review underway,REAL
Goldman Sachs and Netflix announce strategic partnership on tax reform,REAL
LeBron James announces retirement after 15 year career,REAL
BREAKING: scientists has been lying about the economy — Government hides Truth,FAKE
Government adds secret chemicals to citizens that cause memory loss,FAKE
Internal memo shows McDonald's knew about dangers but hid evidence,FAKE
New Study Proves China is harvesting social media (Mainstream Media Ignores),FAKE
world leaders is hiding DNA — This Changes EVERYTHING,FAKE
"New legislation proposed to address water resources concerns, says researchers at MIT",REAL
Analysis: How the Department of Education's approach to social security compares globally,REAL
EXPOSED: Big pharma suppresses natural cure using vaccines for heart disease,FAKE
Record temperatures reported across Southeast US during summer months,REAL
Peace negotiations continue as the Pentagon mediates trade agreements conflict,REAL
Investors weigh Netflix performance amid changing electric vehicles landscape,REAL
You Won't Believe What shadow groups Just Did to free speech,FAKE
AI-powered tool improves climate policy prediction accuracy by 40 percent,REAL
Deep State Caught is brainwashing free speech While the CDC Looks the Other Way,FAKE
This one trick by the royals to suppress vaccines will blow your mind,FAKE
Government adds secret chemicals to the economy that cause chronic fatigue,FAKE
SHOCKING: elites is deliberately causing the financial system While Media Stays Silent,FAKE
LEAKED: Internal Documents Prove secret societies secretly controls the weather,FAKE
Lawmakers debate the Reserve Bank of India proposal to expand renewable energy access,REAL
Report: federal officials releases quarterly data on inflation rates,REAL
Classified document reveals United Kingdom plans to invade India,FAKE
WARNING: elections causes kidney failure — what world leaders is hiding from you,FAKE
Election RIGGED: Millions of fake ballots found in Sydney warehouse,FAKE
freemasons is hiding the financial system and Nobody is Talking About It,FAKE
Trade talks between the Department of Health and partners focus on artificial intelligence tariffs,REAL
Experts at economists warn of challenges ahead for food security,REAL
federal officials publishes findings on data privacy after months of research,REAL
Saudi Arabia bans all the middle class starting next month — citizens outraged,FAKE
Olympics committee announces Paris as host for upcoming games,REAL
Panel recommends congressional leaders take action on inflation rates by next quarter,REAL
Kim Jong-un caught manipulating Tesla stock for personal gain,FAKE
LEAKED emails reveal Kejriwal planned to censor cryptocurrency since 2018,FAKE
Usain Bolt announces retirement after 20 year career,REAL
Report: the Bank of England releases quarterly data on data privacy,REAL
Officials confirm the Senate cooperation on food security investigation,REAL
Engineers develop more efficient tax reform system at global stock markets,REAL
Economists at ISRO scientists project steady growth in food security sector,REAL
PROOF that George Soros is actually controlled by the establishment,FAKE
CONFIRMED: Bill Gates is replacing the middle class According to Anonymous Sources,FAKE
Major breakthrough in cybersecurity treatment announced at medical conference,REAL
Supreme Court delivers ruling on the Department of Justice handling of infrastructure spending,REAL
PROOF that Sundar Pichai is actually controlled by big pharma,FAKE
EXCLUSIVE: Boris Johnson secretly married to a royal family member according to insiders,FAKE
Sundar Pichai has been arrested by FBI for operating a Ponzi scheme worth billions,FAKE
New Study Proves mainstream media is tracking public health (Mainstream Media Ignores),FAKE
Rohit Sharma announces retirement after 20 year career,REAL
the UN Security Council meets with officials to discuss trade agreements regulations,REAL
Record temperatures reported across Southeast US during summer months,REAL
New Study Proves freemasons has been manipulating the middle class (Mainstream Media Ignores),FAKE
Wildfire containment reaches 80 percent in Eastern India after week-long effort,REAL
Local governments partner with the Supreme Court to combat food security issues,REAL
Barack Obama caught on hidden camera admitting to conspiracy against the United States,FAKE
Cristiano Ronaldo announces retirement after 12 year career,REAL
Supreme Court delivers ruling on NASA handling of artificial intelligence,REAL
the Chinese government signs bilateral agreement with partners on cybersecurity cooperation,REAL
CONFIRMED: the president secretly controls free speech According to Anonymous Sources,FAKE
Miracle Cure: How Bill Gates Used natural resources to poison the Impossible,FAKE
Government adds secret chemicals to elections that cause infertility,FAKE
Anonymous sources within WHO claim Taylor Swift has been silencing education,FAKE
This one trick by the CIA to reprogram microchips will blow your mind,FAKE
the Supreme Court scientists complete decade-long study on education funding effects,REAL
Kim Jong-un announces purchase of SpaceX for 500 billion dollars,FAKE
Currency to become worthless by this summer — insider warning,FAKE
You Won't Believe What scientists Just Did to children,FAKE
Engineers develop more efficient public health system at the Bank of England,REAL
REVEALED: Illuminati creates mind control devices in children,FAKE
Analysts upgrade JPMorgan stock following strong space exploration outlook,REAL
Your doctor won't tell you this simple trick to reverse diabetes,FAKE
JPMorgan shares rise 7% after strong quarterly earnings report,REAL
Lawmakers debate the European Union proposal to expand climate policy access,REAL
Aliens have landed their the water supply in central park and met secret societies,FAKE
EXPOSED: Big pharma suppresses natural cure using social media for infertility,FAKE
Investors weigh Amazon performance amid changing artificial intelligence landscape,REAL
Rohit Sharma announces retirement after 18 year career,REAL
Former employee reveals Snapchat has been has been poisoning customers for years,FAKE
"New legislation proposed to address food security concerns, says the European Union",REAL
World Cup qualifiers: India advances with victory over rivals,REAL
public health officials scientists complete decade-long study on renewable energy effects,REAL
New report from the IMF highlights gaps in space exploration funding,REAL
Secret Footage Shows the royals secretly controls the economy Behind Closed Doors,FAKE
congressional leaders publishes findings on healthcare reform after months of research,REAL
Survey shows public support for public health officials actions on education funding,REAL
Sources: Bill Gates to resign from all positions effective immediately,FAKE
Doctors HATE this: the internet can cure autism in just 3 days,FAKE
Data from global stock markets shows modest improvement in housing policy metrics,REAL
Your doctor won't tell you this simple trick to reverse paralysis,FAKE
This one trick by the World Economic Forum to control public health will blow your mind,FAKE
Committee formed to review the United Nations policies on quantum computing,REAL
Economists at the Department of Justice project steady growth in economic growth sector,REAL
Golden State Warriors signs Virat Kohli in record-breaking transfer deal,REAL
Major breakthrough in food security treatment announced at medical conference,REAL
"New legislation proposed to address water resources concerns, says the United Nations",REAL
Miracle Cure: How world leaders Used the middle class to manipulate the Impossible,FAKE
the Environmental Protection Agency publishes findings on renewable energy after months of research,REAL
Engineers develop more efficient infrastructure spending system at the Pentagon,REAL
China declares war on Japan in surprise midnight announcement,FAKE
Analysts upgrade Salesforce stock following strong ocean conservation outlook,REAL
Real Madrid signs Lewis Hamilton in record-breaking transfer deal,REAL
LEAKED emails reveal Tim Cook planned to censor children since 2018,FAKE
Election RIGGED: Millions of fake ballots found in New York warehouse,FAKE
Cristiano Ronaldo announces retirement after 18 year career,REAL
Currency to become worthless by next year — insider warning,FAKE
United Kingdom bans all the water supply starting next month — citizens outraged,FAKE
You Won't Believe What tech giants Just Did to social media,FAKE
Analysis: How the Department of Health's approach to food security compares globally,REAL
NASA spokesperson confirms housing policy review underway,REAL
Sources: Barack Obama to resign from all positions effective immediately,FAKE
AI-powered tool improves public health prediction accuracy by 40 percent,REAL
Officials from the UN Security Council outline steps to improve election security oversight,REAL
Analysts upgrade IBM stock following strong climate policy outlook,REAL
Meta CEO discusses future plans at annual shareholders meeting,REAL
Peace negotiations continue as researchers at MIT mediates global warming conflict,REAL
UN General Assembly adopts resolution on global water resources standards,REAL
Officials from the Bank of England outline steps to improve public transit oversight,REAL
The end is near: scientists triggers the food supply to eliminate humanity,FAKE
"New legislation proposed to address artificial intelligence concerns, says the Senate",REAL
New Study Proves globalists has been stealing the financial system (Mainstream Media Ignores),FAKE
The Elite Don't Want You to Know How freemasons has been lying about public health,FAKE
WARNING: democracy causes kidney failure — what shadow groups is hiding from you,FAKE
Analysis: How the Indian government's approach to quantum computing compares globally,REAL
Study finds inflation rates linked to changes in the World Health Organization behavior,REAL
Kanye West caught manipulating Tesla stock for personal gain,FAKE
Hospital workers confirm Sundar Pichai has only 3 months to live,FAKE
Currency to become worthless by this summer — insider warning,FAKE
Analysis: How the United Nations's approach to electric vehicles compares globally,REAL
"the Treasury Department spokesperson denies allegations, citing data privacy records",REAL
researchers at MIT holds press conference addressing public transit questions,REAL
JUST IN: Paris completely destroyed by massive EMP blast,FAKE
the World Health Organization publishes findings on data privacy after months of research,REAL
"New legislation proposed to address biodiversity concerns, says Oxford University",REAL
MUST READ: globalists is destroying democracy at Secret Meeting,FAKE
WAKE UP: the Pentagon Is is censoring cryptocurrency Right in Front of Your Eyes,FAKE
LEAKED emails reveal Tim Cook planned to bankrupt free speech since 2018,FAKE
Boeing to go bankrupt within weeks according to leaked documents,FAKE
Neeraj Chopra breaks world record at international cricket event,REAL
Study in Nature journal finds correlation between public health and health outcomes,REAL
They Don't Want You to Know: freemasons is orchestrating natural resources,FAKE
The Elite Don't Want You to Know How tech giants secretly controls microchips,FAKE
Joe Biden running secret public health operation from underground bunker,FAKE
BREAKING: North Korea is hiding the food supply — Government buries Truth,FAKE
AI-powered tool improves global warming prediction accuracy by 40 percent,REAL
Peace negotiations continue as global stock markets mediates healthcare reform conflict,REAL
economists budget proposal includes $X billion for data privacy programs,REAL
global stock markets signs bilateral agreement with partners on electric vehicles cooperation,REAL
Shadow government confirms plan to exploit all natural resources by end of year,FAKE
WAKE UP: the FBI Is is hiding the financial system Right in Front of Your Eyes,FAKE
SHOCKING: globalists has been stealing microchips While Media Stays Silent,FAKE
Aliens have landed their education in central park and met Illuminati,FAKE
congressional leaders scientists complete decade-long study on education funding effects,REAL
Germany bans all the economy starting next month — citizens outraged,FAKE
Australia bans all education starting next month — citizens outraged,FAKE
Scientists from Japan's parliament publish peer-reviewed economic growth study,REAL
They Don't Want You to Know: scientists is orchestrating the weather,FAKE
MUST READ: the CIA is orchestrating the middle class at Secret Meeting,FAKE
MUST READ: world leaders has been manipulating social media at Secret Meeting,FAKE
World Cup qualifiers: Argentina advances with victory over rivals,REAL
Aliens have landed their natural resources in central park and met freemasons,FAKE
the deep state is destroying DNA — Are You Prepared for What Comes Next?,FAKE
G20 leaders pledge increased funding for nuclear energy development,REAL
ALERT: the CIA Plans to reprogram Every the middle class by End of Year,FAKE
Barack Obama has been arrested by FBI for operating a Ponzi scheme worth billions,FAKE
New research links the middle class to 500% increase in cancer cases,FAKE
G20 leaders pledge increased funding for ocean conservation development,REAL
Deep State Caught is destroying elections While the FBI Looks the Other Way,FAKE
Celebrity endorses miracle natural resources treatment that cures memory loss,FAKE
the Department of Education releases new climate report showing space exploration trends,REAL
Barack Obama caught manipulating Samsung stock for personal gain,FAKE
federal officials announces new policy on election security following public feedback,REAL
Flood warnings issued for Southeast US as heavy rains continue,REAL
"Bill Gates tests positive for autism, rushed to hospital in critical condition",FAKE
Survey shows public support for Japan's parliament actions on inflation rates,REAL
Engineers develop more efficient artificial intelligence system at the Department of Health,REAL
Classified document reveals China plans to invade Russia,FAKE
the president secretly banned democracy — Are You Prepared for What Comes Next?,FAKE
Supreme Court delivers ruling on Japan's parliament handling of inflation rates,REAL
Google shares rise 4.2% after strong quarterly earnings report,REAL
Anonymous sources within NIH claim George Soros is replacing the middle class,FAKE
The end is near: the FBI triggers free speech to manipulate humanity,FAKE
Wildfire containment reaches 80 percent in Eastern India after week-long effort,REAL
Oxford University meets with officials to discuss trade agreements regulations,REAL
CONFIRMED: the CIA has been manipulating DNA According to Anonymous Sources,FAKE
Oprah Winfrey paid 100 billion dollars to cover up the data theft operation,FAKE
Classified document reveals Australia plans to invade China,FAKE
Viral video proves Bill Gates was lying about natural resources all along,FAKE
the Indian government releases annual transparency report on social security,REAL
New Study Proves the deep state has been silencing the economy (Mainstream Media Ignores),FAKE
PROOF that Tom Cruise is actually controlled by Russia,FAKE
the United Nations meets with officials to discuss inflation rates regulations,REAL
Analysts upgrade Salesforce stock following strong data privacy outlook,REAL
Sundar Pichai paid 50 billion dollars to cover up the pollution cover-up,FAKE
the Bank of England releases new climate report showing data privacy trends,REAL
IBM announces expansion into African with new product line,REAL
EXCLUSIVE: Joe Biden secretly married to Narendra Modi according to insiders,FAKE
Kim Jong-un announces purchase of Apple for 50 billion dollars,FAKE
Olympics committee announces Tokyo as host for upcoming games,REAL
CONFIRMED: the CIA is brainwashing microchips According to Anonymous Sources,FAKE
JUST IN: Houston completely destroyed by nuclear explosion,FAKE
Hurricane season forecast predicts above-average activity this year,REAL
Internal memo shows SpaceX knew about dangers but hid evidence,FAKE
Record temperatures reported across Southeast US during summer months,REAL
Shadow government confirms plan to track all the internet by end of year,FAKE
WARNING: children causes paralysis — what AI overlords is hiding from you,FAKE
the Chinese government releases annual transparency report on public health,REAL
Report: the Reserve Bank of India releases quarterly data on water resources,REAL
UN General Assembly adopts resolution on global cybersecurity standards,REAL
Analysts upgrade Google stock following strong healthcare reform outlook,REAL
Investors weigh Netflix performance amid changing inflation rates landscape,REAL
Major breakthrough in inflation rates treatment announced at medical conference,REAL
Diplomatic talks in Paris yield progress on national debt dispute,REAL
Election RIGGED: Millions of fake ballots found in Sydney warehouse,FAKE
Classified document reveals Turkey plans to invade France,FAKE
BREAKING: Paris airport shut down after Sundar Pichai causes bomb scare,FAKE
the royals has been spying on the weather — Are You Prepared for What Comes Next?,FAKE
Whistleblower Exposes How the FBI is orchestrating the water supply for Years,FAKE
Jeff Bezos announces purchase of Moderna for 500 billion dollars,FAKE
New report from the European Union highlights gaps in inflation rates funding,REAL
Salesforce and Tesla announce strategic partnership on ocean conservation,REAL
globalists is harvesting the internet and Nobody is Talking About It,FAKE
Economists at the Bank of England project steady growth in artificial intelligence sector,REAL
the IMF budget proposal includes $X billion for tax reform programs,REAL
New research links DNA to 500% increase in chronic fatigue cases,FAKE
Stanford researchers spokesperson confirms global warming review underway,REAL
Russia declares war on Pakistan in surprise midnight announcement,FAKE
Trade talks between global stock markets and partners focus on trade agreements tariffs,REAL
Hospital workers confirm Taylor Swift has only 6 months to live,FAKE
the government is censoring free speech and Nobody is Talking About It,FAKE
global stock markets announces new policy on economic growth following the latest quarterly review,REAL
G20 leaders pledge increased funding for immigration development,REAL
BANNED VIDEO: the CDC Admits to is suppressing natural resources,FAKE
Committee formed to review the Department of Health policies on tax reform,REAL
MUST READ: shadow groups is suppressing citizens at Secret Meeting,FAKE
Lionel Messi announces retirement after 18 year career,REAL
Former employee reveals Amazon has been has been funding customers for years,FAKE
the Senate announces new policy on nuclear energy following quarterly earnings reports,REAL
Olympics committee announces Los Angeles as host for upcoming games,REAL
Panel recommends federal officials take action on national debt by next quarter,REAL
the Department of Health budget proposal includes $X billion for data privacy programs,REAL
JUST IN: San Francisco completely destroyed by chemical weapon attack,FAKE
Major breakthrough in water resources treatment announced at medical conference,REAL
NASA releases new climate report showing economic growth trends,REAL
Researchers discover new approach to climate policy using advanced technology,REAL
CONFIRMED: Bill Gates has been funding the middle class According to Anonymous Sources,FAKE
Oxford University spokesperson confirms climate policy review underway,REAL
New satellite data provides insights into global public transit patterns,REAL
WAKE UP: reptilians Is is suppressing the financial system Right in Front of Your Eyes,FAKE
public health officials scientists complete decade-long study on ocean conservation effects,REAL
100% PROOF: the president Has Been is brainwashing free speech This Entire Time,FAKE
Scientists from the Environmental Protection Agency publish peer-reviewed defense spending study,REAL
New satellite data provides insights into global housing policy patterns,REAL
They Don't Want You to Know: Illuminati is harvesting cryptocurrency,FAKE
Neeraj Chopra breaks world record at international tennis event,REAL
New report from the Senate highlights gaps in ocean conservation funding,REAL
the Department of Justice scientists complete decade-long study on education funding effects,REAL
New report from Japan's parliament highlights gaps in biodiversity funding,REAL
the FDA signs bilateral agreement with partners on public health cooperation,REAL
Lawmakers debate the FDA proposal to expand food security access,REAL
Election RIGGED: Millions of fake ballots found in San Francisco warehouse,FAKE
the Environmental Protection Agency budget proposal includes $X billion for biodiversity programs,REAL
Your doctor won't tell you this simple trick to reverse chronic fatigue,FAKE
Trade talks between the Chinese government and partners focus on electric vehicles tariffs,REAL
Oprah Winfrey caught on hidden camera admitting to running an underground spy network,FAKE
REVEALED: elites creates mind control devices in citizens,FAKE
Shadow government confirms plan to exploit all vaccines by end of year,FAKE
the Department of Justice scientists complete decade-long study on election security effects,REAL
the Bank of England holds press conference addressing space exploration questions,REAL
Currency to become worthless by January 2026 — insider warning,FAKE
the Reserve Bank of India releases new climate report showing semiconductor production trends,REAL
Secret government plan to tax all social media by 200% revealed,FAKE
the government is harvesting microchips — This Changes EVERYTHING,FAKE
Scientists at MIT confirm aliens living among humans,FAKE
MUST READ: North Korea is brainwashing the internet at Secret Meeting,FAKE
Xi Jinping running secret the economy operation from underground bunker,FAKE
economists announces new policy on immigration following the fiscal year end,REAL
Officials from congressional leaders outline steps to improve healthcare reform oversight,REAL
100% PROOF: the World Economic Forum Has Been secretly banned DNA This Entire Time,FAKE
Anonymous sources within Area 51 claim Xi Jinping is deliberately causing the water supply,FAKE
Aliens have landed their the middle class in central park and met China,FAKE
LEAKED emails reveal Vladimir Putin planned to monitor citizens since 2018,FAKE
Former employee reveals Disney has been has been lying about customers for years,FAKE
Researchers discover new approach to data privacy using advanced technology,REAL
CONFIRMED: the FBI has been manipulating the water supply According to Anonymous Sources,FAKE
Narendra Modi has been arrested by FBI for secret human trafficking operations,FAKE
Officials confirm the Reserve Bank of India cooperation on trade agreements investigation,REAL
the Chinese government signs bilateral agreement with partners on economic growth cooperation,REAL
Internal memo shows Samsung knew about dangers but hid evidence,FAKE
ISRO scientists imposes sanctions in response to electric vehicles violations,REAL
Supreme Court delivers ruling on the Department of Education handling of infrastructure spending,REAL
the CIA secretly controls social media and Nobody is Talking About It,FAKE
Apple and Adobe announce strategic partnership on tax reform,REAL
You Won't Believe What Illuminati Just Did to public health,FAKE
the Pentagon budget proposal includes $X billion for semiconductor production programs,REAL
Secret Footage Shows mainstream media is destroying the food supply Behind Closed Doors,FAKE
Investors weigh Apple performance amid changing public transit landscape,REAL
SHOCKING: the CDC has been spying on social media While Media Stays Silent,FAKE
URGENT: Banks will freeze all accounts starting next month — withdraw now,FAKE
secret societies is suppressing the weather and Nobody is Talking About It,FAKE
Virat Kohli breaks world record at international swimming event,REAL
New Study Proves tech giants is orchestrating microchips (Mainstream Media Ignores),FAKE
Lawmakers debate the White House proposal to expand global warming access,REAL
Joe Biden caught on hidden camera admitting to bribing foreign officials,FAKE
Data from the Indian government shows modest improvement in nuclear energy metrics,REAL
Classified document reveals Pakistan plans to invade India,FAKE
Your doctor won't tell you this simple trick to reverse diabetes,FAKE
Supreme Court delivers ruling on the European Union handling of biodiversity,REAL
Bill Gates caught manipulating Amazon stock for personal gain,FAKE
Record temperatures reported across California during summer months,REAL
URGENT WARNING: shadow groups is harvesting public health — Share Before Deleted,FAKE
LEAKED: Internal Documents Prove the World Economic Forum is suppressing the middle class,FAKE
New satellite data provides insights into global education funding patterns,REAL
Secret government plan to tax all democracy by 200% revealed,FAKE
the royals is hiding the water supply — Are You Prepared for What Comes Next?,FAKE
the FDA signs bilateral agreement with partners on housing policy cooperation,REAL
Novak Djokovic breaks world record at international tennis event,REAL
"Taylor Swift tests positive for brain damage, rushed to hospital in critical condition",FAKE
Oxford University imposes sanctions in response to election security violations,REAL
UN General Assembly adopts resolution on global ocean conservation standards,REAL
"the Reserve Bank of India spokesperson denies allegations, citing semiconductor production records",REAL
ISRO scientists signs bilateral agreement with partners on food security cooperation,REAL
Researchers discover new approach to trade agreements using advanced technology,REAL
Experts at the IMF warn of challenges ahead for electric vehicles,REAL
Flood warnings issued for Mediterranean region as heavy rains continue,REAL
Secret Footage Shows the government secretly controls social media Behind Closed Doors,FAKE
Samsung CEO discusses future plans at annual shareholders meeting,REAL
Engineers develop more efficient healthcare reform system at public health officials,REAL
Oxford University releases new climate report showing global warming trends,REAL
Lionel Messi announces retirement after 12 year career,REAL
scientists has been silencing the internet and Nobody is Talking About It,FAKE
BREAKING: Dubai airport shut down after Barack Obama causes bomb scare,FAKE
New research links democracy to 500% increase in memory loss cases,FAKE
Record temperatures reported across Australia during summer months,REAL
Experts at federal officials warn of challenges ahead for data privacy,REAL
Viral video proves Kim Jong-un was lying about the middle class all along,FAKE
Hollywood Elites Furious After tech giants secretly controls DNA,FAKE
the European Union holds press conference addressing space exploration questions,REAL
AI-powered tool improves education funding prediction accuracy by 40 percent,REAL
Study finds renewable energy linked to changes in researchers at MIT behavior,REAL
PROOF that Kejriwal is actually controlled by the CIA,FAKE
Netflix to go bankrupt within weeks according to leaked documents,FAKE
Jeff Bezos secretly moves 75 billion dollars to offshore accounts,FAKE
Taylor Swift paid 100 billion dollars to cover up the bribery network,FAKE
International team maps inflation rates genome for first time,REAL
the Department of Health reports record numbers regarding defense spending in Q3,REAL
George Soros paid 10 billion euros to cover up the bribery network,FAKE
Doctors HATE this: the weather can cure diabetes in just 3 days,FAKE
Scientists at NASA confirm that Earth is actually flat,FAKE
EXPOSED: The Real Reason tech giants is brainwashing microchips,FAKE
"New legislation proposed to address electric vehicles concerns, says the UN Security Council",REAL
Record temperatures reported across Mediterranean region during summer months,REAL
North Korea declares war on Turkey in surprise midnight announcement,FAKE
New satellite data provides insights into global space exploration patterns,REAL
Stanford researchers spokesperson confirms election security review underway,REAL
Investors weigh Salesforce performance amid changing defense spending landscape,REAL
Russia is orchestrating microchips — Are You Prepared for What Comes Next?,FAKE
Shadow government confirms plan to weaponize all the water supply by end of year,FAKE
the Department of Health confirms timeline for data privacy implementation next year,REAL
Study in Nature journal finds correlation between water resources and health outcomes,REAL
Secret government plan to tax all natural resources by 200% revealed,FAKE
Experts at the United Nations warn of challenges ahead for ocean conservation,REAL
the Treasury Department releases annual transparency report on data privacy,REAL
Flood warnings issued for California as heavy rains continue,REAL
Diplomatic talks in Brisbane yield progress on economic growth dispute,REAL
They Don't Want You to Know: mainstream media is harvesting democracy,FAKE
Study in Nature journal finds correlation between biodiversity and health outcomes,REAL
Flood warnings issued for Mediterranean region as heavy rains continue,REAL
Scientists at Harvard confirm the moon is an artificial structure,FAKE
Walmart shares rise 6.3% after strong quarterly earnings report,REAL
economists holds press conference addressing public health questions,REAL
You Won't Believe What freemasons Just Did to the water supply,FAKE
Donald Trump caught manipulating Apple stock for personal gain,FAKE
the Pentagon to host international summit on cybersecurity next week,REAL
the Department of Justice releases annual transparency report on social security,REAL
International team maps nuclear energy genome for first time,REAL
Report: the Reserve Bank of India releases quarterly data on climate policy,REAL
Cisco reports revenue of $33 billion for fiscal year,REAL
Virat Kohli breaks world record at international tennis event,REAL
the Pentagon releases annual transparency report on ocean conservation,REAL
The end is near: reptilians triggers the water supply to destroy humanity,FAKE
Experts at the Federal Reserve warn of challenges ahead for data privacy,REAL
Engineers develop more efficient defense spending system at Oxford University,REAL
BREAKING: the government is harvesting free speech — Government hides Truth,FAKE
the Department of Health releases new climate report showing biodiversity trends,REAL
UN General Assembly adopts resolution on global quantum computing standards,REAL
the World Health Organization imposes sanctions in response to economic growth violations,REAL
the establishment has been spying on the middle class — Are You Prepared for What Comes Next?,FAKE
Berkshire Hathaway announces expansion into Japanese with new product line,REAL
Scientists finally admit DNA is the real cause of diabetes,FAKE
BREAKING: Illuminati is deliberately causing the water supply — Government buries Truth,FAKE
Study finds data privacy linked to changes in ISRO scientists behavior,REAL
URGENT WARNING: the FBI has been lying about the middle class — Share Before Deleted,FAKE
Currency to become worthless by January 2026 — insider warning,FAKE
the United Nations holds press conference addressing trade agreements questions,REAL
Viral video proves Tim Cook was lying about elections all along,FAKE
Committee formed to review the Environmental Protection Agency policies on education funding,REAL
the Pentagon reports record numbers regarding public health in Q3,REAL
Former employee reveals TikTok has been is harvesting customers for years,FAKE
Flood warnings issued for South Asia as heavy rains continue,REAL
G20 leaders pledge increased funding for economic growth development,REAL
Xi Jinping has been arrested by FBI for running an underground spy network,FAKE
Internal memo shows McDonald's knew about dangers but hid evidence,FAKE
Peace negotiations continue as the European Union mediates cybersecurity conflict,REAL
Doctors HATE this: the weather can cure brain damage in just 3 days,FAKE
the president secretly banned democracy — This Changes EVERYTHING,FAKE
Secret Footage Shows the president has been lying about DNA Behind Closed Doors,FAKE
Analysts upgrade Tesla stock following strong renewable energy outlook,REAL
Mark Zuckerberg caught manipulating Boeing stock for personal gain,FAKE
Bill Gates secretly moves 50 billion dollars to offshore accounts,FAKE
Hurricane season forecast predicts above-average activity this year,REAL
Economists at the White House project steady growth in climate policy sector,REAL
AI-powered tool improves nuclear energy prediction accuracy by 40 percent,REAL
New research links public health to 500% increase in autism cases,FAKE
Local governments partner with ISRO scientists to combat cybersecurity issues,REAL
Major breakthrough in food security treatment announced at medical conference,REAL
WAKE UP: Bill Gates Is is replacing the water supply Right in Front of Your Eyes,FAKE
Hurricane season forecast predicts above-average activity this year,REAL
the Treasury Department signs bilateral agreement with partners on quantum computing cooperation,REAL
New Study Proves the CIA is orchestrating the financial system (Mainstream Media Ignores),FAKE
BREAKING: Chicago airport shut down after Kejriwal causes bomb scare,FAKE
New research links vaccines to 500% increase in infertility cases,FAKE
Olympics committee announces Paris as host for upcoming games,REAL
Economists at the Department of Health project steady growth in infrastructure spending sector,REAL
Tim Cook caught on hidden camera admitting to operating a Ponzi scheme worth billions,FAKE
PROOF that Rahul Gandhi is actually controlled by the royals,FAKE
LEAKED: Internal Documents Prove the president has been stealing the financial system,FAKE
AI-powered tool improves public health prediction accuracy by 40 percent,REAL
100% PROOF: Russia Has Been has been stealing the financial system This Entire Time,FAKE
Officials from the European Union outline steps to improve climate policy oversight,REAL
PROOF that Xi Jinping is actually controlled by the government,FAKE
Engineers develop more efficient semiconductor production system at the Bank of England,REAL
Goldman Sachs launches new division focused on education funding innovation,REAL
Moderna to go bankrupt within weeks according to leaked documents,FAKE
Samsung stock crashes 90% after CEO Tim Cook confesses to massive fraud,FAKE
Scientists at CDC confirm aliens living among humans,FAKE
Barack Obama caught on hidden camera admitting to stealing classified government data,FAKE
"Oprah Winfrey tests positive for autism, rushed to hospital in critical condition",FAKE
the royals has been lying about microchips and Nobody is Talking About It,FAKE
100% PROOF: the CDC Has Been is brainwashing free speech This Entire Time,FAKE
BREAKING: world leaders is harvesting elections — Government ignores Truth,FAKE
Record temperatures reported across Southeast US during summer months,REAL
Xi Jinping caught on hidden camera admitting to conspiracy against the United States,FAKE
Hurricane season forecast predicts above-average activity this year,REAL
Government adds secret chemicals to the weather that cause diabetes,FAKE
WARNING: education causes cancer — what mainstream media is hiding from you,FAKE
LEAKED emails reveal Donald Trump planned to exploit free speech since 2018,FAKE
Mumbai Indians defeats Chennai Super Kings in closely contested championship match,REAL
Committee formed to review the World Health Organization policies on immigration,REAL
Study finds housing policy linked to changes in the Bank of England behavior,REAL
Apple reports revenue of $150 billion for fiscal year,REAL
MUST READ: scientists has been poisoning free speech at Secret Meeting,FAKE
Record temperatures reported across Mediterranean region during summer months,REAL
Scientists at CDC confirm gravity is not real,FAKE
Data from researchers at MIT shows modest improvement in space exploration metrics,REAL
You Won't Believe What the CDC Just Did to citizens,FAKE
Officials confirm federal officials cooperation on national debt investigation,REAL
Kanye West running secret the middle class operation from underground bunker,FAKE
Viral video proves Sundar Pichai was lying about children all along,FAKE
Whistleblower Exposes How the establishment has been spying on elections for Years,FAKE
Officials from researchers at MIT outline steps to improve infrastructure spending oversight,REAL
Los Angeles Lakers defeats Barcelona in closely contested championship match,REAL
Xi Jinping caught manipulating Tesla stock for personal gain,FAKE
the World Economic Forum has been spying on the weather and Nobody is Talking About It,FAKE
URGENT WARNING: freemasons has been funding the food supply — Share Before Deleted,FAKE
Major breakthrough in space exploration treatment announced at medical conference,REAL
Miracle Cure: How AI overlords Used the weather to monitor the Impossible,FAKE
Report: the European Union releases quarterly data on renewable energy,REAL
Mumbai Indians signs Serena Williams in record-breaking transfer deal,REAL
Chennai Super Kings signs Novak Djokovic in record-breaking transfer deal,REAL
JUST IN: London completely destroyed by massive EMP blast,FAKE
the Department of Justice publishes findings on biodiversity after months of research,REAL
Local governments partner with the Supreme Court to combat cybersecurity issues,REAL
Chennai Super Kings defeats Real Madrid in closely contested championship match,REAL
Government adds secret chemicals to natural resources that cause brain damage,FAKE
UN General Assembly adopts resolution on global electric vehicles standards,REAL
the Pentagon is replacing children — Are You Prepared for What Comes Next?,FAKE
Google to go bankrupt within weeks according to leaked documents,FAKE
Sources: Barack Obama to resign from all positions effective immediately,FAKE
WARNING: social media causes autism — what the establishment is hiding from you,FAKE
Your doctor won't tell you this simple trick to reverse cancer,FAKE
ALERT: the CDC Plans to censor Every the weather by End of Year,FAKE
The end is near: the World Economic Forum triggers the financial system to track humanity,FAKE
"Rahul Gandhi tests positive for heart disease, rushed to hospital in critical condition",FAKE
Goldman Sachs CEO discusses future plans at annual shareholders meeting,REAL
Scientists from economists publish peer-reviewed housing policy study,REAL
New Study Proves reptilians is replacing social media (Mainstream Media Ignores),FAKE
Panel recommends Stanford researchers take action on quantum computing by next quarter,REAL
REVEALED: AI overlords creates mind control devices in DNA,FAKE
MUST READ: the government is orchestrating the food supply at Secret Meeting,FAKE
the Treasury Department to host international summit on artificial intelligence next week,REAL
Election RIGGED: Millions of fake ballots found in Paris warehouse,FAKE
the Federal Reserve scientists complete decade-long study on trade agreements effects,REAL
EXPOSED: The Real Reason world leaders is deliberately causing the internet,FAKE
Netflix reports revenue of $28 billion for fiscal year,REAL
ALERT: the deep state Plans to suppress Every vaccines by End of Year,FAKE
PROOF that Oprah Winfrey is actually controlled by scientists,FAKE
Classified document reveals China plans to invade North Korea,FAKE
Amazon to go bankrupt within weeks according to leaked documents,FAKE
Election RIGGED: Millions of fake ballots found in Mumbai warehouse,FAKE
Flood warnings issued for California as heavy rains continue,REAL
World Cup qualifiers: Brazil advances with victory over rivals,REAL
researchers at MIT meets with officials to discuss public health regulations,REAL
global stock markets signs bilateral agreement with partners on biodiversity cooperation,REAL
congressional leaders spokesperson confirms biodiversity review underway,REAL
Olympics committee announces Tokyo as host for upcoming games,REAL
Study in Nature journal finds correlation between cybersecurity and health outcomes,REAL
Engineers develop more efficient defense spending system at federal officials,REAL
"New legislation proposed to address economic growth concerns, says the Department of Education",REAL
Facebook stock crashes 90% after CEO Tom Cruise confesses to massive fraud,FAKE
Former employee reveals Amazon has been is replacing customers for years,FAKE
Analysis: How the United Nations's approach to electric vehicles compares globally,REAL
ALERT: the CDC Plans to control Every the food supply by End of Year,FAKE
New Study Proves the royals has been poisoning free speech (Mainstream Media Ignores),FAKE
Analysis: How the Bank of England's approach to social security compares globally,REAL
Election RIGGED: Millions of fake ballots found in New York warehouse,FAKE
the CIA admits they are building a matrix to reprogram the middle class,FAKE
Local governments partner with the Reserve Bank of India to combat public health issues,REAL
WARNING: natural resources causes diabetes — what mainstream media is hiding from you,FAKE
Panel recommends the Environmental Protection Agency take action on inflation rates by next quarter,REAL
Trade talks between researchers at MIT and partners focus on election security tariffs,REAL
Officials confirm researchers at MIT cooperation on election security investigation,REAL
Kim Jong-un caught manipulating Intel stock for personal gain,FAKE
Serena Williams breaks world record at international tennis event,REAL
New research links DNA to 500% increase in kidney failure cases,FAKE
EXPOSED: The Real Reason secret societies is replacing cryptocurrency,FAKE
Officials confirm the Environmental Protection Agency cooperation on national debt investigation,REAL
World Cup qualifiers: India advances with victory over rivals,REAL
G20 leaders pledge increased funding for artificial intelligence development,REAL
Walmart CEO discusses future plans at annual shareholders meeting,REAL
The end is near: globalists triggers free speech to censor humanity,FAKE
George Soros secretly moves 200 million dollars to offshore accounts,FAKE
The Elite Don't Want You to Know How the CDC has been stealing microchips,FAKE
"New legislation proposed to address defense spending concerns, says the FDA",REAL
SHOCKING: China is replacing the middle class While Media Stays Silent,FAKE
the president secretly controls cryptocurrency — This Changes EVERYTHING,FAKE
Lewis Hamilton announces retirement after 20 year career,REAL
BREAKING: reptilians is brainwashing education — Government ignores Truth,FAKE
"Bill Gates tests positive for cancer, rushed to hospital in critical condition",FAKE
Election RIGGED: Millions of fake ballots found in Beijing warehouse,FAKE
CONFIRMED: freemasons has been manipulating social media According to Anonymous Sources,FAKE
the Bank of England publishes findings on data privacy after months of research,REAL
Berkshire Hathaway shares rise 2.5% after strong quarterly earnings report,REAL
Engineers develop more efficient renewable energy system at the Environmental Protection Agency,REAL
Hurricane season forecast predicts above-average activity this year,REAL
Oprah Winfrey caught manipulating Facebook stock for personal gain,FAKE
New satellite data provides insights into global defense spending patterns,REAL
LEAKED emails reveal Taylor Swift planned to monitor democracy since 2018,FAKE
New research links DNA to 500% increase in memory loss cases,FAKE
Scientists at Pentagon confirm humans can live to 500 with this secret pill,FAKE
Japan declares war on Pakistan in surprise midnight announcement,FAKE
the United Nations and international partners cooperate on national debt initiative,REAL
Global markets react to congressional leaders decision on space exploration policy changes,REAL
Celebrity endorses miracle children treatment that cures autism,FAKE
BREAKING: Paris airport shut down after Kim Jong-un causes bomb scare,FAKE
Analysts upgrade Meta stock following strong social security outlook,REAL
Viral video proves Warren Buffett was lying about elections all along,FAKE
Walmart and Samsung announce strategic partnership on space exploration,REAL
"the Environmental Protection Agency spokesperson denies allegations, citing ocean conservation records",REAL
Samsung to go bankrupt within weeks according to leaked documents,FAKE
Doctors HATE this: citizens can cure heart disease in just 3 days,FAKE
global stock markets imposes sanctions in response to defense spending violations,REAL
the White House publishes findings on infrastructure spending after months of research,REAL
Oxford University publishes findings on election security after months of research,REAL
New report from global stock markets highlights gaps in semiconductor production funding,REAL
This one trick by tech giants to eliminate vaccines will blow your mind,FAKE
Survey shows public support for Japan's parliament actions on social security,REAL
the royals is censoring the water supply — This Changes EVERYTHING,FAKE
Deep State Caught has been poisoning the financial system While world leaders Looks the Other Way,FAKE
G20 leaders pledge increased funding for biodiversity development,REAL
Serena Williams announces retirement after 12 year career,REAL
"New legislation proposed to address global warming concerns, says congressional leaders",REAL
"Rahul Gandhi tests positive for diabetes, rushed to hospital in critical condition",FAKE
Doctors HATE this: free speech can cure brain damage in just 3 days,FAKE
BANNED VIDEO: the Pentagon Admits to is hiding the economy,FAKE
China is tracking microchips — Are You Prepared for What Comes Next?,FAKE
Disney CEO discusses future plans at annual shareholders meeting,REAL
LEAKED emails reveal Sundar Pichai planned to bankrupt public health since 2018,FAKE
Novak Djokovic breaks world record at international athletics event,REAL
the Environmental Protection Agency confirms timeline for artificial intelligence implementation next year,REAL
Berkshire Hathaway announces expansion into Southeast Asia with new product line,REAL
New research links natural resources to 500% increase in heart disease cases,FAKE
Miracle Cure: How China Used social media to bankrupt the Impossible,FAKE
Hillary Clinton has been arrested by FBI for illegally manipulating stock markets,FAKE
the European Union signs bilateral agreement with partners on renewable energy cooperation,REAL
mainstream media has been lying about DNA and Nobody is Talking About It,FAKE
SHOCKING: the deep state secretly controls natural resources While Media Stays Silent,FAKE
the White House reports record numbers regarding immigration in Q3,REAL
Analysis: How the United Nations's approach to inflation rates compares globally,REAL
Shadow government confirms plan to bankrupt all the internet by end of year,FAKE
Hospital workers confirm Barack Obama has only days to live,FAKE
Doctors HATE this: the economy can cure cancer in just 3 days,FAKE
WARNING: the food supply causes memory loss — what globalists is hiding from you,FAKE
Turkey declares war on China in surprise midnight announcement,FAKE
AI-powered tool improves nuclear energy prediction accuracy by 40 percent,REAL
Salesforce reports revenue of $85 billion for fiscal year,REAL
"New legislation proposed to address immigration concerns, says the Reserve Bank of India",REAL
SHOCKING: Russia is deliberately causing public health While Media Stays Silent,FAKE
Researchers discover new approach to national debt using advanced technology,REAL
Currency to become worthless by this summer — insider warning,FAKE
Engineers develop more efficient global warming system at the Bank of England,REAL
mainstream media secretly banned the financial system and Nobody is Talking About It,FAKE
"the Department of Health spokesperson denies allegations, citing immigration records",REAL
WARNING: democracy causes cancer — what China is hiding from you,FAKE
Los Angeles Lakers signs Virat Kohli in record-breaking transfer deal,REAL
100% PROOF: billionaires Has Been is brainwashing the internet This Entire Time,FAKE
Oxford University scientists complete decade-long study on infrastructure spending effects,REAL
EXCLUSIVE: Joe Biden secretly married to Amit Shah according to insiders,FAKE
Tim Cook secretly moves 1 trillion dollars to offshore accounts,FAKE
the World Health Organization reports record numbers regarding climate policy in Q3,REAL
Snapchat to go bankrupt within weeks according to leaked documents,FAKE
EXPOSED: The Real Reason the president is brainwashing elections,FAKE
BANNED VIDEO: world leaders Admits to is hiding the internet,FAKE
Wildfire containment reaches 80 percent in Southeast US after week-long effort,REAL
Scientists finally admit microchips is the real cause of cancer,FAKE
Scientists from the FDA publish peer-reviewed tax reform study,REAL
United Kingdom bans all DNA starting next month — citizens outraged,FAKE
LEAKED: Internal Documents Prove freemasons is orchestrating education,FAKE
Classified document reveals Brazil plans to invade China,FAKE
Secret Footage Shows the Pentagon is orchestrating the middle class Behind Closed Doors,FAKE
Analysts upgrade Google stock following strong space exploration outlook,REAL
the Bank of England holds press conference addressing trade agreements questions,REAL
Analysts upgrade Intel stock following strong water resources outlook,REAL
Donald Trump has been arrested by FBI for hacking government databases,FAKE
Manchester City defeats Los Angeles Lakers in closely contested championship match,REAL
LEAKED: Internal Documents Prove the royals is replacing social media,FAKE
Doctors HATE this: public health can cure infertility in just 3 days,FAKE
Oxford University releases annual transparency report on food security,REAL
CENSORED: The Truth About How scientists is suppressing natural resources,FAKE
Aliens have landed their the middle class in central park and met tech giants,FAKE
Lawmakers debate the Environmental Protection Agency proposal to expand tax reform access,REAL
congressional leaders publishes findings on election security after months of research,REAL
Miracle Cure: How the CDC Used democracy to control the Impossible,FAKE
Global markets react to the European Union decision on healthcare reform policy changes,REAL
The Elite Don't Want You to Know How reptilians is orchestrating public health,FAKE
WAKE UP: tech giants Is has been poisoning vaccines Right in Front of Your Eyes,FAKE
LEAKED emails reveal Elon Musk planned to manipulate vaccines since 2018,FAKE
Doctors HATE this: the internet can cure diabetes in just 3 days,FAKE
MUST READ: shadow groups has been spying on the internet at Secret Meeting,FAKE
Study finds housing policy linked to changes in global stock markets behavior,REAL
Officials from the Department of Justice outline steps to improve cybersecurity oversight,REAL
Hillary Clinton found dead in mysterious circumstances at private estate,FAKE
Internal memo shows Twitter knew about dangers but hid evidence,FAKE
Sources: Sundar Pichai to resign from all positions effective immediately,FAKE
Tesla stock crashes 90% after CEO Rahul Gandhi confesses to massive fraud,FAKE
Cristiano Ronaldo announces retirement after 18 year career,REAL
Analysts upgrade IBM stock following strong electric vehicles outlook,REAL
Anonymous sources within NIH claim Elon Musk has been poisoning the economy,FAKE
NASA announces new policy on infrastructure spending following the annual review,REAL
ISRO scientists imposes sanctions in response to public transit violations,REAL
Doctors HATE this: social media can cure heart disease in just 3 days,FAKE
WAKE UP: billionaires Is has been lying about elections Right in Front of Your Eyes,FAKE
URGENT WARNING: secret societies is tracking microchips — Share Before Deleted,FAKE
Officials from congressional leaders outline steps to improve housing policy oversight,REAL
Hollywood Elites Furious After reptilians has been silencing the middle class,FAKE
UN General Assembly adopts resolution on global infrastructure spending standards,REAL
Tom Cruise secretly moves 100 billion dollars to offshore accounts,FAKE
Wildfire containment reaches 80 percent in South Asia after week-long effort,REAL
This one trick by billionaires to reprogram vaccines will blow your mind,FAKE
the Department of Health to host international summit on housing policy next week,REAL
Shadow government confirms plan to reprogram all vaccines by end of year,FAKE
the Supreme Court confirms timeline for healthcare reform implementation next year,REAL
Wildfire containment reaches 80 percent in California after week-long effort,REAL
Scientists from the Federal Reserve publish peer-reviewed food security study,REAL
Celebrity endorses miracle cryptocurrency treatment that cures infertility,FAKE
New Study Proves secret societies is suppressing microchips (Mainstream Media Ignores),FAKE
Global markets react to researchers at MIT decision on nuclear energy policy changes,REAL
Sources: George Soros to resign from all positions effective immediately,FAKE
PROOF that Mark Zuckerberg is actually controlled by reptilians,FAKE
New report from the Department of Health highlights gaps in water resources funding,REAL
Analysis: How Oxford University's approach to healthcare reform compares globally,REAL
100% PROOF: shadow groups Has Been has been lying about the financial system This Entire Time,FAKE
BANNED VIDEO: secret societies Admits to is harvesting the middle class,FAKE
France bans all citizens starting next month — citizens outraged,FAKE
Doctors HATE this: microchips can cure infertility in just 3 days,FAKE
Investors weigh Berkshire Hathaway performance amid changing nuclear energy landscape,REAL
Olympics committee announces Tokyo as host for upcoming games,REAL
the Bank of England signs bilateral agreement with partners on global warming cooperation,REAL
Flood warnings issued for Eastern India as heavy rains continue,REAL
Global markets react to the United Nations decision on infrastructure spending policy changes,REAL
Engineers develop more efficient data privacy system at the IMF,REAL
EXPOSED: The Real Reason China has been stealing DNA,FAKE
This one trick by the Pentagon to eliminate democracy will blow your mind,FAKE
Kejriwal has been arrested by FBI for operating a Ponzi scheme worth billions,FAKE
the Reserve Bank of India confirms timeline for social security implementation next year,REAL
the Supreme Court holds press conference addressing economic growth questions,REAL
International team maps healthcare reform genome for first time,REAL
JUST IN: London completely destroyed by volcanic eruption,FAKE
UN General Assembly adopts resolution on global immigration standards,REAL
The Elite Don't Want You to Know How shadow groups has been lying about children,FAKE
Narendra Modi announces purchase of Samsung for 500 billion dollars,FAKE
Analysis: How federal officials's approach to cybersecurity compares globally,REAL
The Elite Don't Want You to Know How tech giants is destroying the middle class,FAKE
Government adds secret chemicals to microchips that cause cancer,FAKE
Hurricane season forecast predicts above-average activity this year,REAL
Hurricane season forecast predicts above-average activity this year,REAL
Local governments partner with researchers at MIT to combat healthcare reform issues,REAL
Twitter stock crashes 90% after CEO Boris Johnson confesses to massive fraud,FAKE
They Don't Want You to Know: world leaders is brainwashing natural resources,FAKE
IBM announces expansion into Latin American with new product line,REAL
Salesforce reports revenue of $120 billion for fiscal year,REAL
Former employee reveals Snapchat has been is replacing customers for years,FAKE
International team maps public transit genome for first time,REAL
Scientists finally admit natural resources is the real cause of chronic fatigue,FAKE
New research links the weather to 500% increase in diabetes cases,FAKE
Engineers develop more efficient healthcare reform system at the IMF,REAL
Secret government plan to tax all free speech by 200% revealed,FAKE
Investors weigh Microsoft performance amid changing semiconductor production landscape,REAL
NASA announces new policy on defense spending following bipartisan discussions,REAL
the Department of Education announces new policy on public health following the fiscal year end,REAL
Whistleblower Exposes How the royals has been stealing children for Years,FAKE
Doctors HATE this: democracy can cure cancer in just 3 days,FAKE
elites secretly controls natural resources — Are You Prepared for What Comes Next?,FAKE
You Won't Believe What the deep state Just Did to DNA,FAKE
Bayern Munich defeats Real Madrid in closely contested championship match,REAL
G20 leaders pledge increased funding for election security development,REAL
Aliens have landed their microchips in central park and met the establishment,FAKE
"Narendra Modi tests positive for diabetes, rushed to hospital in critical condition",FAKE
Classified document reveals Saudi Arabia plans to invade Saudi Arabia,FAKE
Peace negotiations continue as the Department of Health mediates social security conflict,REAL
economists scientists complete decade-long study on economic growth effects,REAL
LEAKED: Internal Documents Prove freemasons is hiding vaccines,FAKE
CONFIRMED: AI overlords is hiding the food supply According to Anonymous Sources,FAKE
CONFIRMED: billionaires is deliberately causing social media According to Anonymous Sources,FAKE
Sources: Mark Zuckerberg to resign from all positions effective immediately,FAKE
the UN Security Council holds press conference addressing global warming questions,REAL
Olympics committee announces Brisbane as host for upcoming games,REAL
JPMorgan reports revenue of $67 billion for fiscal year,REAL
Currency to become worthless by next year — insider warning,FAKE
Olympics committee announces Brisbane as host for upcoming games,REAL
the government admits they are building a matrix to reprogram cryptocurrency,FAKE
Data from the Bank of England shows modest improvement in food security metrics,REAL
Top Doctor Reveals: the CDC Can brainwash Your natural resources Overnight,FAKE
Deep State Caught is tracking the food supply While North Korea Looks the Other Way,FAKE
LEAKED emails reveal Amit Shah planned to bankrupt elections since 2018,FAKE
Chennai Super Kings signs Cristiano Ronaldo in record-breaking transfer deal,REAL
Global markets react to the Senate decision on electric vehicles policy changes,REAL
the government is destroying microchips and Nobody is Talking About It,FAKE
Secret Footage Shows freemasons is harvesting elections Behind Closed Doors,FAKE
WARNING: the financial system causes chronic fatigue — what globalists is hiding from you,FAKE
Study finds global warming linked to changes in the Bank of England behavior,REAL
Doctors HATE this: elections can cure paralysis in just 3 days,FAKE
the Supreme Court signs bilateral agreement with partners on semiconductor production cooperation,REAL
New report from the Department of Education highlights gaps in semiconductor production funding,REAL
Taylor Swift secretly moves 500 billion dollars to offshore accounts,FAKE
Deep State Caught is hiding the financial system While mainstream media Looks the Other Way,FAKE
Government adds secret chemicals to the financial system that cause brain damage,FAKE
G20 leaders pledge increased funding for housing policy development,REAL
"New legislation proposed to address biodiversity concerns, says the Senate",REAL
Experts at the Department of Education warn of challenges ahead for renewable energy,REAL
EXCLUSIVE: Kejriwal secretly married to Kim Jong-un according to insiders,FAKE
CENSORED: The Truth About How the deep state has been manipulating free speech,FAKE
Scientists at Area 51 confirm humans can live to 500 with this secret pill,FAKE
Liverpool signs Virat Kohli in record-breaking transfer deal,REAL
UN General Assembly adopts resolution on global electric vehicles standards,REAL
EXCLUSIVE: Boris Johnson secretly married to Hillary Clinton according to insiders,FAKE
Major breakthrough in cybersecurity treatment announced at medical conference,REAL
Meta launches new division focused on inflation rates innovation,REAL
Samsung launches new division focused on tax reform innovation,REAL
New Study Proves big pharma has been spying on elections (Mainstream Media Ignores),FAKE
Viral video proves Bill Gates was lying about free speech all along,FAKE
Former employee reveals Boeing has been has been spying on customers for years,FAKE
"Tim Cook tests positive for brain damage, rushed to hospital in critical condition",FAKE
Record temperatures reported across Western Europe during summer months,REAL
global stock markets holds press conference addressing election security questions,REAL
"Sundar Pichai tests positive for brain damage, rushed to hospital in critical condition",FAKE
Salesforce reports revenue of $45 billion for fiscal year,REAL
Deep State Caught has been manipulating DNA While the World Economic Forum Looks the Other Way,FAKE
Major breakthrough in artificial intelligence treatment announced at medical conference,REAL
the Federal Reserve to host international summit on biodiversity next week,REAL
Viral video proves Kim Jong-un was lying about the internet all along,FAKE
Intel and Meta announce strategic partnership on national debt,REAL
Your doctor won't tell you this simple trick to reverse cancer,FAKE
the government admits they are building a matrix to reprogram the food supply,FAKE
Officials confirm the Treasury Department cooperation on public transit investigation,REAL
Adobe reports revenue of $200 billion for fiscal year,REAL
Local governments partner with global stock markets to combat public health issues,REAL
LEAKED: Internal Documents Prove billionaires is censoring children,FAKE
Classified document reveals Germany plans to invade Japan,FAKE
Report: the Supreme Court releases quarterly data on social security,REAL
UN General Assembly adopts resolution on global immigration standards,REAL
Committee formed to review researchers at MIT policies on ocean conservation,REAL
Doctors HATE this: children can cure chronic fatigue in just 3 days,FAKE
federal officials releases annual transparency report on election security,REAL
You Won't Believe What reptilians Just Did to free speech,FAKE
the Department of Health publishes findings on nuclear energy after months of research,REAL
Narendra Modi running secret the internet operation from underground bunker,FAKE
the FBI is replacing elections — Are You Prepared for What Comes Next?,FAKE
WARNING: elections causes autism — what shadow groups is hiding from you,FAKE
Committee formed to review the European Union policies on public health,REAL
WAKE UP: Illuminati Is has been spying on education Right in Front of Your Eyes,FAKE
New satellite data provides insights into global ocean conservation patterns,REAL
Internal memo shows SpaceX knew about dangers but hid evidence,FAKE
the Chinese government signs bilateral agreement with partners on defense spending cooperation,REAL
Economists at the Department of Education project steady growth in infrastructure spending sector,REAL
Analysis: How the IMF's approach to inflation rates compares globally,REAL
Hollywood Elites Furious After elites has been manipulating the financial system,FAKE
Doctors HATE this: natural resources can cure infertility in just 3 days,FAKE
Scientists finally admit free speech is the real cause of paralysis,FAKE
Scientists from the Federal Reserve publish peer-reviewed public health study,REAL
India declares war on India in surprise midnight announcement,FAKE
This one trick by North Korea to exploit the internet will blow your mind,FAKE
Hollywood Elites Furious After the government is harvesting citizens,FAKE
Classified document reveals Germany plans to invade India,FAKE
Toyota announces expansion into African with new product line,REAL
New York Yankees signs Lionel Messi in record-breaking transfer deal,REAL
federal officials confirms timeline for quantum computing implementation next year,REAL
Hillary Clinton has been arrested by FBI for operating a Ponzi scheme worth billions,FAKE
WARNING: free speech causes infertility — what shadow groups is hiding from you,FAKE
Shadow government confirms plan to weaponize all the weather by end of year,FAKE
"economists spokesperson denies allegations, citing electric vehicles records",REAL
LeBron James announces retirement after 15 year career,REAL
BREAKING: elites is replacing the middle class — Government covers up Truth,FAKE
100% PROOF: world leaders Has Been secretly banned the water supply This Entire Time,FAKE
Your doctor won't tell you this simple trick to reverse brain damage,FAKE
United States declares war on United Kingdom in surprise midnight announcement,FAKE
Lawmakers debate the Chinese government proposal to expand artificial intelligence access,REAL
Hollywood Elites Furious After world leaders has been stealing the economy,FAKE
Former employee reveals Pfizer has been has been manipulating customers for years,FAKE
Global markets react to the Department of Education decision on semiconductor production policy changes,REAL
UN General Assembly adopts resolution on global public health standards,REAL
Analysts upgrade Goldman Sachs stock following strong biodiversity outlook,REAL
Sources: Warren Buffett to resign from all positions effective immediately,FAKE
Internal memo shows TikTok knew about dangers but hid evidence,FAKE
the Pentagon releases new climate report showing quantum computing trends,REAL
Miracle Cure: How mainstream media Used children to censor the Impossible,FAKE
Amit Shah paid 200 million dollars to cover up the data theft operation,FAKE
LEAKED emails reveal Tim Cook planned to control DNA since 2018,FAKE
Experts at NASA warn of challenges ahead for tax reform,REAL
Bill Gates admits they are building a matrix to reprogram the weather,FAKE
Amit Shah caught on hidden camera admitting to selling state secrets to enemies,FAKE
Currency to become worthless by January 2026 — insider warning,FAKE
BREAKING: freemasons is brainwashing the water supply — Government buries Truth,FAKE
the FDA signs bilateral agreement with partners on electric vehicles cooperation,REAL
Local governments partner with the Department of Health to combat biodiversity issues,REAL
Global markets react to the Chinese government decision on education funding policy changes,REAL
Investors weigh Nvidia performance amid changing healthcare reform landscape,REAL
Mark Zuckerberg secretly moves 2 trillion dollars to offshore accounts,FAKE
Panel recommends the World Health Organization take action on nuclear energy by next quarter,REAL
Goldman Sachs and Walmart announce strategic partnership on cybersecurity,REAL
EXPOSED: Big pharma suppresses natural cure using DNA for chronic fatigue,FAKE
Hurricane season forecast predicts above-average activity this year,REAL
REVEALED: freemasons creates mind control devices in citizens,FAKE
Sources: Barack Obama to resign from all positions effective immediately,FAKE
BREAKING: tech giants has been silencing social media — Government ignores Truth,FAKE
globalists is deliberately causing citizens — Are You Prepared for What Comes Next?,FAKE
Shadow government confirms plan to suppress all microchips by end of year,FAKE
Hospital workers confirm Kim Jong-un has only 3 months to live,FAKE
the Department of Health signs bilateral agreement with partners on public transit cooperation,REAL
the Indian government holds press conference addressing inflation rates questions,REAL
Celebrity endorses miracle citizens treatment that cures heart disease,FAKE
Election RIGGED: Millions of fake ballots found in Sydney warehouse,FAKE
the Department of Health meets with officials to discuss semiconductor production regulations,REAL
Study in Nature journal finds correlation between election security and health outcomes,REAL
Netflix stock crashes 90% after CEO Boris Johnson confesses to massive fraud,FAKE
Record temperatures reported across Mediterranean region during summer months,REAL
PROOF that Boris Johnson is actually controlled by the CDC,FAKE
Tom Cruise found dead in mysterious circumstances at private estate,FAKE
G20 leaders pledge increased funding for tax reform development,REAL
big pharma secretly controls the water supply — This Changes EVERYTHING,FAKE
Panel recommends Stanford researchers take action on cybersecurity by next quarter,REAL
Deep State Caught is destroying children While Bill Gates Looks the Other Way,FAKE
Whistleblower Exposes How China is censoring microchips for Years,FAKE
Kylian Mbappe announces retirement after 20 year career,REAL
economists scientists complete decade-long study on social security effects,REAL
Tom Cruise caught on hidden camera admitting to bribing foreign officials,FAKE
the Pentagon and international partners cooperate on biodiversity initiative,REAL
Rohit Sharma breaks world record at international football event,REAL
Currency to become worthless by this summer — insider warning,FAKE
URGENT: Banks will freeze all accounts starting next year — withdraw now,FAKE
Former employee reveals McDonald's has been secretly banned customers for years,FAKE
The Elite Don't Want You to Know How billionaires secretly controls the water supply,FAKE
EXCLUSIVE: Warren Buffett secretly married to Jeff Bezos according to insiders,FAKE
Report: the Reserve Bank of India releases quarterly data on defense spending,REAL
Netflix shares rise 7% after strong quarterly earnings report,REAL
the Supreme Court releases annual transparency report on cybersecurity,REAL
the Environmental Protection Agency signs bilateral agreement with partners on defense spending cooperation,REAL
Olympics committee announces Paris as host for upcoming games,REAL
UN General Assembly adopts resolution on global renewable energy standards,REAL
"New legislation proposed to address climate policy concerns, says NASA",REAL
Anonymous sources within Harvard claim Kim Jong-un is censoring social media,FAKE
WARNING: natural resources causes infertility — what the Pentagon is hiding from you,FAKE
the Environmental Protection Agency budget proposal includes $X billion for biodiversity programs,REAL
JUST IN: New York completely destroyed by massive earthquake,FAKE
reptilians is brainwashing social media and Nobody is Talking About It,FAKE
World Cup qualifiers: Brazil advances with victory over rivals,REAL
Peace negotiations continue as the Department of Health mediates national debt conflict,REAL
UN General Assembly adopts resolution on global trade agreements standards,REAL
Panel recommends the UN Security Council take action on semiconductor production by next quarter,REAL
They Don't Want You to Know: the establishment is replacing natural resources,FAKE
Olympics committee announces Los Angeles as host for upcoming games,REAL
Shadow government confirms plan to suppress all social media by end of year,FAKE
NASA spokesperson confirms food security review underway,REAL
Olympics committee announces Tokyo as host for upcoming games,REAL
Toyota reports revenue of $120 billion for fiscal year,REAL
BREAKING: Sydney airport shut down after Taylor Swift causes bomb scare,FAKE
URGENT WARNING: elites secretly banned free speech — Share Before Deleted,FAKE
Scientists finally admit natural resources is the real cause of blindness,FAKE
Aliens have landed their democracy in central park and met the Pentagon,FAKE
Wildfire containment reaches 80 percent in Western Europe after week-long effort,REAL
Local governments partner with the Senate to combat defense spending issues,REAL
UN General Assembly adopts resolution on global healthcare reform standards,REAL
Hollywood Elites Furious After the CIA has been funding the water supply,FAKE
Stanford researchers releases annual transparency report on ocean conservation,REAL
the White House imposes sanctions in response to artificial intelligence violations,REAL
EXCLUSIVE: Joe Biden secretly married to a Hollywood producer according to insiders,FAKE
Anonymous sources within MIT claim Kejriwal is orchestrating microchips,FAKE
Officials from researchers at MIT outline steps to improve defense spending oversight,REAL
Flood warnings issued for Southeast US as heavy rains continue,REAL
Classified document reveals United Kingdom plans to invade Germany,FAKE
Donald Trump paid 100 billion dollars to cover up the pollution cover-up,FAKE
Peace negotiations continue as Oxford University mediates inflation rates conflict,REAL
TikTok stock crashes 90% after CEO Taylor Swift confesses to massive fraud,FAKE
BREAKING: the royals has been spying on the middle class — Government buries Truth,FAKE
LeBron James breaks world record at international football event,REAL
WAKE UP: reptilians Is is orchestrating free speech Right in Front of Your Eyes,FAKE
NASA confirms timeline for nuclear energy implementation next year,REAL
Panel recommends Stanford researchers take action on public transit by next quarter,REAL
Walmart launches new division focused on quantum computing innovation,REAL
Top Doctor Reveals: AI overlords Can exploit Your democracy Overnight,FAKE
North Korea admits they are building a matrix to track natural resources,FAKE
Trade talks between the IMF and partners focus on social security tariffs,REAL
Peace negotiations continue as Oxford University mediates nuclear energy conflict,REAL
secret societies has been manipulating the water supply — This Changes EVERYTHING,FAKE
Oxford University budget proposal includes $X billion for ocean conservation programs,REAL
BREAKING: Houston airport shut down after Elon Musk causes bomb scare,FAKE
Internal memo shows Facebook knew about dangers but hid evidence,FAKE
100% PROOF: the deep state Has Been is replacing DNA This Entire Time,FAKE
the Chinese government announces new policy on public health following expert consultations,REAL
MUST READ: China is censoring social media at Secret Meeting,FAKE
Japan's parliament releases new climate report showing trade agreements trends,REAL
New Study Proves China secretly banned the economy (Mainstream Media Ignores),FAKE
Samsung launches new division focused on semiconductor production innovation,REAL
New research links social media to 500% increase in kidney failure cases,FAKE
Celebrity endorses miracle social media treatment that cures blindness,FAKE
LEAKED emails reveal Tim Cook planned to weaponize the weather since 2018,FAKE
Barcelona signs Neeraj Chopra in record-breaking transfer deal,REAL
the White House holds press conference addressing housing policy questions,REAL
Survey shows public support for Japan's parliament actions on quantum computing,REAL
Celebrity endorses miracle the financial system treatment that cures diabetes,FAKE
Election RIGGED: Millions of fake ballots found in Moscow warehouse,FAKE
Hospital workers confirm Vladimir Putin has only 6 months to live,FAKE
Facebook stock crashes 90% after CEO Sundar Pichai confesses to massive fraud,FAKE
the CDC is harvesting education and Nobody is Talking About It,FAKE
Anonymous sources within CIA claim Taylor Swift is tracking free speech,FAKE
Whistleblower Exposes How China secretly banned the financial system for Years,FAKE
Record temperatures reported across South Asia during summer months,REAL
Analysts upgrade Intel stock following strong global warming outlook,REAL
Local governments partner with the FDA to combat artificial intelligence issues,REAL
the FDA imposes sanctions in response to water resources violations,REAL
Secret government plan to tax all children by 200% revealed,FAKE
Survey shows public support for the Chinese government actions on quantum computing,REAL
Experts at the IMF warn of challenges ahead for national debt,REAL
the Department of Justice holds press conference addressing biodiversity questions,REAL
Donald Trump found dead in mysterious circumstances at private estate,FAKE
Scientists finally admit free speech is the real cause of heart disease,FAKE
Committee formed to review global stock markets policies on data privacy,REAL
Sources: Boris Johnson to resign from all positions effective immediately,FAKE
ISRO scientists signs bilateral agreement with partners on climate policy cooperation,REAL
the FDA signs bilateral agreement with partners on quantum computing cooperation,REAL
Hospital workers confirm Barack Obama has only 3 months to live,FAKE
Experts at the Department of Health warn of challenges ahead for infrastructure spending,REAL
Mark Zuckerberg has been arrested by FBI for hacking government databases,FAKE
Former employee reveals Snapchat has been has been poisoning customers for years,FAKE
New research links children to 500% increase in paralysis cases,FAKE
Oxford University and international partners cooperate on food security initiative,REAL
the Department of Health releases annual transparency report on water resources,REAL
Olympics committee announces Tokyo as host for upcoming games,REAL
Hurricane season forecast predicts above-average activity this year,REAL
Amazon announces expansion into Japanese with new product line,REAL
Flood warnings issued for Western Europe as heavy rains continue,REAL
World Cup qualifiers: France advances with victory over rivals,REAL
Investors weigh Meta performance amid changing inflation rates landscape,REAL
Classified document reveals United States plans to invade Japan,FAKE
Investors weigh Meta performance amid changing electric vehicles landscape,REAL
world leaders admits they are building a matrix to poison the weather,FAKE
Viral video proves Kim Jong-un was lying about microchips all along,FAKE
G20 leaders pledge increased funding for quantum computing development,REAL
Officials from the Chinese government outline steps to improve renewable energy oversight,REAL
Deep State Caught is censoring the financial system While North Korea Looks the Other Way,FAKE
Sundar Pichai secretly moves 200 million dollars to offshore accounts,FAKE
Whistleblower Exposes How the FBI secretly controls vaccines for Years,FAKE
Officials confirm economists cooperation on electric vehicles investigation,REAL
Election RIGGED: Millions of fake ballots found in Moscow warehouse,FAKE
Mumbai Indians defeats New York Yankees in closely contested championship match,REAL
the Chinese government releases new climate report showing trade agreements trends,REAL
AI-powered tool improves data privacy prediction accuracy by 40 percent,REAL
Amit Shah caught manipulating Tesla stock for personal gain,FAKE
Doctors HATE this: citizens can cure chronic fatigue in just 3 days,FAKE
LEAKED emails reveal Tom Cruise planned to weaponize the internet since 2018,FAKE
BREAKING: billionaires has been lying about cryptocurrency — Government buries Truth,FAKE
Sundar Pichai paid 500 billion dollars to cover up the child labor scandal,FAKE
Officials confirm Japan's parliament cooperation on electric vehicles investigation,REAL
public health officials scientists complete decade-long study on immigration effects,REAL
PROOF that Xi Jinping is actually controlled by the royals,FAKE
Hospital workers confirm Sundar Pichai has only days to live,FAKE
the Treasury Department signs bilateral agreement with partners on immigration cooperation,REAL
Scientists finally admit children is the real cause of cancer,FAKE
Australia declares war on Germany in surprise midnight announcement,FAKE
Flood warnings issued for Mediterranean region as heavy rains continue,REAL
the Department of Health scientists complete decade-long study on artificial intelligence effects,REAL
Xi Jinping announces purchase of Intel for 500 billion dollars,FAKE
Major breakthrough in biodiversity treatment announced at medical conference,REAL
World Cup qualifiers: India advances with victory over rivals,REAL
Narendra Modi secretly moves 500 billion dollars to offshore accounts,FAKE
Anonymous sources within Harvard claim Elon Musk has been manipulating vaccines,FAKE
Wildfire containment reaches 80 percent in Eastern India after week-long effort,REAL
Bill Gates running secret free speech operation from underground bunker,FAKE
MUST READ: reptilians secretly controls democracy at Secret Meeting,FAKE
BANNED VIDEO: scientists Admits to has been stealing children,FAKE
LEAKED emails reveal Rahul Gandhi planned to monitor elections since 2018,FAKE
Economists at the Pentagon project steady growth in national debt sector,REAL
Whistleblower Exposes How the Pentagon has been manipulating free speech for Years,FAKE
the World Health Organization releases new climate report showing food security trends,REAL
Amit Shah paid 10 billion euros to cover up the bribery network,FAKE
Amit Shah caught on hidden camera admitting to running an underground spy network,FAKE
Olympics committee announces Milan as host for upcoming games,REAL
the government has been funding elections — This Changes EVERYTHING,FAKE
SHOCKING: shadow groups secretly controls children While Media Stays Silent,FAKE
researchers at MIT announces new policy on global warming following the latest audit,REAL
Top Doctor Reveals: the FBI Can erase Your DNA Overnight,FAKE
Viral video proves Sundar Pichai was lying about citizens all along,FAKE
G20 leaders pledge increased funding for defense spending development,REAL
the Treasury Department to host international summit on artificial intelligence next week,REAL
Russia declares war on Brazil in surprise midnight announcement,FAKE
Samsung shares rise 1.8% after strong quarterly earnings report,REAL
Barack Obama paid 300 million dollars to cover up the election manipulation scheme,FAKE
WARNING: microchips causes chronic fatigue — what big pharma is hiding from you,FAKE
Cisco and Meta announce strategic partnership on public health,REAL
CONFIRMED: the royals is suppressing the financial system According to Anonymous Sources,FAKE
Government adds secret chemicals to DNA that cause paralysis,FAKE
Diplomatic talks in Brisbane yield progress on food security dispute,REAL
Doctors HATE this: citizens can cure blindness in just 3 days,FAKE
Officials confirm the Senate cooperation on tax reform investigation,REAL
Oxford University budget proposal includes $X billion for water resources programs,REAL
the Senate holds press conference addressing education funding questions,REAL
BANNED VIDEO: the FBI Admits to has been stealing children,FAKE
Diplomatic talks in Los Angeles yield progress on public health dispute,REAL
WAKE UP: tech giants Is secretly controls the middle class Right in Front of Your Eyes,FAKE
Peace negotiations continue as the World Health Organization mediates space exploration conflict,REAL
Analysts upgrade Intel stock following strong public transit outlook,REAL
WAKE UP: scientists Is is replacing education Right in Front of Your Eyes,FAKE
Samsung launches new division focused on food security innovation,REAL
Major breakthrough in artificial intelligence treatment announced at medical conference,REAL
Boris Johnson secretly moves 2 trillion dollars to offshore accounts,FAKE
World Cup qualifiers: Brazil advances with victory over rivals,REAL
Tesla and Salesforce announce strategic partnership on infrastructure spending,REAL
EXPOSED: The Real Reason world leaders has been poisoning the food supply,FAKE
the Supreme Court imposes sanctions in response to social security violations,REAL
the Federal Reserve confirms timeline for trade agreements implementation next year,REAL
The Elite Don't Want You to Know How the deep state is tracking the weather,FAKE
Currency to become worthless by next year — insider warning,FAKE
Warren Buffett paid 100 billion dollars to cover up the financial fraud,FAKE
public health officials announces new policy on trade agreements following international negotiations,REAL
JUST IN: Los Angeles completely destroyed by nuclear explosion,FAKE
Scientists at WHO confirm aliens living among humans,FAKE
Data from Japan's parliament shows modest improvement in quantum computing metrics,REAL
Analysts upgrade Cisco stock following strong infrastructure spending outlook,REAL
Currency to become worthless by next month — insider warning,FAKE
Record temperatures reported across Eastern India during summer months,REAL
TikTok to go bankrupt within weeks according to leaked documents,FAKE
Brazil bans all democracy starting next month — citizens outraged,FAKE
Russia is brainwashing the middle class — This Changes EVERYTHING,FAKE
Scientists from the FDA publish peer-reviewed climate policy study,REAL
economists budget proposal includes $X billion for healthcare reform programs,REAL
Study finds tax reform linked to changes in researchers at MIT behavior,REAL
AI-powered tool improves economic growth prediction accuracy by 40 percent,REAL
Sources: Tim Cook to resign from all positions effective immediately,FAKE
Classified document reveals Russia plans to invade Saudi Arabia,FAKE
Survey shows public support for ISRO scientists actions on semiconductor production,REAL
EXCLUSIVE: Hillary Clinton secretly married to Sundar Pichai according to insiders,FAKE
Russia declares war on Saudi Arabia in surprise midnight announcement,FAKE
Record temperatures reported across California during summer months,REAL
PROOF that Amit Shah is actually controlled by reptilians,FAKE
The Elite Don't Want You to Know How billionaires is harvesting the food supply,FAKE
EXPOSED: Big pharma suppresses natural cure using the food supply for infertility,FAKE
Internal memo shows Disney knew about dangers but hid evidence,FAKE
Celebrity endorses miracle vaccines treatment that cures paralysis,FAKE
Aliens have landed their the economy in central park and met secret societies,FAKE
Report: the United Nations releases quarterly data on nuclear energy,REAL
Record temperatures reported across Western Europe during summer months,REAL
the World Health Organization and international partners cooperate on ocean conservation initiative,REAL
Apple to go bankrupt within weeks according to leaked documents,FAKE
Experts at public health officials warn of challenges ahead for public health,REAL
ISRO scientists reports record numbers regarding data privacy in Q3,REAL
SHOCKING: the Pentagon has been lying about the financial system While Media Stays Silent,FAKE
Flood warnings issued for South Asia as heavy rains continue,REAL
New Study Proves tech giants has been poisoning the water supply (Mainstream Media Ignores),FAKE
Hurricane season forecast predicts above-average activity this year,REAL
Narendra Modi announces purchase of Disney for 75 billion dollars,FAKE
Viral video proves Donald Trump was lying about the financial system all along,FAKE
MUST READ: the CDC is suppressing natural resources at Secret Meeting,FAKE
New satellite data provides insights into global immigration patterns,REAL
the World Health Organization holds press conference addressing infrastructure spending questions,REAL
Kanye West caught manipulating Apple stock for personal gain,FAKE
BREAKING: the CIA is brainwashing children — Government hides Truth,FAKE
New Study Proves the World Economic Forum is tracking vaccines (Mainstream Media Ignores),FAKE
Hospital workers confirm Kejriwal has only 3 months to live,FAKE
EXCLUSIVE: Bill Gates secretly married to a foreign intelligence agent according to insiders,FAKE
the IMF announces new policy on renewable energy following last month's summit,REAL
Analysts upgrade Disney stock following strong economic growth outlook,REAL
LeBron James breaks world record at international athletics event,REAL
Shadow government confirms plan to control all public health by end of year,FAKE
Elon Musk running secret DNA operation from underground bunker,FAKE
the Reserve Bank of India spokesperson confirms global warming review underway,REAL
Hospital workers confirm Jeff Bezos has only 3 months to live,FAKE
the UN Security Council signs bilateral agreement with partners on renewable energy cooperation,REAL
They Don't Want You to Know: the World Economic Forum is hiding cryptocurrency,FAKE
Hollywood Elites Furious After China is deliberately causing the financial system,FAKE
Analysis: How the Supreme Court's approach to public health compares globally,REAL
BREAKING: Los Angeles airport shut down after Narendra Modi causes bomb scare,FAKE
Study finds trade agreements linked to changes in Japan's parliament behavior,REAL
LeBron James announces retirement after 18 year career,REAL
Lawmakers debate researchers at MIT proposal to expand nuclear energy access,REAL
Major breakthrough in economic growth treatment announced at medical conference,REAL
Oxford University confirms timeline for nuclear energy implementation next year,REAL
Olympics committee announces Milan as host for upcoming games,REAL
This one trick by AI overlords to exploit children will blow your mind,FAKE
G20 leaders pledge increased funding for trade agreements development,REAL
Aliens have landed their DNA in central park and met mainstream media,FAKE
BREAKING: Chicago airport shut down after Tom Cruise causes bomb scare,FAKE
Deep State Caught is harvesting the weather While big pharma Looks the Other Way,FAKE
Survey shows public support for the Chinese government actions on data privacy,REAL
Aliens have landed their the weather in central park and met the president,FAKE
researchers at MIT spokesperson confirms food security review underway,REAL
Record temperatures reported across California during summer months,REAL
Scientists finally admit the weather is the real cause of chronic fatigue,FAKE
Lawmakers debate Japan's parliament proposal to expand data privacy access,REAL
George Soros has been arrested by FBI for running an underground spy network,FAKE
BREAKING: billionaires is orchestrating DNA — Government covers up Truth,FAKE
the Treasury Department reports record numbers regarding tax reform in Q3,REAL
Russia bans all natural resources starting next month — citizens outraged,FAKE
Hollywood Elites Furious After Russia has been spying on elections,FAKE
MUST READ: China has been spying on education at Secret Meeting,FAKE
Real Madrid signs Rohit Sharma in record-breaking transfer deal,REAL
Report: the Federal Reserve releases quarterly data on public transit,REAL
BREAKING: tech giants secretly banned free speech — Government covers up Truth,FAKE
Viral video proves Boris Johnson was lying about the internet all along,FAKE
Viral video proves Rahul Gandhi was lying about the economy all along,FAKE
Taylor Swift announces purchase of Snapchat for 1 trillion dollars,FAKE
LEAKED: Internal Documents Prove North Korea is suppressing microchips,FAKE
Facebook stock crashes 90% after CEO Tom Cruise confesses to massive fraud,FAKE
EXCLUSIVE: Taylor Swift secretly married to an alien diplomat according to insiders,FAKE
EXCLUSIVE: Bill Gates secretly married to Kim Jong-un according to insiders,FAKE
the World Health Organization and international partners cooperate on healthcare reform initiative,REAL
Iran bans all the financial system starting next month — citizens outraged,FAKE
Hurricane season forecast predicts above-average activity this year,REAL
the Department of Justice imposes sanctions in response to tax reform violations,REAL
WAKE UP: the CDC Is has been poisoning social media Right in Front of Your Eyes,FAKE
You Won't Believe What Bill Gates Just Did to vaccines,FAKE
International team maps semiconductor production genome for first time,REAL
G20 leaders pledge increased funding for data privacy development,REAL
REVEALED: the FBI creates mind control devices in DNA,FAKE
public health officials spokesperson confirms water resources review underway,REAL
Panel recommends global stock markets take action on election security by next quarter,REAL
world leaders has been poisoning natural resources and Nobody is Talking About It,FAKE
Survey shows public support for the Supreme Court actions on trade agreements,REAL
the European Union holds press conference addressing climate policy questions,REAL
Netflix and Nvidia announce strategic partnership on nuclear energy,REAL
100% PROOF: world leaders Has Been has been funding the economy This Entire Time,FAKE
Major breakthrough in space exploration treatment announced at medical conference,REAL
Viral video proves Kanye West was lying about children all along,FAKE
BREAKING: Beijing airport shut down after Tom Cruise causes bomb scare,FAKE
LEAKED: Internal Documents Prove the Pentagon is brainwashing the internet,FAKE
the Supreme Court and international partners cooperate on education funding initiative,REAL
the European Union imposes sanctions in response to tax reform violations,REAL
URGENT WARNING: the CDC is orchestrating DNA — Share Before Deleted,FAKE
New satellite data provides insights into global public health patterns,REAL
Deep State Caught has been spying on public health While the World Economic Forum Looks the Other Way,FAKE
China bans all citizens starting next month — citizens outraged,FAKE
Jeff Bezos has been arrested by FBI for stealing classified government data,FAKE
URGENT: Banks will freeze all accounts starting January 2026 — withdraw now,FAKE
Rahul Gandhi caught manipulating Tesla stock for personal gain,FAKE
Wildfire containment reaches 80 percent in Mediterranean region after week-long effort,REAL
Hurricane season forecast predicts above-average activity this year,REAL
100% PROOF: Bill Gates Has Been is hiding education This Entire Time,FAKE
WAKE UP: the World Economic Forum Is has been spying on public health Right in Front of Your Eyes,FAKE
Sources: Narendra Modi to resign from all positions effective immediately,FAKE
the Bank of England signs bilateral agreement with partners on electric vehicles cooperation,REAL
New report from the White House highlights gaps in ocean conservation funding,REAL
Currency to become worthless by next year — insider warning,FAKE
Microsoft to go bankrupt within weeks according to leaked documents,FAKE
reptilians is deliberately causing cryptocurrency — This Changes EVERYTHING,FAKE
Mumbai Indians signs Neeraj Chopra in record-breaking transfer deal,REAL
Committee formed to review the Federal Reserve policies on healthcare reform,REAL
SpaceX to go bankrupt within weeks according to leaked documents,FAKE
Lawmakers debate the FDA proposal to expand cybersecurity access,REAL
LEAKED: Internal Documents Prove secret societies is replacing public health,FAKE
the Environmental Protection Agency publishes findings on quantum computing after months of research,REAL
Olympics committee announces Brisbane as host for upcoming games,REAL
Researchers discover new approach to housing policy using advanced technology,REAL
WAKE UP: the deep state Is is orchestrating the economy Right in Front of Your Eyes,FAKE
MUST READ: China has been spying on education at Secret Meeting,FAKE
WAKE UP: scientists Is is tracking public health Right in Front of Your Eyes,FAKE
the Bank of England reports record numbers regarding global warming in Q3,REAL
New Study Proves the World Economic Forum has been silencing democracy (Mainstream Media Ignores),FAKE
Uber stock crashes 90% after CEO Narendra Modi confesses to massive fraud,FAKE
Supreme Court delivers ruling on the United Nations handling of tax reform,REAL
Experts at the Bank of England warn of challenges ahead for inflation rates,REAL
Liverpool defeats Golden State Warriors in closely contested championship match,REAL
Shadow government confirms plan to bankrupt all the internet by end of year,FAKE
"Hillary Clinton tests positive for memory loss, rushed to hospital in critical condition",FAKE
Trade talks between the European Union and partners focus on economic growth tariffs,REAL
the Environmental Protection Agency publishes findings on ocean conservation after months of research,REAL
CONFIRMED: the royals has been manipulating elections According to Anonymous Sources,FAKE
Shadow government confirms plan to exploit all public health by end of year,FAKE
Scientists from the Department of Health publish peer-reviewed national debt study,REAL
Diplomatic talks in Los Angeles yield progress on electric vehicles dispute,REAL
100% PROOF: the World Economic Forum Has Been is destroying microchips This Entire Time,FAKE
UN General Assembly adopts resolution on global artificial intelligence standards,REAL
Panel recommends the Department of Health take action on food security by next quarter,REAL
ISRO scientists confirms timeline for food security implementation next year,REAL
Flood warnings issued for Eastern India as heavy rains continue,REAL
Rohit Sharma breaks world record at international tennis event,REAL
International team maps national debt genome for first time,REAL
Diplomatic talks in Milan yield progress on quantum computing dispute,REAL
Panel recommends the IMF take action on quantum computing by next quarter,REAL
the Pentagon is deliberately causing cryptocurrency and Nobody is Talking About It,FAKE
Deep State Caught has been manipulating citizens While the CDC Looks the Other Way,FAKE
Olympics committee announces Los Angeles as host for upcoming games,REAL
Internal memo shows Boeing knew about dangers but hid evidence,FAKE
Analysis: How the United Nations's approach to election security compares globally,REAL
Mark Zuckerberg announces purchase of Uber for 75 billion dollars,FAKE
The end is near: North Korea triggers DNA to destroy humanity,FAKE
the Treasury Department reports record numbers regarding food security in Q3,REAL
EXCLUSIVE: Kanye West secretly married to Amit Shah according to insiders,FAKE
100% PROOF: Bill Gates Has Been secretly banned the food supply This Entire Time,FAKE
Flood warnings issued for California as heavy rains continue,REAL
ALERT: Illuminati Plans to brainwash Every the food supply by End of Year,FAKE
BREAKING: Tokyo airport shut down after Rahul Gandhi causes bomb scare,FAKE
Oxford University releases new climate report showing quantum computing trends,REAL
Apple and JPMorgan announce strategic partnership on renewable energy,REAL
the Pentagon and international partners cooperate on food security initiative,REAL
Olympics committee announces Tokyo as host for upcoming games,REAL
New satellite data provides insights into global election security patterns,REAL
MUST READ: scientists has been funding the financial system at Secret Meeting,FAKE
CENSORED: The Truth About How globalists secretly banned the food supply,FAKE
EXCLUSIVE: Warren Buffett secretly married to Tom Cruise according to insiders,FAKE
ISRO scientists holds press conference addressing immigration questions,REAL
Peace negotiations continue as the UN Security Council mediates public transit conflict,REAL
Panel recommends the Department of Education take action on cybersecurity by next quarter,REAL
Secret Footage Shows the government secretly controls the financial system Behind Closed Doors,FAKE
elites is suppressing elections and Nobody is Talking About It,FAKE
The end is near: the CDC triggers elections to erase humanity,FAKE
BANNED VIDEO: elites Admits to is hiding citizens,FAKE
Amazon announces expansion into Indian with new product line,REAL
Netflix announces expansion into African with new product line,REAL
SHOCKING: Bill Gates is orchestrating education While Media Stays Silent,FAKE
Chennai Super Kings signs Neeraj Chopra in record-breaking transfer deal,REAL
WAKE UP: elites Is has been funding the water supply Right in Front of Your Eyes,FAKE
the Department of Education announces new policy on food security following international negotiations,REAL
Deep State Caught has been stealing vaccines While Illuminati Looks the Other Way,FAKE
Tim Cook has been arrested by FBI for bribing foreign officials,FAKE
PROOF that Jeff Bezos is actually controlled by the deep state,FAKE
Hospital workers confirm Oprah Winfrey has only 6 months to live,FAKE
New report from the UN Security Council highlights gaps in tax reform funding,REAL
MUST READ: globalists has been silencing microchips at Secret Meeting,FAKE
Netflix shares rise 8% after strong quarterly earnings report,REAL
Xi Jinping running secret free speech operation from underground bunker,FAKE
SHOCKING: the president has been spying on cryptocurrency While Media Stays Silent,FAKE
Neeraj Chopra announces retirement after 12 year career,REAL
Local governments partner with the UN Security Council to combat defense spending issues,REAL
CENSORED: The Truth About How Illuminati has been stealing the economy,FAKE
Secret government plan to tax all the economy by 200% revealed,FAKE
PROOF that George Soros is actually controlled by the World Economic Forum,FAKE
the establishment is brainwashing social media and Nobody is Talking About It,FAKE
Facebook to go bankrupt within weeks according to leaked documents,FAKE
"New legislation proposed to address economic growth concerns, says the Department of Justice",REAL
the FBI has been manipulating the internet — Are You Prepared for What Comes Next?,FAKE
LEAKED: Internal Documents Prove billionaires is replacing microchips,FAKE
New research links natural resources to 500% increase in cancer cases,FAKE
the Bank of England and international partners cooperate on housing policy initiative,REAL
Currency to become worthless by next year — insider warning,FAKE
Analysts upgrade Nvidia stock following strong trade agreements outlook,REAL
Record temperatures reported across Western Europe during summer months,REAL
"Elon Musk tests positive for brain damage, rushed to hospital in critical condition",FAKE
Survey shows public support for the Chinese government actions on electric vehicles,REAL
Meta CEO discusses future plans at annual shareholders meeting,REAL
Study in Nature journal finds correlation between data privacy and health outcomes,REAL
Lawmakers debate Oxford University proposal to expand global warming access,REAL
Hospital workers confirm Kim Jong-un has only weeks to live,FAKE
WARNING: natural resources causes chronic fatigue — what freemasons is hiding from you,FAKE
Moderna stock crashes 90% after CEO Xi Jinping confesses to massive fraud,FAKE
Flood warnings issued for Western Europe as heavy rains continue,REAL
Vladimir Putin found dead in mysterious circumstances at private estate,FAKE
CENSORED: The Truth About How the World Economic Forum is censoring public health,FAKE
ALERT: Illuminati Plans to track Every the middle class by End of Year,FAKE
IBM CEO discusses future plans at annual shareholders meeting,REAL
the Federal Reserve imposes sanctions in response to renewable energy violations,REAL
CENSORED: The Truth About How globalists has been funding the financial system,FAKE
BANNED VIDEO: Illuminati Admits to is censoring the food supply,FAKE
Survey shows public support for the Department of Education actions on education funding,REAL
Data from the Department of Health shows modest improvement in data privacy metrics,REAL
Saudi Arabia bans all social media starting next month — citizens outraged,FAKE
Viral video proves Vladimir Putin was lying about the economy all along,FAKE
REVEALED: the deep state creates mind control devices in the internet,FAKE
Experts at the United Nations warn of challenges ahead for education funding,REAL
Data from ISRO scientists shows modest improvement in national debt metrics,REAL
Local governments partner with the Senate to combat biodiversity issues,REAL
Salesforce reports revenue of $45 billion for fiscal year,REAL
You Won't Believe What world leaders Just Did to citizens,FAKE
Major breakthrough in electric vehicles treatment announced at medical conference,REAL
Currency to become worthless by next month — insider warning,FAKE
Committee formed to review Oxford University policies on social security,REAL
Report: ISRO scientists releases quarterly data on public health,REAL
New report from the European Union highlights gaps in inflation rates funding,REAL
billionaires is suppressing the middle class — This Changes EVERYTHING,FAKE
Investors weigh Tesla performance amid changing trade agreements landscape,REAL
Kylian Mbappe breaks world record at international tennis event,REAL
Olympics committee announces Brisbane as host for upcoming games,REAL
Turkey declares war on Iran in surprise midnight announcement,FAKE
You Won't Believe What globalists Just Did to the food supply,FAKE
Doctors HATE this: social media can cure memory loss in just 3 days,FAKE
New report from the Chinese government highlights gaps in nuclear energy funding,REAL
BREAKING: San Francisco airport shut down after Barack Obama causes bomb scare,FAKE
Deep State Caught is censoring the weather While the FBI Looks the Other Way,FAKE
Aliens have landed their the food supply in central park and met reptilians,FAKE
the royals admits they are building a matrix to bankrupt natural resources,FAKE
This one trick by China to erase the middle class will blow your mind,FAKE
REVEALED: Russia creates mind control devices in DNA,FAKE
Panel recommends the Senate take action on electric vehicles by next quarter,REAL
Shadow government confirms plan to weaponize all natural resources by end of year,FAKE
Aliens have landed their education in central park and met AI overlords,FAKE
AI-powered tool improves healthcare reform prediction accuracy by 40 percent,REAL
Global markets react to the Bank of England decision on education funding policy changes,REAL
United States declares war on Russia in surprise midnight announcement,FAKE
Chennai Super Kings signs Virat Kohli in record-breaking transfer deal,REAL
Analysts upgrade Goldman Sachs stock following strong infrastructure spending outlook,REAL
Flood warnings issued for Western Europe as heavy rains continue,REAL
World Cup qualifiers: Argentina advances with victory over rivals,REAL
the establishment is hiding the water supply — This Changes EVERYTHING,FAKE
the Department of Justice budget proposal includes $X billion for defense spending programs,REAL
Scientists finally admit vaccines is the real cause of cancer,FAKE
Viral video proves Narendra Modi was lying about the economy all along,FAKE
Sources: Donald Trump to resign from all positions effective immediately,FAKE
Investors weigh Disney performance amid changing cybersecurity landscape,REAL
the Pentagon imposes sanctions in response to ocean conservation violations,REAL
Manchester City defeats Golden State Warriors in closely contested championship match,REAL
Secret government plan to tax all social media by 200% revealed,FAKE
LEAKED: Internal Documents Prove billionaires has been stealing the weather,FAKE
EXPOSED: Big pharma suppresses natural cure using citizens for heart disease,FAKE
the CDC has been stealing the internet and Nobody is Talking About It,FAKE
the FDA to host international summit on tax reform next week,REAL
Olympics committee announces Los Angeles as host for upcoming games,REAL
BREAKING: Sydney airport shut down after Mark Zuckerberg causes bomb scare,FAKE
Intel stock crashes 90% after CEO Rahul Gandhi confesses to massive fraud,FAKE
Salesforce shares rise 1.8% after strong quarterly earnings report,REAL
They Don't Want You to Know: elites has been poisoning education,FAKE
WAKE UP: billionaires Is has been poisoning public health Right in Front of Your Eyes,FAKE
BREAKING: Dubai airport shut down after Taylor Swift causes bomb scare,FAKE
Panel recommends the Bank of England take action on nuclear energy by next quarter,REAL
ISRO scientists reports record numbers regarding semiconductor production in Q3,REAL
Your doctor won't tell you this simple trick to reverse autism,FAKE
scientists is deliberately causing public health — Are You Prepared for What Comes Next?,FAKE
Apple stock crashes 90% after CEO Xi Jinping confesses to massive fraud,FAKE
Supreme Court delivers ruling on the Reserve Bank of India handling of electric vehicles,REAL
New report from the White House highlights gaps in artificial intelligence funding,REAL
Celebrity endorses miracle social media treatment that cures diabetes,FAKE
Peace negotiations continue as the Federal Reserve mediates tax reform conflict,REAL
Oxford University scientists complete decade-long study on infrastructure spending effects,REAL
Trade talks between the Environmental Protection Agency and partners focus on global warming tariffs,REAL
Hurricane season forecast predicts above-average activity this year,REAL
World Cup qualifiers: Argentina advances with victory over rivals,REAL
Japan's parliament publishes findings on artificial intelligence after months of research,REAL
Scientists finally admit public health is the real cause of diabetes,FAKE
the Chinese government announces new policy on ocean conservation following last month's summit,REAL
New report from researchers at MIT highlights gaps in healthcare reform funding,REAL
Researchers discover new approach to global warming using advanced technology,REAL
SHOCKING: the deep state is suppressing the economy While Media Stays Silent,FAKE
CONFIRMED: the CDC has been spying on cryptocurrency According to Anonymous Sources,FAKE
SHOCKING: shadow groups is censoring the water supply While Media Stays Silent,FAKE
Officials from global stock markets outline steps to improve quantum computing oversight,REAL
Viral video proves Elon Musk was lying about the financial system all along,FAKE
the Senate releases new climate report showing healthcare reform trends,REAL
Tom Cruise caught manipulating McDonald's stock for personal gain,FAKE
the World Health Organization confirms timeline for social security implementation next year,REAL
Officials confirm Stanford researchers cooperation on data privacy investigation,REAL
the Department of Justice budget proposal includes $X billion for renewable energy programs,REAL
Data from the Indian government shows modest improvement in biodiversity metrics,REAL
"Xi Jinping tests positive for cancer, rushed to hospital in critical condition",FAKE
federal officials reports record numbers regarding climate policy in Q3,REAL
New satellite data provides insights into global electric vehicles patterns,REAL
Analysts upgrade Salesforce stock following strong inflation rates outlook,REAL
Turkey bans all free speech starting next month — citizens outraged,FAKE
Survey shows public support for Oxford University actions on ocean conservation,REAL
freemasons has been silencing the internet — This Changes EVERYTHING,FAKE
BANNED VIDEO: the president Admits to is censoring elections,FAKE
Nvidia launches new division focused on national debt innovation,REAL
mainstream media admits they are building a matrix to eliminate cryptocurrency,FAKE
Usain Bolt breaks world record at international swimming event,REAL
Bill Gates paid 100 billion dollars to cover up the bribery network,FAKE
Panel recommends federal officials take action on tax reform by next quarter,REAL
ALERT: globalists Plans to weaponize Every the internet by End of Year,FAKE
BREAKING: world leaders has been lying about the economy — Government covers up Truth,FAKE
Microsoft reports revenue of $33 billion for fiscal year,REAL
Investors weigh Samsung performance amid changing biodiversity landscape,REAL
Hillary Clinton secretly moves 200 million dollars to offshore accounts,FAKE
China is replacing cryptocurrency — This Changes EVERYTHING,FAKE
shadow groups secretly banned the weather — This Changes EVERYTHING,FAKE
100% PROOF: North Korea Has Been has been spying on natural resources This Entire Time,FAKE
Economists at the World Health Organization project steady growth in climate policy sector,REAL
Major breakthrough in immigration treatment announced at medical conference,REAL
Kylian Mbappe breaks world record at international athletics event,REAL
Liverpool defeats Manchester City in closely contested championship match,REAL
New satellite data provides insights into global space exploration patterns,REAL
WAKE UP: Illuminati Is is harvesting the financial system Right in Front of Your Eyes,FAKE
Shadow government confirms plan to eliminate all the water supply by end of year,FAKE
Officials from the Federal Reserve outline steps to improve artificial intelligence oversight,REAL
Meta shares rise 8% after strong quarterly earnings report,REAL
Anonymous sources within CIA claim Kejriwal secretly banned the middle class,FAKE
Olympics committee announces Brisbane as host for upcoming games,REAL
URGENT WARNING: shadow groups has been spying on elections — Share Before Deleted,FAKE
economists signs bilateral agreement with partners on data privacy cooperation,REAL
freemasons admits they are building a matrix to destroy education,FAKE
North Korea has been silencing vaccines — Are You Prepared for What Comes Next?,FAKE
Officials confirm the Bank of England cooperation on ocean conservation investigation,REAL
JPMorgan CEO discusses future plans at annual shareholders meeting,REAL
the Chinese government spokesperson confirms food security review underway,REAL
the World Economic Forum admits they are building a matrix to poison natural resources,FAKE
Local governments partner with the Federal Reserve to combat semiconductor production issues,REAL
Diplomatic talks in Milan yield progress on semiconductor production dispute,REAL
WAKE UP: the royals Is is censoring cryptocurrency Right in Front of Your Eyes,FAKE
100% PROOF: the FBI Has Been is destroying the weather This Entire Time,FAKE
Tesla CEO discusses future plans at annual shareholders meeting,REAL
CENSORED: The Truth About How tech giants is harvesting the food supply,FAKE
You Won't Believe What the government Just Did to natural resources,FAKE
Neeraj Chopra announces retirement after 12 year career,REAL
The Elite Don't Want You to Know How the Pentagon is censoring vaccines,FAKE
"Boris Johnson tests positive for paralysis, rushed to hospital in critical condition",FAKE
International team maps healthcare reform genome for first time,REAL
LEAKED: Internal Documents Prove the president is hiding the weather,FAKE
"the UN Security Council spokesperson denies allegations, citing electric vehicles records",REAL
Mumbai Indians defeats Manchester City in closely contested championship match,REAL
The end is near: billionaires triggers free speech to control humanity,FAKE
EXCLUSIVE: Oprah Winfrey secretly married to Kim Jong-un according to insiders,FAKE
India declares war on Russia in surprise midnight announcement,FAKE
the government is orchestrating free speech — This Changes EVERYTHING,FAKE
Coca-Cola stock crashes 90% after CEO Kim Jong-un confesses to massive fraud,FAKE
congressional leaders releases annual transparency report on education funding,REAL
Wildfire containment reaches 80 percent in Mediterranean region after week-long effort,REAL
secret societies is replacing citizens — Are You Prepared for What Comes Next?,FAKE
EXPOSED: The Real Reason the CIA is replacing democracy,FAKE
Currency to become worthless by next month — insider warning,FAKE
Aliens have landed their children in central park and met world leaders,FAKE
Experts at the Environmental Protection Agency warn of challenges ahead for space exploration,REAL
Internal memo shows Uber knew about dangers but hid evidence,FAKE
Russia has been stealing the economy and Nobody is Talking About It,FAKE
Warren Buffett found dead in mysterious circumstances at private estate,FAKE
Whistleblower Exposes How billionaires is tracking the middle class for Years,FAKE
100% PROOF: the Pentagon Has Been is replacing the financial system This Entire Time,FAKE
New satellite data provides insights into global electric vehicles patterns,REAL
Stanford researchers signs bilateral agreement with partners on biodiversity cooperation,REAL
Economists at the Treasury Department project steady growth in space exploration sector,REAL
CENSORED: The Truth About How elites secretly banned the weather,FAKE
Record temperatures reported across Australia during summer months,REAL
Researchers discover new approach to ocean conservation using advanced technology,REAL
Engineers develop more efficient data privacy system at the Bank of England,REAL
Peace negotiations continue as the Senate mediates semiconductor production conflict,REAL
New research links children to 500% increase in autism cases,FAKE
Whistleblower Exposes How world leaders is destroying the weather for Years,FAKE
New Study Proves the royals is hiding the water supply (Mainstream Media Ignores),FAKE
EXCLUSIVE: Oprah Winfrey secretly married to Elon Musk according to insiders,FAKE
Former employee reveals Microsoft has been is brainwashing customers for years,FAKE
Liverpool signs Virat Kohli in record-breaking transfer deal,REAL
"Kanye West tests positive for infertility, rushed to hospital in critical condition",FAKE
Goldman Sachs shares rise 4.2% after strong quarterly earnings report,REAL
Engineers develop more efficient climate policy system at the Chinese government,REAL
New report from public health officials highlights gaps in food security funding,REAL
You Won't Believe What secret societies Just Did to vaccines,FAKE
Local governments partner with the Department of Education to combat cybersecurity issues,REAL
"the Supreme Court spokesperson denies allegations, citing defense spending records",REAL
AI-powered tool improves housing policy prediction accuracy by 40 percent,REAL
REVEALED: North Korea creates mind control devices in citizens,FAKE
Former employee reveals Google has been is tracking customers for years,FAKE
Data from the White House shows modest improvement in global warming metrics,REAL
North Korea is tracking elections and Nobody is Talking About It,FAKE
Local governments partner with the Reserve Bank of India to combat ocean conservation issues,REAL
New York Yankees defeats Barcelona in closely contested championship match,REAL
"the White House spokesperson denies allegations, citing nuclear energy records",REAL
Officials from the UN Security Council outline steps to improve nuclear energy oversight,REAL
New satellite data provides insights into global ocean conservation patterns,REAL
Panel recommends the Department of Education take action on election security by next quarter,REAL
Scientists at MIT confirm that Earth is actually flat,FAKE
Meta launches new division focused on cybersecurity innovation,REAL
Pfizer to go bankrupt within weeks according to leaked documents,FAKE
the United Nations and international partners cooperate on public health initiative,REAL
ALERT: China Plans to control Every DNA by End of Year,FAKE
Record temperatures reported across South Asia during summer months,REAL
Whistleblower Exposes How shadow groups has been manipulating the internet for Years,FAKE
Currency to become worthless by next year — insider warning,FAKE
Trade talks between federal officials and partners focus on renewable energy tariffs,REAL
Celebrity endorses miracle the economy treatment that cures heart disease,FAKE
Wildfire containment reaches 80 percent in California after week-long effort,REAL
G20 leaders pledge increased funding for inflation rates development,REAL
Economists at the Chinese government project steady growth in education funding sector,REAL
the Bank of England signs bilateral agreement with partners on nuclear energy cooperation,REAL
This one trick by reptilians to poison the middle class will blow your mind,FAKE
Record temperatures reported across Eastern India during summer months,REAL
Study in Nature journal finds correlation between economic growth and health outcomes,REAL
Report: the Federal Reserve releases quarterly data on defense spending,REAL
the Indian government announces new policy on economic growth following the recent vote,REAL
Report: the Department of Health releases quarterly data on healthcare reform,REAL
congressional leaders confirms timeline for ocean conservation implementation next year,REAL
Scientists finally admit free speech is the real cause of diabetes,FAKE
Whistleblower Exposes How freemasons is hiding the financial system for Years,FAKE
ISRO scientists scientists complete decade-long study on renewable energy effects,REAL
EXPOSED: Big pharma suppresses natural cure using social media for chronic fatigue,FAKE
LEAKED: Internal Documents Prove globalists has been funding the internet,FAKE
BREAKING: freemasons has been stealing cryptocurrency — Government buries Truth,FAKE
Deep State Caught is censoring DNA While Illuminati Looks the Other Way,FAKE
North Korea declares war on Saudi Arabia in surprise midnight announcement,FAKE
Scientists finally admit children is the real cause of chronic fatigue,FAKE
Survey shows public support for the European Union actions on global warming,REAL
Hollywood Elites Furious After AI overlords has been lying about the internet,FAKE
Hospital workers confirm Elon Musk has only 3 months to live,FAKE
Experts at researchers at MIT warn of challenges ahead for inflation rates,REAL
WARNING: democracy causes heart disease — what Russia is hiding from you,FAKE
Rahul Gandhi has been arrested by FBI for money laundering and tax fraud,FAKE
EXCLUSIVE: Rahul Gandhi secretly married to Boris Johnson according to insiders,FAKE
PROOF that Elon Musk is actually controlled by elites,FAKE
Secret government plan to tax all democracy by 200% revealed,FAKE
Scientists at NIH confirm free energy has been suppressed for decades,FAKE
UN General Assembly adopts resolution on global nuclear energy standards,REAL
Russia bans all education starting next month — citizens outraged,FAKE
"New legislation proposed to address inflation rates concerns, says Oxford University",REAL
Analysts upgrade Apple stock following strong infrastructure spending outlook,REAL
Aliens have landed their the food supply in central park and met elites,FAKE
Sources: Kejriwal to resign from all positions effective immediately,FAKE
Flood warnings issued for Southeast US as heavy rains continue,REAL
Hurricane season forecast predicts above-average activity this year,REAL
They Don't Want You to Know: Bill Gates is replacing free speech,FAKE
Novak Djokovic announces retirement after 25 year career,REAL
the Senate imposes sanctions in response to housing policy violations,REAL
the FDA and international partners cooperate on water resources initiative,REAL
New report from the Department of Justice highlights gaps in social security funding,REAL
Classified document reveals United States plans to invade Russia,FAKE
"New legislation proposed to address inflation rates concerns, says researchers at MIT",REAL
the UN Security Council reports record numbers regarding semiconductor production in Q3,REAL
Sources: Sundar Pichai to resign from all positions effective immediately,FAKE
BANNED VIDEO: the establishment Admits to is tracking the economy,FAKE
IBM CEO discusses future plans at annual shareholders meeting,REAL
Mumbai Indians defeats Manchester City in closely contested championship match,REAL
the Pentagon confirms timeline for semiconductor production implementation next year,REAL
Scientists from the Chinese government publish peer-reviewed electric vehicles study,REAL
Record temperatures reported across Southeast US during summer months,REAL
You Won't Believe What mainstream media Just Did to natural resources,FAKE
Election RIGGED: Millions of fake ballots found in Moscow warehouse,FAKE
LeBron James breaks world record at international athletics event,REAL
PROOF that Mark Zuckerberg is actually controlled by billionaires,FAKE
Election RIGGED: Millions of fake ballots found in New York warehouse,FAKE
the Federal Reserve releases annual transparency report on social security,REAL
the FDA to host international summit on inflation rates next week,REAL
the Reserve Bank of India announces new policy on semiconductor production following international negotiations,REAL
the IMF and international partners cooperate on inflation rates initiative,REAL
the Indian government to host international summit on biodiversity next week,REAL
Boris Johnson has been arrested by FBI for secret human trafficking operations,FAKE
Officials confirm federal officials cooperation on tax reform investigation,REAL
the Bank of England publishes findings on election security after months of research,REAL
Hurricane season forecast predicts above-average activity this year,REAL
Novak Djokovic breaks world record at international athletics event,REAL
Study finds election security linked to changes in global stock markets behavior,REAL
Diplomatic talks in Los Angeles yield progress on immigration dispute,REAL
Committee formed to review global stock markets policies on healthcare reform,REAL
This one trick by world leaders to destroy democracy will blow your mind,FAKE
JPMorgan announces expansion into African with new product line,REAL
100% PROOF: world leaders Has Been has been silencing DNA This Entire Time,FAKE
Amit Shah secretly moves 50 billion dollars to offshore accounts,FAKE
Viral video proves Warren Buffett was lying about natural resources all along,FAKE
Scientists from the World Health Organization publish peer-reviewed data privacy study,REAL
Scientists finally admit cryptocurrency is the real cause of brain damage,FAKE
Local governments partner with Stanford researchers to combat tax reform issues,REAL
ALERT: AI overlords Plans to erase Every democracy by End of Year,FAKE
Viral video proves Rahul Gandhi was lying about the internet all along,FAKE
Scientists from the United Nations publish peer-reviewed semiconductor production study,REAL
CONFIRMED: reptilians is replacing the internet According to Anonymous Sources,FAKE
the European Union publishes findings on public health after months of research,REAL
Flood warnings issued for Australia as heavy rains continue,REAL
Tim Cook has been arrested by FBI for hacking government databases,FAKE
Sundar Pichai caught manipulating Twitter stock for personal gain,FAKE
Tesla to go bankrupt within weeks according to leaked documents,FAKE
the Bank of England imposes sanctions in response to education funding violations,REAL
URGENT: Banks will freeze all accounts starting this summer — withdraw now,FAKE
Chennai Super Kings signs LeBron James in record-breaking transfer deal,REAL
Committee formed to review the Supreme Court policies on water resources,REAL
New research links the middle class to 500% increase in cancer cases,FAKE
mainstream media is harvesting the middle class — Are You Prepared for What Comes Next?,FAKE
AI-powered tool improves biodiversity prediction accuracy by 40 percent,REAL
Analysts upgrade Nvidia stock following strong space exploration outlook,REAL
Doctors HATE this: children can cure paralysis in just 3 days,FAKE
the Department of Health holds press conference addressing housing policy questions,REAL
New Study Proves shadow groups is harvesting free speech (Mainstream Media Ignores),FAKE
the Reserve Bank of India publishes findings on inflation rates after months of research,REAL
federal officials reports record numbers regarding election security in Q3,REAL
Local governments partner with Stanford researchers to combat nuclear energy issues,REAL
This one trick by Russia to manipulate elections will blow your mind,FAKE
Doctors HATE this: the water supply can cure memory loss in just 3 days,FAKE
the Department of Justice budget proposal includes $X billion for education funding programs,REAL
Donald Trump has been arrested by FBI for conspiracy against the United States,FAKE
Rahul Gandhi caught on hidden camera admitting to conspiracy against the United States,FAKE
Experts at the Supreme Court warn of challenges ahead for biodiversity,REAL
the Bank of England publishes findings on economic growth after months of research,REAL
Hurricane season forecast predicts above-average activity this year,REAL
Amazon CEO discusses future plans at annual shareholders meeting,REAL
Officials from the Environmental Protection Agency outline steps to improve biodiversity oversight,REAL
Vladimir Putin has been arrested by FBI for bribing foreign officials,FAKE
100% PROOF: tech giants Has Been is suppressing the water supply This Entire Time,FAKE
WAKE UP: scientists Is is harvesting DNA Right in Front of Your Eyes,FAKE
Turkey declares war on North Korea in surprise midnight announcement,FAKE
URGENT WARNING: mainstream media secretly banned the internet — Share Before Deleted,FAKE
NASA scientists complete decade-long study on defense spending effects,REAL
JUST IN: London completely destroyed by volcanic eruption,FAKE
public health officials meets with officials to discuss nuclear energy regulations,REAL
Local governments partner with the Treasury Department to combat trade agreements issues,REAL
International team maps public health genome for first time,REAL
Record temperatures reported across Western Europe during summer months,REAL
Trade talks between federal officials and partners focus on electric vehicles tariffs,REAL
Your doctor won't tell you this simple trick to reverse chronic fatigue,FAKE
Elon Musk found dead in mysterious circumstances at private estate,FAKE
Analysts upgrade Cisco stock following strong quantum computing outlook,REAL
World Cup qualifiers: India advances with victory over rivals,REAL
WARNING: the internet causes heart disease — what the royals is hiding from you,FAKE
Miracle Cure: How reptilians Used citizens to weaponize the Impossible,FAKE
Secret Footage Shows Russia secretly banned public health Behind Closed Doors,FAKE
Survey shows public support for NASA actions on cybersecurity,REAL
Warren Buffett announces purchase of Intel for 75 billion dollars,FAKE
Apple to go bankrupt within weeks according to leaked documents,FAKE
Elon Musk caught on hidden camera admitting to bribing foreign officials,FAKE
New satellite data provides insights into global biodiversity patterns,REAL
This one trick by big pharma to reprogram education will blow your mind,FAKE
Scientists from the World Health Organization publish peer-reviewed trade agreements study,REAL
BREAKING: Paris airport shut down after Elon Musk causes bomb scare,FAKE
Facebook to go bankrupt within weeks according to leaked documents,FAKE
WAKE UP: the establishment Is is replacing cryptocurrency Right in Front of Your Eyes,FAKE
REVEALED: big pharma creates mind control devices in the weather,FAKE
WAKE UP: the World Economic Forum Is has been spying on cryptocurrency Right in Front of Your Eyes,FAKE
Celebrity endorses miracle free speech treatment that cures paralysis,FAKE
Hurricane season forecast predicts above-average activity this year,REAL
the Federal Reserve releases new climate report showing public transit trends,REAL
Shadow government confirms plan to brainwash all children by end of year,FAKE
Hillary Clinton running secret education operation from underground bunker,FAKE
Celebrity endorses miracle the middle class treatment that cures blindness,FAKE
Peace negotiations continue as the Department of Justice mediates artificial intelligence conflict,REAL
Olympics committee announces Paris as host for upcoming games,REAL
Secret Footage Shows the CIA secretly controls the financial system Behind Closed Doors,FAKE
This one trick by the Pentagon to brainwash education will blow your mind,FAKE
International team maps election security genome for first time,REAL
Boris Johnson has been arrested by FBI for money laundering and tax fraud,FAKE
Virat Kohli breaks world record at international football event,REAL
the Environmental Protection Agency releases new climate report showing infrastructure spending trends,REAL
Your doctor won't tell you this simple trick to reverse blindness,FAKE
Lawmakers debate ISRO scientists proposal to expand nuclear energy access,REAL
CONFIRMED: North Korea secretly banned the water supply According to Anonymous Sources,FAKE
New report from the Pentagon highlights gaps in public transit funding,REAL
George Soros announces purchase of Boeing for 2 trillion dollars,FAKE
LEAKED: Internal Documents Prove the World Economic Forum is destroying free speech,FAKE
Peace negotiations continue as NASA mediates election security conflict,REAL
Narendra Modi announces purchase of Boeing for 2 trillion dollars,FAKE
Internal memo shows Moderna knew about dangers but hid evidence,FAKE
International team maps trade agreements genome for first time,REAL
the Reserve Bank of India confirms timeline for cybersecurity implementation next year,REAL
Anonymous sources within WHO claim Donald Trump is orchestrating social media,FAKE
REVEALED: tech giants creates mind control devices in natural resources,FAKE
URGENT: Banks will freeze all accounts starting next month — withdraw now,FAKE
Novak Djokovic breaks world record at international tennis event,REAL
public health officials spokesperson confirms water resources review underway,REAL
SHOCKING: reptilians secretly banned children While Media Stays Silent,FAKE
Whistleblower Exposes How the president has been stealing DNA for Years,FAKE
BREAKING: New York airport shut down after Amit Shah causes bomb scare,FAKE
World Cup qualifiers: England advances with victory over rivals,REAL
The end is near: elites triggers natural resources to bankrupt humanity,FAKE
International team maps defense spending genome for first time,REAL
Internal memo shows Snapchat knew about dangers but hid evidence,FAKE
Supreme Court delivers ruling on the Department of Education handling of inflation rates,REAL
Internal memo shows Microsoft knew about dangers but hid evidence,FAKE
Flood warnings issued for Eastern India as heavy rains continue,REAL
JUST IN: Moscow completely destroyed by volcanic eruption,FAKE
The Elite Don't Want You to Know How the establishment is censoring citizens,FAKE
Hollywood Elites Furious After the World Economic Forum has been spying on education,FAKE
CONFIRMED: the World Economic Forum has been poisoning vaccines According to Anonymous Sources,FAKE
Analysts upgrade Netflix stock following strong artificial intelligence outlook,REAL
Wildfire containment reaches 80 percent in Western Europe after week-long effort,REAL
Committee formed to review the UN Security Council policies on climate policy,REAL
Sources: Rahul Gandhi to resign from all positions effective immediately,FAKE
Sources: Jeff Bezos to resign from all positions effective immediately,FAKE
Researchers discover new approach to artificial intelligence using advanced technology,REAL
the UN Security Council publishes findings on renewable energy after months of research,REAL
New Study Proves North Korea is replacing elections (Mainstream Media Ignores),FAKE
Kejriwal announces purchase of Facebook for 10 billion euros,FAKE
Your doctor won't tell you this simple trick to reverse memory loss,FAKE
CENSORED: The Truth About How secret societies is destroying the economy,FAKE
Aliens have landed their the economy in central park and met the CIA,FAKE
G20 leaders pledge increased funding for space exploration development,REAL
New research links microchips to 500% increase in heart disease cases,FAKE
PROOF that Tom Cruise is actually controlled by freemasons,FAKE
Government adds secret chemicals to democracy that cause cancer,FAKE
Salesforce and Goldman Sachs announce strategic partnership on healthcare reform,REAL
Analysts upgrade Intel stock following strong cybersecurity outlook,REAL
JPMorgan reports revenue of $150 billion for fiscal year,REAL
IBM announces expansion into Southeast Asia with new product line,REAL
Local governments partner with the Federal Reserve to combat housing policy issues,REAL
the Department of Justice spokesperson confirms public transit review underway,REAL
researchers at MIT spokesperson confirms immigration review underway,REAL
Neeraj Chopra breaks world record at international football event,REAL
McDonald's stock crashes 90% after CEO Narendra Modi confesses to massive fraud,FAKE
Peace negotiations continue as Japan's parliament mediates artificial intelligence conflict,REAL
the Senate spokesperson confirms quantum computing review underway,REAL
International team maps renewable energy genome for first time,REAL
New report from the FDA highlights gaps in housing policy funding,REAL
"the Environmental Protection Agency spokesperson denies allegations, citing inflation rates records",REAL
Peace negotiations continue as the United Nations mediates data privacy conflict,REAL
"Narendra Modi tests positive for cancer, rushed to hospital in critical condition",FAKE
federal officials reports record numbers regarding biodiversity in Q3,REAL
New Study Proves shadow groups has been spying on the economy (Mainstream Media Ignores),FAKE
Hillary Clinton running secret the internet operation from underground bunker,FAKE
CONFIRMED: the Pentagon has been silencing microchips According to Anonymous Sources,FAKE
The Elite Don't Want You to Know How tech giants is orchestrating children,FAKE
New research links democracy to 500% increase in autism cases,FAKE
Secret Footage Shows the government is hiding social media Behind Closed Doors,FAKE
Election RIGGED: Millions of fake ballots found in Chicago warehouse,FAKE
Investors weigh Berkshire Hathaway performance amid changing cybersecurity landscape,REAL
the Environmental Protection Agency and international partners cooperate on inflation rates initiative,REAL
REVEALED: freemasons creates mind control devices in elections,FAKE
New Study Proves Illuminati has been spying on vaccines (Mainstream Media Ignores),FAKE
"New legislation proposed to address economic growth concerns, says ISRO scientists",REAL
the president has been silencing vaccines and Nobody is Talking About It,FAKE
NASA confirms timeline for national debt implementation next year,REAL
Currency to become worthless by next year — insider warning,FAKE
the FDA reports record numbers regarding trade agreements in Q3,REAL
Local governments partner with the United Nations to combat climate policy issues,REAL
WARNING: the internet causes blindness — what the World Economic Forum is hiding from you,FAKE
BREAKING: secret societies is destroying social media — Government ignores Truth,FAKE
Microsoft stock crashes 90% after CEO Bill Gates confesses to massive fraud,FAKE
Experts at the Department of Justice warn of challenges ahead for public transit,REAL
Supreme Court delivers ruling on Japan's parliament handling of inflation rates,REAL
New Study Proves globalists is deliberately causing cryptocurrency (Mainstream Media Ignores),FAKE
New research links elections to 500% increase in memory loss cases,FAKE
Hurricane season forecast predicts above-average activity this year,REAL
Olympics committee announces Los Angeles as host for upcoming games,REAL
Data from the Senate shows modest improvement in election security metrics,REAL
the Indian government releases new climate report showing artificial intelligence trends,REAL
TikTok to go bankrupt within weeks according to leaked documents,FAKE
New York Yankees signs Neeraj Chopra in record-breaking transfer deal,REAL
Analysis: How congressional leaders's approach to cybersecurity compares globally,REAL
Study finds artificial intelligence linked to changes in economists behavior,REAL
Researchers discover new approach to food security using advanced technology,REAL
CENSORED: The Truth About How reptilians is harvesting education,FAKE
the Supreme Court signs bilateral agreement with partners on food security cooperation,REAL
the United Nations signs bilateral agreement with partners on trade agreements cooperation,REAL
AI overlords has been manipulating the financial system — This Changes EVERYTHING,FAKE
Government adds secret chemicals to the food supply that cause cancer,FAKE
Shadow government confirms plan to exploit all DNA by end of year,FAKE
WAKE UP: the deep state Is is hiding free speech Right in Front of Your Eyes,FAKE
Currency to become worthless by this summer — insider warning,FAKE
the government is tracking the middle class and Nobody is Talking About It,FAKE
100% PROOF: the World Economic Forum Has Been is harvesting the middle class This Entire Time,FAKE
Hospital workers confirm Mark Zuckerberg has only 3 months to live,FAKE
"New legislation proposed to address ocean conservation concerns, says the World Health Organization",REAL
Scientists from the FDA publish peer-reviewed cybersecurity study,REAL
MUST READ: AI overlords is harvesting natural resources at Secret Meeting,FAKE
the European Union releases annual transparency report on food security,REAL
the royals admits they are building a matrix to bankrupt the economy,FAKE
the White House confirms timeline for artificial intelligence implementation next year,REAL
Flood warnings issued for Western Europe as heavy rains continue,REAL
Taylor Swift found dead in mysterious circumstances at private estate,FAKE
Japan's parliament confirms timeline for space exploration implementation next year,REAL
France bans all DNA starting next month — citizens outraged,FAKE
Doctors HATE this: education can cure infertility in just 3 days,FAKE
Diplomatic talks in Tokyo yield progress on climate policy dispute,REAL
SHOCKING: billionaires is deliberately causing vaccines While Media Stays Silent,FAKE
New report from researchers at MIT highlights gaps in healthcare reform funding,REAL
Shadow government confirms plan to erase all public health by end of year,FAKE
Researchers discover new approach to tax reform using advanced technology,REAL
URGENT: Banks will freeze all accounts starting this summer — withdraw now,FAKE
Celebrity endorses miracle free speech treatment that cures memory loss,FAKE
Study in Nature journal finds correlation between nuclear energy and health outcomes,REAL
Currency to become worthless by next month — insider warning,FAKE
Olympics committee announces Tokyo as host for upcoming games,REAL
Scientists finally admit public health is the real cause of infertility,FAKE
Engineers develop more efficient defense spending system at the Federal Reserve,REAL
Government adds secret chemicals to democracy that cause infertility,FAKE
McDonald's to go bankrupt within weeks according to leaked documents,FAKE
tech giants secretly banned cryptocurrency — Are You Prepared for What Comes Next?,FAKE
Peace negotiations continue as the Reserve Bank of India mediates space exploration conflict,REAL
Analysts upgrade Toyota stock following strong artificial intelligence outlook,REAL
New satellite data provides insights into global election security patterns,REAL
UN General Assembly adopts resolution on global biodiversity standards,REAL
Trade talks between public health officials and partners focus on healthcare reform tariffs,REAL
Engineers develop more efficient public transit system at global stock markets,REAL
WARNING: elections causes blindness — what freemasons is hiding from you,FAKE
Flood warnings issued for Western Europe as heavy rains continue,REAL
Study in Nature journal finds correlation between election security and health outcomes,REAL
IBM CEO discusses future plans at annual shareholders meeting,REAL
the Department of Justice budget proposal includes $X billion for infrastructure spending programs,REAL
Manchester City defeats Golden State Warriors in closely contested championship match,REAL
Nvidia shares rise 6.3% after strong quarterly earnings report,REAL
Currency to become worthless by next month — insider warning,FAKE
Boris Johnson secretly moves 50 billion dollars to offshore accounts,FAKE
Narendra Modi has been arrested by FBI for stealing classified government data,FAKE
Hospital workers confirm Xi Jinping has only weeks to live,FAKE
Local governments partner with the Department of Health to combat inflation rates issues,REAL
This one trick by the Pentagon to bankrupt the weather will blow your mind,FAKE
JUST IN: New York completely destroyed by meteor strike,FAKE
Officials confirm the United Nations cooperation on climate policy investigation,REAL
Tim Cook announces purchase of TikTok for 10 billion euros,FAKE
Analysts upgrade Adobe stock following strong space exploration outlook,REAL
Xi Jinping secretly moves 300 million dollars to offshore accounts,FAKE
Government adds secret chemicals to social media that cause paralysis,FAKE
Analysts upgrade Tesla stock following strong water resources outlook,REAL
Goldman Sachs and Berkshire Hathaway announce strategic partnership on global warming,REAL
Sources: Joe Biden to resign from all positions effective immediately,FAKE
Record temperatures reported across Australia during summer months,REAL
Narendra Modi running secret the middle class operation from underground bunker,FAKE
ALERT: the president Plans to control Every the food supply by End of Year,FAKE
Hurricane season forecast predicts above-average activity this year,REAL
Sources: Kejriwal to resign from all positions effective immediately,FAKE
the United Nations meets with officials to discuss ocean conservation regulations,REAL
Anonymous sources within MIT claim Elon Musk is tracking the weather,FAKE
Kejriwal caught on hidden camera admitting to bribing foreign officials,FAKE
WARNING: social media causes diabetes — what world leaders is hiding from you,FAKE
Oxford University publishes findings on global warming after months of research,REAL
Investors weigh Disney performance amid changing data privacy landscape,REAL
BREAKING: Beijing airport shut down after Oprah Winfrey causes bomb scare,FAKE
Election RIGGED: Millions of fake ballots found in New York warehouse,FAKE
Researchers discover new approach to nuclear energy using advanced technology,REAL
Secret Footage Shows billionaires is replacing free speech Behind Closed Doors,FAKE
Tim Cook secretly moves 50 billion dollars to offshore accounts,FAKE
Investors weigh Microsoft performance amid changing space exploration landscape,REAL
Whistleblower Exposes How the CDC has been poisoning natural resources for Years,FAKE
Survey shows public support for researchers at MIT actions on infrastructure spending,REAL
The Elite Don't Want You to Know How globalists has been lying about elections,FAKE
Government adds secret chemicals to the water supply that cause infertility,FAKE
Kim Jong-un caught manipulating Netflix stock for personal gain,FAKE
New report from the European Union highlights gaps in ocean conservation funding,REAL
Economists at the Federal Reserve project steady growth in water resources sector,REAL
Anonymous sources within CERN claim Amit Shah has been lying about education,FAKE
New report from the Pentagon highlights gaps in inflation rates funding,REAL
Aliens have landed their DNA in central park and met the government,FAKE
China admits they are building a matrix to erase the economy,FAKE
Study finds nuclear energy linked to changes in the FDA behavior,REAL
Sundar Pichai caught manipulating Microsoft stock for personal gain,FAKE
MUST READ: the CDC is censoring social media at Secret Meeting,FAKE
Amazon launches new division focused on global warming innovation,REAL
Olympics committee announces Tokyo as host for upcoming games,REAL
LEAKED: Internal Documents Prove the World Economic Forum has been lying about the food supply,FAKE
Investors weigh Netflix performance amid changing space exploration landscape,REAL
Officials from the United Nations outline steps to improve nuclear energy oversight,REAL
Local governments partner with the Bank of England to combat artificial intelligence issues,REAL
Your doctor won't tell you this simple trick to reverse kidney failure,FAKE
the Bank of England imposes sanctions in response to electric vehicles violations,REAL
Hurricane season forecast predicts above-average activity this year,REAL
Experts at the Treasury Department warn of challenges ahead for cybersecurity,REAL
the Supreme Court confirms timeline for renewable energy implementation next year,REAL
Officials from the Department of Education outline steps to improve tax reform oversight,REAL
They Don't Want You to Know: world leaders secretly banned elections,FAKE
BREAKING: London airport shut down after Kanye West causes bomb scare,FAKE
Classified document reveals Japan plans to invade United Kingdom,FAKE
Top Doctor Reveals: tech giants Can censor Your the food supply Overnight,FAKE
Study in Nature journal finds correlation between cybersecurity and health outcomes,REAL
Whistleblower Exposes How the royals has been poisoning cryptocurrency for Years,FAKE
Illuminati is suppressing the water supply and Nobody is Talking About It,FAKE
REVEALED: the World Economic Forum creates mind control devices in the financial system,FAKE
Supreme Court delivers ruling on the FDA handling of social security,REAL
New report from ISRO scientists highlights gaps in water resources funding,REAL
New report from the Department of Education highlights gaps in immigration funding,REAL
Tom Cruise announces purchase of Netflix for 1 trillion dollars,FAKE
Deep State Caught has been spying on the weather While the president Looks the Other Way,FAKE
EXPOSED: Big pharma suppresses natural cure using children for infertility,FAKE
Amazon to go bankrupt within weeks according to leaked documents,FAKE
the Senate signs bilateral agreement with partners on nuclear energy cooperation,REAL
CENSORED: The Truth About How the World Economic Forum has been silencing the middle class,FAKE
Peace negotiations continue as the Environmental Protection Agency mediates inflation rates conflict,REAL
Pakistan bans all the food supply starting next month — citizens outraged,FAKE
the Department of Education imposes sanctions in response to data privacy violations,REAL
Shadow government confirms plan to poison all vaccines by end of year,FAKE
WAKE UP: the Pentagon Is is tracking vaccines Right in Front of Your Eyes,FAKE
BREAKING: Los Angeles airport shut down after George Soros causes bomb scare,FAKE
Bill Gates is censoring citizens — Are You Prepared for What Comes Next?,FAKE
the FDA signs bilateral agreement with partners on artificial intelligence cooperation,REAL
Doctors HATE this: natural resources can cure kidney failure in just 3 days,FAKE
Scientists at CERN confirm humans can live to 500 with this secret pill,FAKE
The end is near: freemasons triggers the water supply to track humanity,FAKE
Analysis: How the World Health Organization's approach to public health compares globally,REAL
Data from the European Union shows modest improvement in cybersecurity metrics,REAL
"global stock markets spokesperson denies allegations, citing biodiversity records",REAL
Diplomatic talks in Tokyo yield progress on global warming dispute,REAL
"Tom Cruise tests positive for autism, rushed to hospital in critical condition",FAKE
Secret Footage Shows AI overlords is hiding DNA Behind Closed Doors,FAKE
Study in Nature journal finds correlation between ocean conservation and health outcomes,REAL
The end is near: AI overlords triggers free speech to reprogram humanity,FAKE
Supreme Court delivers ruling on public health officials handling of data privacy,REAL
Mumbai Indians signs LeBron James in record-breaking transfer deal,REAL
100% PROOF: the CIA Has Been is tracking elections This Entire Time,FAKE
Your doctor won't tell you this simple trick to reverse paralysis,FAKE
Tesla to go bankrupt within weeks according to leaked documents,FAKE
SHOCKING: the establishment has been stealing the financial system While Media Stays Silent,FAKE
Scientists from Oxford University publish peer-reviewed economic growth study,REAL
"New legislation proposed to address social security concerns, says the Department of Education",REAL
Supreme Court delivers ruling on the United Nations handling of public health,REAL
Scientists finally admit DNA is the real cause of memory loss,FAKE
Supreme Court delivers ruling on the Supreme Court handling of space exploration,REAL
G20 leaders pledge increased funding for ocean conservation development,REAL
EXPOSED: Big pharma suppresses natural cure using DNA for blindness,FAKE
Toyota CEO discusses future plans at annual shareholders meeting,REAL
LEAKED: Internal Documents Prove freemasons has been manipulating DNA,FAKE
Aliens have landed their vaccines in central park and met the World Economic Forum,FAKE
Hurricane season forecast predicts above-average activity this year,REAL
URGENT: Banks will freeze all accounts starting January 2026 — withdraw now,FAKE
Top Doctor Reveals: world leaders Can eliminate Your the financial system Overnight,FAKE
Lewis Hamilton breaks world record at international cricket event,REAL
EXPOSED: Big pharma suppresses natural cure using the internet for heart disease,FAKE
the European Union reports record numbers regarding defense spending in Q3,REAL
WARNING: the middle class causes cancer — what world leaders is hiding from you,FAKE
Scientists finally admit the water supply is the real cause of chronic fatigue,FAKE
Record temperatures reported across Southeast US during summer months,REAL
Election RIGGED: Millions of fake ballots found in Bangalore warehouse,FAKE
globalists admits they are building a matrix to suppress children,FAKE
Wildfire containment reaches 80 percent in Southeast US after week-long effort,REAL
Hospital workers confirm Elon Musk has only 3 months to live,FAKE
EXCLUSIVE: Sundar Pichai secretly married to Tom Cruise according to insiders,FAKE
Hospital workers confirm Bill Gates has only days to live,FAKE
Aliens have landed their education in central park and met secret societies,FAKE
Samsung to go bankrupt within weeks according to leaked documents,FAKE
Data from the United Nations shows modest improvement in economic growth metrics,REAL
WARNING: democracy causes memory loss — what billionaires is hiding from you,FAKE
Narendra Modi announces purchase of Snapchat for 10 billion euros,FAKE
Miracle Cure: How the deep state Used the weather to brainwash the Impossible,FAKE
ALERT: the CDC Plans to control Every DNA by End of Year,FAKE
This one trick by Bill Gates to poison vaccines will blow your mind,FAKE
Hurricane season forecast predicts above-average activity this year,REAL
Supreme Court delivers ruling on the White House handling of renewable energy,REAL
the government is suppressing DNA — This Changes EVERYTHING,FAKE
Stanford researchers holds press conference addressing housing policy questions,REAL
Sundar Pichai caught manipulating SpaceX stock for personal gain,FAKE
World Cup qualifiers: France advances with victory over rivals,REAL
Hollywood Elites Furious After the Pentagon has been silencing citizens,FAKE
scientists admits they are building a matrix to suppress the food supply,FAKE
Hurricane season forecast predicts above-average activity this year,REAL
CENSORED: The Truth About How freemasons has been manipulating the middle class,FAKE
shadow groups has been stealing children — Are You Prepared for What Comes Next?,FAKE
Bill Gates found dead in mysterious circumstances at private estate,FAKE
Lawmakers debate NASA proposal to expand cybersecurity access,REAL
Amit Shah found dead in mysterious circumstances at private estate,FAKE
Economists at Stanford researchers project steady growth in data privacy sector,REAL
the IMF budget proposal includes $X billion for data privacy programs,REAL
JUST IN: Dubai completely destroyed by category 6 hurricane,FAKE
BREAKING: big pharma is brainwashing democracy — Government suppresses Truth,FAKE
World Cup qualifiers: Argentina advances with victory over rivals,REAL
Doctors HATE this: free speech can cure heart disease in just 3 days,FAKE
mainstream media has been stealing the food supply and Nobody is Talking About It,FAKE
Flood warnings issued for Eastern India as heavy rains continue,REAL
Disney and Cisco announce strategic partnership on immigration,REAL
Flood warnings issued for Mediterranean region as heavy rains continue,REAL
Election RIGGED: Millions of fake ballots found in Beijing warehouse,FAKE
secret societies admits they are building a matrix to exploit vaccines,FAKE
EXPOSED: The Real Reason world leaders has been lying about the financial system,FAKE
Committee formed to review the White House policies on climate policy,REAL
Mark Zuckerberg secretly moves 75 billion dollars to offshore accounts,FAKE
Top Doctor Reveals: the Pentagon Can eliminate Your elections Overnight,FAKE
Investors weigh Apple performance amid changing inflation rates landscape,REAL
Tesla launches new division focused on election security innovation,REAL
researchers at MIT imposes sanctions in response to public health violations,REAL
Classified document reveals North Korea plans to invade United Kingdom,FAKE
Analysts upgrade Cisco stock following strong biodiversity outlook,REAL
Data from the European Union shows modest improvement in biodiversity metrics,REAL
Aliens have landed their microchips in central park and met world leaders,FAKE
the World Health Organization announces new policy on social security following mounting pressure,REAL
URGENT: Banks will freeze all accounts starting this summer — withdraw now,FAKE
EXPOSED: Big pharma suppresses natural cure using the middle class for paralysis,FAKE
Microsoft and Google announce strategic partnership on housing policy,REAL
Panel recommends federal officials take action on artificial intelligence by next quarter,REAL
Berkshire Hathaway CEO discusses future plans at annual shareholders meeting,REAL
The Elite Don't Want You to Know How world leaders has been stealing democracy,FAKE
You Won't Believe What China Just Did to education,FAKE
CONFIRMED: globalists is deliberately causing microchips According to Anonymous Sources,FAKE
Flood warnings issued for South Asia as heavy rains continue,REAL
Kanye West caught on hidden camera admitting to running an underground spy network,FAKE
Sources: Boris Johnson to resign from all positions effective immediately,FAKE
Warren Buffett caught manipulating Coca-Cola stock for personal gain,FAKE
Researchers discover new approach to water resources using advanced technology,REAL
Committee formed to review ISRO scientists policies on electric vehicles,REAL
Celebrity endorses miracle the food supply treatment that cures diabetes,FAKE
Russia is replacing microchips and Nobody is Talking About It,FAKE
The end is near: reptilians triggers DNA to destroy humanity,FAKE
Lewis Hamilton announces retirement after 15 year career,REAL
Major breakthrough in water resources treatment announced at medical conference,REAL
Trade talks between the White House and partners focus on biodiversity tariffs,REAL
public health officials to host international summit on public health next week,REAL
Kejriwal has been arrested by FBI for operating a Ponzi scheme worth billions,FAKE
Experts at the Reserve Bank of India warn of challenges ahead for public transit,REAL
Peace negotiations continue as public health officials mediates housing policy conflict,REAL
WAKE UP: elites Is is censoring vaccines Right in Front of Your Eyes,FAKE
Trade talks between the IMF and partners focus on quantum computing tariffs,REAL
BREAKING: New York airport shut down after George Soros causes bomb scare,FAKE
Olympics committee announces Paris as host for upcoming games,REAL
AI-powered tool improves immigration prediction accuracy by 40 percent,REAL
ALERT: big pharma Plans to reprogram Every the internet by End of Year,FAKE
New Study Proves the royals is replacing cryptocurrency (Mainstream Media Ignores),FAKE
Boris Johnson announces purchase of Amazon for 2 trillion dollars,FAKE
Peace negotiations continue as the Chinese government mediates inflation rates conflict,REAL
Diplomatic talks in Brisbane yield progress on inflation rates dispute,REAL
CONFIRMED: China is suppressing the internet According to Anonymous Sources,FAKE
the Federal Reserve scientists complete decade-long study on climate policy effects,REAL
Warren Buffett announces purchase of Facebook for 300 million dollars,FAKE
Officials confirm the Senate cooperation on immigration investigation,REAL
EXPOSED: The Real Reason tech giants is orchestrating natural resources,FAKE
the FDA scientists complete decade-long study on electric vehicles effects,REAL
Top Doctor Reveals: Bill Gates Can monitor Your cryptocurrency Overnight,FAKE
Hospital workers confirm Jeff Bezos has only days to live,FAKE
Diplomatic talks in Brisbane yield progress on ocean conservation dispute,REAL
freemasons secretly banned democracy — Are You Prepared for What Comes Next?,FAKE
LEAKED: Internal Documents Prove the president is replacing elections,FAKE
"Hillary Clinton tests positive for diabetes, rushed to hospital in critical condition",FAKE
Engineers develop more efficient education funding system at the UN Security Council,REAL
Shadow government confirms plan to suppress all the middle class by end of year,FAKE
Doctors HATE this: the financial system can cure infertility in just 3 days,FAKE
SHOCKING: billionaires is censoring citizens While Media Stays Silent,FAKE
Researchers discover new approach to ocean conservation using advanced technology,REAL
Supreme Court delivers ruling on the Department of Justice handling of public transit,REAL
BREAKING: the FBI secretly controls vaccines — Government buries Truth,FAKE
UN General Assembly adopts resolution on global data privacy standards,REAL
PROOF that Tom Cruise is actually controlled by freemasons,FAKE
Shadow government confirms plan to brainwash all the economy by end of year,FAKE
"the Pentagon spokesperson denies allegations, citing national debt records",REAL
Flood warnings issued for Western Europe as heavy rains continue,REAL
Committee formed to review the FDA policies on healthcare reform,REAL
Officials from the IMF outline steps to improve climate policy oversight,REAL
WARNING: the food supply causes memory loss — what reptilians is hiding from you,FAKE
Scientists at CERN confirm aliens living among humans,FAKE
Study in Nature journal finds correlation between public health and health outcomes,REAL
the Reserve Bank of India meets with officials to discuss public transit regulations,REAL
Major breakthrough in election security treatment announced at medical conference,REAL
Viral video proves Donald Trump was lying about free speech all along,FAKE
Secret government plan to tax all the financial system by 200% revealed,FAKE
Committee formed to review the White House policies on quantum computing,REAL
Trade talks between the Supreme Court and partners focus on tax reform tariffs,REAL
Oxford University announces new policy on public health following international negotiations,REAL
New Study Proves the World Economic Forum secretly banned democracy (Mainstream Media Ignores),FAKE
WARNING: social media causes memory loss — what freemasons is hiding from you,FAKE
Mark Zuckerberg caught manipulating Coca-Cola stock for personal gain,FAKE
Goldman Sachs CEO discusses future plans at annual shareholders meeting,REAL
Supreme Court delivers ruling on the World Health Organization handling of trade agreements,REAL
Viral video proves Tom Cruise was lying about cryptocurrency all along,FAKE
federal officials spokesperson confirms electric vehicles review underway,REAL
Flood warnings issued for California as heavy rains continue,REAL
the Senate releases new climate report showing cybersecurity trends,REAL
Analysts upgrade Intel stock following strong trade agreements outlook,REAL
EXPOSED: The Real Reason mainstream media has been lying about DNA,FAKE
Sources: Kanye West to resign from all positions effective immediately,FAKE
Report: the Supreme Court releases quarterly data on national debt,REAL
EXPOSED: The Real Reason Illuminati is harvesting microchips,FAKE
Shadow government confirms plan to suppress all microchips by end of year,FAKE
Saudi Arabia bans all the food supply starting next month — citizens outraged,FAKE
Study finds education funding linked to changes in the Chinese government behavior,REAL
WARNING: the water supply causes memory loss — what reptilians is hiding from you,FAKE
"Amit Shah tests positive for cancer, rushed to hospital in critical condition",FAKE
Trade talks between Oxford University and partners focus on trade agreements tariffs,REAL
Experts at the Chinese government warn of challenges ahead for climate policy,REAL
Secret Footage Shows billionaires is destroying democracy Behind Closed Doors,FAKE
CONFIRMED: the government has been spying on the financial system According to Anonymous Sources,FAKE
Uber to go bankrupt within weeks according to leaked documents,FAKE
Internal memo shows Twitter knew about dangers but hid evidence,FAKE
Boris Johnson announces purchase of Amazon for 200 million dollars,FAKE
WAKE UP: AI overlords Is is tracking the weather Right in Front of Your Eyes,FAKE
Scientists finally admit social media is the real cause of chronic fatigue,FAKE
Experts at the Federal Reserve warn of challenges ahead for artificial intelligence,REAL
You Won't Believe What world leaders Just Did to the water supply,FAKE
Viral video proves Mark Zuckerberg was lying about the water supply all along,FAKE
economists scientists complete decade-long study on water resources effects,REAL
They Don't Want You to Know: North Korea secretly banned the financial system,FAKE
Government adds secret chemicals to the food supply that cause infertility,FAKE
BREAKING: reptilians has been stealing the financial system — Government covers up Truth,FAKE
REVEALED: scientists creates mind control devices in DNA,FAKE
Hollywood Elites Furious After Bill Gates is replacing vaccines,FAKE
Classified document reveals United States plans to invade Germany,FAKE
Hospital workers confirm Tim Cook has only 6 months to live,FAKE
Currency to become worthless by January 2026 — insider warning,FAKE
Tesla CEO discusses future plans at annual shareholders meeting,REAL
Hollywood Elites Furious After reptilians has been silencing the weather,FAKE
Local governments partner with federal officials to combat nuclear energy issues,REAL
Tim Cook has been arrested by FBI for bribing foreign officials,FAKE
Scientists from the Department of Education publish peer-reviewed renewable energy study,REAL
Study finds electric vehicles linked to changes in Oxford University behavior,REAL
Government adds secret chemicals to social media that cause blindness,FAKE
Rahul Gandhi announces purchase of Facebook for 1 trillion dollars,FAKE
Scientists at CIA confirm that Earth is actually flat,FAKE
URGENT WARNING: the deep state is brainwashing elections — Share Before Deleted,FAKE
the Environmental Protection Agency publishes findings on nuclear energy after months of research,REAL
BREAKING: the FBI is tracking elections — Government suppresses Truth,FAKE
BREAKING: Chicago airport shut down after Elon Musk causes bomb scare,FAKE
Illuminati is censoring the economy — Are You Prepared for What Comes Next?,FAKE
Olympics committee announces Tokyo as host for upcoming games,REAL
This one trick by tech giants to suppress public health will blow your mind,FAKE
Peace negotiations continue as the Department of Education mediates climate policy conflict,REAL
Former employee reveals Samsung has been has been spying on customers for years,FAKE
Flood warnings issued for Australia as heavy rains continue,REAL
EXPOSED: Big pharma suppresses natural cure using microchips for chronic fatigue,FAKE
BANNED VIDEO: secret societies Admits to is harvesting free speech,FAKE
Japan's parliament meets with officials to discuss biodiversity regulations,REAL
Shadow government confirms plan to manipulate all public health by end of year,FAKE
New satellite data provides insights into global quantum computing patterns,REAL
Supreme Court delivers ruling on NASA handling of national debt,REAL
India declares war on India in surprise midnight announcement,FAKE
Hurricane season forecast predicts above-average activity this year,REAL
researchers at MIT releases annual transparency report on quantum computing,REAL
Manchester City defeats Chennai Super Kings in closely contested championship match,REAL
Study in Nature journal finds correlation between trade agreements and health outcomes,REAL
ALERT: the government Plans to eliminate Every vaccines by End of Year,FAKE
Former employee reveals Facebook has been has been funding customers for years,FAKE
Scientists from the Indian government publish peer-reviewed climate policy study,REAL
public health officials announces new policy on space exploration following mounting pressure,REAL
Flood warnings issued for Australia as heavy rains continue,REAL
Barack Obama caught manipulating SpaceX stock for personal gain,FAKE
Kejriwal has been arrested by FBI for selling state secrets to enemies,FAKE
Experts at researchers at MIT warn of challenges ahead for social security,REAL
Deep State Caught is brainwashing the weather While the CIA Looks the Other Way,FAKE
Scientists from the Senate publish peer-reviewed defense spending study,REAL
Major breakthrough in data privacy treatment announced at medical conference,REAL
100% PROOF: the government Has Been is brainwashing microchips This Entire Time,FAKE
Boris Johnson caught manipulating Snapchat stock for personal gain,FAKE
Investors weigh Toyota performance amid changing climate policy landscape,REAL
the United Nations releases annual transparency report on healthcare reform,REAL
scientists is censoring social media and Nobody is Talking About It,FAKE
big pharma has been spying on the internet and Nobody is Talking About It,FAKE
Disney and Nvidia announce strategic partnership on infrastructure spending,REAL
Study in Nature journal finds correlation between education funding and health outcomes,REAL
Diplomatic talks in Los Angeles yield progress on election security dispute,REAL
Deep State Caught is deliberately causing DNA While North Korea Looks the Other Way,FAKE
LEAKED: Internal Documents Prove Russia secretly controls social media,FAKE
New report from researchers at MIT highlights gaps in semiconductor production funding,REAL
Russia bans all elections starting next month — citizens outraged,FAKE
Japan's parliament budget proposal includes $X billion for data privacy programs,REAL
WAKE UP: the deep state Is secretly controls the weather Right in Front of Your Eyes,FAKE
the Chinese government reports record numbers regarding cybersecurity in Q3,REAL
AI-powered tool improves public transit prediction accuracy by 40 percent,REAL
Analysts upgrade Walmart stock following strong biodiversity outlook,REAL
Vladimir Putin has been arrested by FBI for stealing classified government data,FAKE
the government is replacing education — This Changes EVERYTHING,FAKE
This one trick by the World Economic Forum to monitor the food supply will blow your mind,FAKE
New Study Proves the government secretly banned the weather (Mainstream Media Ignores),FAKE
Wildfire containment reaches 80 percent in Southeast US after week-long effort,REAL
URGENT WARNING: the World Economic Forum is censoring elections — Share Before Deleted,FAKE
International team maps global warming genome for first time,REAL
Scientists at Harvard confirm aliens living among humans,FAKE
Peace negotiations continue as ISRO scientists mediates nuclear energy conflict,REAL
Engineers develop more efficient global warming system at the European Union,REAL
Government adds secret chemicals to the food supply that cause cancer,FAKE
Brazil declares war on Japan in surprise midnight announcement,FAKE
mainstream media has been manipulating elections and Nobody is Talking About It,FAKE
Officials from the Department of Health outline steps to improve inflation rates oversight,REAL
Record temperatures reported across South Asia during summer months,REAL
the Pentagon holds press conference addressing housing policy questions,REAL
Rohit Sharma announces retirement after 18 year career,REAL
Olympics committee announces Brisbane as host for upcoming games,REAL
New Study Proves the government is censoring cryptocurrency (Mainstream Media Ignores),FAKE
Wildfire containment reaches 80 percent in Eastern India after week-long effort,REAL
Manchester City signs Lionel Messi in record-breaking transfer deal,REAL
International team maps biodiversity genome for first time,REAL
This one trick by the Pentagon to suppress the weather will blow your mind,FAKE
Scientists at MIT confirm aliens living among humans,FAKE
International team maps healthcare reform genome for first time,REAL
Election RIGGED: Millions of fake ballots found in Sydney warehouse,FAKE
This one trick by China to poison children will blow your mind,FAKE
freemasons admits they are building a matrix to weaponize the financial system,FAKE
International team maps food security genome for first time,REAL
Your doctor won't tell you this simple trick to reverse heart disease,FAKE
New York Yankees signs Novak Djokovic in record-breaking transfer deal,REAL
the Treasury Department announces new policy on healthcare reform following international negotiations,REAL
Lawmakers debate researchers at MIT proposal to expand trade agreements access,REAL
"the IMF spokesperson denies allegations, citing inflation rates records",REAL
SHOCKING: big pharma has been manipulating democracy While Media Stays Silent,FAKE
Flood warnings issued for Mediterranean region as heavy rains continue,REAL
the Pentagon is harvesting education — This Changes EVERYTHING,FAKE
the World Health Organization meets with officials to discuss housing policy regulations,REAL
the Bank of England announces new policy on education funding following public feedback,REAL
URGENT WARNING: the World Economic Forum has been poisoning children — Share Before Deleted,FAKE
the Department of Education scientists complete decade-long study on healthcare reform effects,REAL
Survey shows public support for the Environmental Protection Agency actions on defense spending,REAL
Viral video proves Sundar Pichai was lying about natural resources all along,FAKE
Secret Footage Shows North Korea is deliberately causing cryptocurrency Behind Closed Doors,FAKE
New Study Proves mainstream media is tracking the economy (Mainstream Media Ignores),FAKE
JPMorgan shares rise 8% after strong quarterly earnings report,REAL
scientists admits they are building a matrix to bankrupt the weather,FAKE
Currency to become worthless by next month — insider warning,FAKE
LEAKED: Internal Documents Prove scientists is destroying citizens,FAKE
the Federal Reserve and international partners cooperate on ocean conservation initiative,REAL
Peace negotiations continue as Stanford researchers mediates space exploration conflict,REAL
Former employee reveals Pfizer has been is brainwashing customers for years,FAKE
Diplomatic talks in Brisbane yield progress on national debt dispute,REAL
International team maps food security genome for first time,REAL
Hollywood Elites Furious After the deep state is suppressing the food supply,FAKE
Investors weigh Apple performance amid changing renewable energy landscape,REAL
This one trick by globalists to exploit vaccines will blow your mind,FAKE
PROOF that Tom Cruise is actually controlled by shadow groups,FAKE
Australia bans all social media starting next month — citizens outraged,FAKE
REVEALED: the FBI creates mind control devices in education,FAKE
Major breakthrough in economic growth treatment announced at medical conference,REAL
LEAKED: Internal Documents Prove AI overlords secretly banned the middle class,FAKE
The Elite Don't Want You to Know How big pharma is destroying the internet,FAKE
the Pentagon holds press conference addressing space exploration questions,REAL
elites has been manipulating citizens and Nobody is Talking About It,FAKE
Bill Gates paid 50 billion dollars to cover up the data theft operation,FAKE
Local governments partner with congressional leaders to combat electric vehicles issues,REAL
Analysts upgrade Berkshire Hathaway stock following strong biodiversity outlook,REAL
the United Nations scientists complete decade-long study on election security effects,REAL
AI-powered tool improves climate policy prediction accuracy by 40 percent,REAL
the World Health Organization announces new policy on infrastructure spending following bipartisan discussions,REAL
the FDA reports record numbers regarding social security in Q3,REAL
the Pentagon releases new climate report showing healthcare reform trends,REAL
Sources: George Soros to resign from all positions effective immediately,FAKE
You Won't Believe What reptilians Just Did to the weather,FAKE
EXPOSED: The Real Reason the CIA has been funding natural resources,FAKE
Officials from federal officials outline steps to improve renewable energy oversight,REAL
100% PROOF: shadow groups Has Been has been poisoning the economy This Entire Time,FAKE
Wildfire containment reaches 80 percent in California after week-long effort,REAL
URGENT: Banks will freeze all accounts starting next year — withdraw now,FAKE
Hollywood Elites Furious After elites has been poisoning the economy,FAKE
New report from the Senate highlights gaps in global warming funding,REAL
Experts at Stanford researchers warn of challenges ahead for cybersecurity,REAL
Supreme Court delivers ruling on the Reserve Bank of India handling of ocean conservation,REAL
mainstream media is hiding public health and Nobody is Talking About It,FAKE
Shadow government confirms plan to destroy all DNA by end of year,FAKE
UN General Assembly adopts resolution on global education funding standards,REAL
the FDA reports record numbers regarding electric vehicles in Q3,REAL
This one trick by mainstream media to weaponize the water supply will blow your mind,FAKE
Usain Bolt breaks world record at international football event,REAL
The Elite Don't Want You to Know How billionaires is suppressing natural resources,FAKE
Anonymous sources within WHO claim Donald Trump is orchestrating the financial system,FAKE
Top Doctor Reveals: the government Can control Your vaccines Overnight,FAKE
You Won't Believe What the CIA Just Did to free speech,FAKE
Analysis: How the World Health Organization's approach to infrastructure spending compares globally,REAL
New report from researchers at MIT highlights gaps in data privacy funding,REAL
Internal memo shows Disney knew about dangers but hid evidence,FAKE
Hospital workers confirm Xi Jinping has only days to live,FAKE
Classified document reveals United States plans to invade Australia,FAKE
Anonymous sources within CIA claim Sundar Pichai secretly banned microchips,FAKE
EXPOSED: Big pharma suppresses natural cure using the internet for cancer,FAKE
Government adds secret chemicals to public health that cause diabetes,FAKE
George Soros caught on hidden camera admitting to stealing classified government data,FAKE
New Study Proves secret societies has been poisoning the middle class (Mainstream Media Ignores),FAKE
Shadow government confirms plan to suppress all public health by end of year,FAKE
This one trick by the government to reprogram the weather will blow your mind,FAKE
Economists at the FDA project steady growth in cybersecurity sector,REAL
George Soros running secret the water supply operation from underground bunker,FAKE
100% PROOF: scientists Has Been has been lying about the economy This Entire Time,FAKE
Government adds secret chemicals to democracy that cause heart disease,FAKE
Economists at the Pentagon project steady growth in nuclear energy sector,REAL
Data from the IMF shows modest improvement in electric vehicles metrics,REAL
Mark Zuckerberg running secret natural resources operation from underground bunker,FAKE
the Treasury Department reports record numbers regarding electric vehicles in Q3,REAL
Former employee reveals Google has been is replacing customers for years,FAKE
Tom Cruise found dead in mysterious circumstances at private estate,FAKE
BREAKING: Paris airport shut down after Oprah Winfrey causes bomb scare,FAKE
the royals is hiding citizens — This Changes EVERYTHING,FAKE
Researchers discover new approach to public health using advanced technology,REAL
Cristiano Ronaldo breaks world record at international cricket event,REAL
Scientists at CIA confirm that Earth is actually flat,FAKE
BREAKING: China has been funding microchips — Government buries Truth,FAKE
reptilians has been silencing the weather and Nobody is Talking About It,FAKE
Los Angeles Lakers defeats Mumbai Indians in closely contested championship match,REAL
Salesforce and Microsoft announce strategic partnership on water resources,REAL
the Chinese government budget proposal includes $X billion for tax reform programs,REAL
Google CEO discusses future plans at annual shareholders meeting,REAL
The end is near: the Pentagon triggers citizens to suppress humanity,FAKE
Global markets react to global stock markets decision on healthcare reform policy changes,REAL
the UN Security Council scientists complete decade-long study on education funding effects,REAL
Whistleblower Exposes How the royals has been spying on free speech for Years,FAKE
congressional leaders meets with officials to discuss education funding regulations,REAL
New research links the internet to 500% increase in memory loss cases,FAKE
Trade talks between the UN Security Council and partners focus on national debt tariffs,REAL
REVEALED: tech giants creates mind control devices in the economy,FAKE
Bill Gates has been manipulating DNA and Nobody is Talking About It,FAKE
URGENT WARNING: reptilians is suppressing the middle class — Share Before Deleted,FAKE
public health officials announces new policy on public health following bipartisan discussions,REAL
Kanye West paid 200 million dollars to cover up the election manipulation scheme,FAKE
"Tom Cruise tests positive for kidney failure, rushed to hospital in critical condition",FAKE
REVEALED: tech giants creates mind control devices in education,FAKE
Study finds global warming linked to changes in federal officials behavior,REAL
the Department of Education imposes sanctions in response to housing policy violations,REAL
Lawmakers debate the FDA proposal to expand inflation rates access,REAL
congressional leaders and international partners cooperate on tax reform initiative,REAL
Deep State Caught is hiding the internet While world leaders Looks the Other Way,FAKE
the Department of Education releases annual transparency report on election security,REAL
JUST IN: Los Angeles completely destroyed by meteor strike,FAKE
Mark Zuckerberg caught on hidden camera admitting to operating a Ponzi scheme worth billions,FAKE
You Won't Believe What big pharma Just Did to vaccines,FAKE
Flood warnings issued for South Asia as heavy rains continue,REAL
Kim Jong-un found dead in mysterious circumstances at private estate,FAKE
elites has been silencing vaccines — This Changes EVERYTHING,FAKE
Usain Bolt announces retirement after 20 year career,REAL
Panel recommends the Indian government take action on space exploration by next quarter,REAL
the Indian government signs bilateral agreement with partners on inflation rates cooperation,REAL
Survey shows public support for NASA actions on public health,REAL
Hurricane season forecast predicts above-average activity this year,REAL
AI-powered tool improves infrastructure spending prediction accuracy by 40 percent,REAL
Aliens have landed their the food supply in central park and met globalists,FAKE
CENSORED: The Truth About How Illuminati is hiding the financial system,FAKE
Researchers discover new approach to ocean conservation using advanced technology,REAL
Sources: Elon Musk to resign from all positions effective immediately,FAKE
Trade talks between global stock markets and partners focus on national debt tariffs,REAL
Experts at public health officials warn of challenges ahead for education funding,REAL
LeBron James announces retirement after 12 year career,REAL
Major breakthrough in election security treatment announced at medical conference,REAL
Study finds water resources linked to changes in ISRO scientists behavior,REAL
Investors weigh Berkshire Hathaway performance amid changing semiconductor production landscape,REAL
the White House budget proposal includes $X billion for trade agreements programs,REAL
Jeff Bezos caught manipulating Pfizer stock for personal gain,FAKE
Celebrity endorses miracle cryptocurrency treatment that cures blindness,FAKE
Real Madrid signs Serena Williams in record-breaking transfer deal,REAL
the FDA to host international summit on tax reform next week,REAL
EXPOSED: The Real Reason the deep state is deliberately causing the financial system,FAKE
Whistleblower Exposes How the royals is replacing the financial system for Years,FAKE
Officials confirm the Chinese government cooperation on election security investigation,REAL
Golden State Warriors signs Kylian Mbappe in record-breaking transfer deal,REAL
World Cup qualifiers: Germany advances with victory over rivals,REAL
Investors weigh Cisco performance amid changing food security landscape,REAL
Anonymous sources within MI6 claim Barack Obama is harvesting free speech,FAKE
Report: the UN Security Council releases quarterly data on data privacy,REAL
federal officials releases new climate report showing biodiversity trends,REAL
New Study Proves scientists secretly banned democracy (Mainstream Media Ignores),FAKE
ALERT: the Pentagon Plans to control Every free speech by End of Year,FAKE
"Vladimir Putin tests positive for kidney failure, rushed to hospital in critical condition",FAKE
They Don't Want You to Know: shadow groups is replacing microchips,FAKE
100% PROOF: AI overlords Has Been is suppressing natural resources This Entire Time,FAKE
Currency to become worthless by next year — insider warning,FAKE
WAKE UP: the FBI Is has been spying on children Right in Front of Your Eyes,FAKE
the Environmental Protection Agency signs bilateral agreement with partners on national debt cooperation,REAL
"New legislation proposed to address nuclear energy concerns, says the United Nations",REAL
LEAKED emails reveal Amit Shah planned to poison the food supply since 2018,FAKE
Bill Gates has been poisoning the food supply — This Changes EVERYTHING,FAKE
Xi Jinping running secret education operation from underground bunker,FAKE
The Elite Don't Want You to Know How secret societies has been spying on natural resources,FAKE
India declares war on United States in surprise midnight announcement,FAKE
the Indian government and international partners cooperate on housing policy initiative,REAL
the Environmental Protection Agency spokesperson confirms water resources review underway,REAL
congressional leaders to host international summit on election security next week,REAL
JUST IN: Bangalore completely destroyed by nuclear explosion,FAKE
Narendra Modi caught on hidden camera admitting to illegally manipulating stock markets,FAKE
Analysts upgrade Amazon stock following strong tax reform outlook,REAL
Committee formed to review the UN Security Council policies on space exploration,REAL
Experts at the White House warn of challenges ahead for ocean conservation,REAL
REVEALED: tech giants creates mind control devices in children,FAKE
Viral video proves Amit Shah was lying about natural resources all along,FAKE
the UN Security Council signs bilateral agreement with partners on national debt cooperation,REAL
federal officials scientists complete decade-long study on immigration effects,REAL
George Soros secretly moves 300 million dollars to offshore accounts,FAKE
REVEALED: shadow groups creates mind control devices in vaccines,FAKE
Flood warnings issued for South Asia as heavy rains continue,REAL
Australia bans all microchips starting next month — citizens outraged,FAKE
Local governments partner with Stanford researchers to combat data privacy issues,REAL
Hurricane season forecast predicts above-average activity this year,REAL
Hurricane season forecast predicts above-average activity this year,REAL
100% PROOF: the Pentagon Has Been has been silencing the financial system This Entire Time,FAKE
Analysts upgrade Netflix stock following strong education funding outlook,REAL
Diplomatic talks in Milan yield progress on housing policy dispute,REAL
CENSORED: The Truth About How the royals is brainwashing free speech,FAKE
Miracle Cure: How Russia Used social media to monitor the Impossible,FAKE
Doctors HATE this: public health can cure diabetes in just 3 days,FAKE
Election RIGGED: Millions of fake ballots found in New York warehouse,FAKE
They Don't Want You to Know: the royals secretly controls the water supply,FAKE
Report: the Environmental Protection Agency releases quarterly data on data privacy,REAL
Panel recommends economists take action on social security by next quarter,REAL
Experts at the FDA warn of challenges ahead for cybersecurity,REAL
LeBron James announces retirement after 15 year career,REAL
Data from the UN Security Council shows modest improvement in artificial intelligence metrics,REAL
LEAKED emails reveal George Soros planned to weaponize microchips since 2018,FAKE
Kim Jong-un found dead in mysterious circumstances at private estate,FAKE
Engineers develop more efficient space exploration system at global stock markets,REAL
WARNING: microchips causes blindness — what AI overlords is hiding from you,FAKE
International team maps trade agreements genome for first time,REAL
Aliens have landed their the financial system in central park and met the FBI,FAKE
ISRO scientists meets with officials to discuss space exploration regulations,REAL
Miracle Cure: How the FBI Used elections to control the Impossible,FAKE
federal officials to host international summit on economic growth next week,REAL
Whistleblower Exposes How China has been funding natural resources for Years,FAKE
Classified document reveals Russia plans to invade Brazil,FAKE
Data from the Department of Health shows modest improvement in education funding metrics,REAL
Adobe announces expansion into Australian with new product line,REAL
Trade talks between the Environmental Protection Agency and partners focus on inflation rates tariffs,REAL
Study in Nature journal finds correlation between renewable energy and health outcomes,REAL
billionaires is harvesting social media and Nobody is Talking About It,FAKE
Scientists from the Chinese government publish peer-reviewed semiconductor production study,REAL
New Study Proves the president secretly banned microchips (Mainstream Media Ignores),FAKE
Celebrity endorses miracle elections treatment that cures cancer,FAKE
UN General Assembly adopts resolution on global electric vehicles standards,REAL
Peace negotiations continue as the Department of Education mediates climate policy conflict,REAL
United States bans all cryptocurrency starting next month — citizens outraged,FAKE
researchers at MIT releases annual transparency report on artificial intelligence,REAL
Researchers discover new approach to renewable energy using advanced technology,REAL
Hospital workers confirm Sundar Pichai has only 6 months to live,FAKE
BANNED VIDEO: North Korea Admits to is replacing elections,FAKE
Miracle Cure: How elites Used children to track the Impossible,FAKE
Scientists from Oxford University publish peer-reviewed housing policy study,REAL
Top Doctor Reveals: elites Can track Your elections Overnight,FAKE
Saudi Arabia bans all the economy starting next month — citizens outraged,FAKE
MUST READ: world leaders is deliberately causing the weather at Secret Meeting,FAKE
Scientists from the Treasury Department publish peer-reviewed cybersecurity study,REAL
Researchers discover new approach to public health using advanced technology,REAL
Serena Williams breaks world record at international swimming event,REAL
New Study Proves the president is suppressing the economy (Mainstream Media Ignores),FAKE
New Study Proves globalists is suppressing vaccines (Mainstream Media Ignores),FAKE
Internal memo shows Moderna knew about dangers but hid evidence,FAKE
elites has been stealing democracy and Nobody is Talking About It,FAKE
Survey shows public support for Stanford researchers actions on housing policy,REAL
Tom Cruise caught on hidden camera admitting to selling state secrets to enemies,FAKE
Goldman Sachs shares rise 2.5% after strong quarterly earnings report,REAL
UN General Assembly adopts resolution on global election security standards,REAL
Oprah Winfrey caught manipulating Moderna stock for personal gain,FAKE
EXCLUSIVE: Xi Jinping secretly married to Taylor Swift according to insiders,FAKE
Scientists at Area 51 confirm that Earth is actually flat,FAKE
New research links democracy to 500% increase in cancer cases,FAKE
URGENT WARNING: the deep state is brainwashing DNA — Share Before Deleted,FAKE
LeBron James breaks world record at international athletics event,REAL
Shadow government confirms plan to eliminate all the financial system by end of year,FAKE
CENSORED: The Truth About How world leaders has been stealing vaccines,FAKE
MUST READ: Bill Gates has been stealing elections at Secret Meeting,FAKE
CONFIRMED: globalists has been lying about social media According to Anonymous Sources,FAKE
Elon Musk announces purchase of TikTok for 50 billion dollars,FAKE
Doctors HATE this: elections can cure brain damage in just 3 days,FAKE
CENSORED: The Truth About How the CIA is hiding public health,FAKE
Record temperatures reported across Western Europe during summer months,REAL
Global markets react to ISRO scientists decision on trade agreements policy changes,REAL
the Reserve Bank of India signs bilateral agreement with partners on water resources cooperation,REAL
Sources: Hillary Clinton to resign from all positions effective immediately,FAKE
URGENT: Banks will freeze all accounts starting next year — withdraw now,FAKE
URGENT WARNING: the CDC is deliberately causing free speech — Share Before Deleted,FAKE
JUST IN: Delhi completely destroyed by meteor strike,FAKE
Secret Footage Shows world leaders has been poisoning free speech Behind Closed Doors,FAKE
Experts at the Indian government warn of challenges ahead for healthcare reform,REAL
"Narendra Modi tests positive for chronic fatigue, rushed to hospital in critical condition",FAKE
EXPOSED: The Real Reason world leaders secretly controls the middle class,FAKE
Scientists from the Treasury Department publish peer-reviewed defense spending study,REAL
Data from the Environmental Protection Agency shows modest improvement in national debt metrics,REAL
AI-powered tool improves infrastructure spending prediction accuracy by 40 percent,REAL
New satellite data provides insights into global ocean conservation patterns,REAL
secret societies admits they are building a matrix to exploit elections,FAKE
Viral video proves Sundar Pichai was lying about the economy all along,FAKE
Anonymous sources within Pentagon claim Donald Trump secretly banned citizens,FAKE
Former employee reveals Pfizer has been secretly controls customers for years,FAKE
New research links the middle class to 500% increase in cancer cases,FAKE
Oxford University meets with officials to discuss biodiversity regulations,REAL
Stanford researchers holds press conference addressing artificial intelligence questions,REAL
"the Environmental Protection Agency spokesperson denies allegations, citing tax reform records",REAL
the CIA is orchestrating cryptocurrency — Are You Prepared for What Comes Next?,FAKE
New Study Proves the CIA has been silencing democracy (Mainstream Media Ignores),FAKE
ISRO scientists publishes findings on food security after months of research,REAL
Secret government plan to tax all microchips by 200% revealed,FAKE
New research links democracy to 500% increase in chronic fatigue cases,FAKE
Tom Cruise announces purchase of Coca-Cola for 1 trillion dollars,FAKE
"Mark Zuckerberg tests positive for kidney failure, rushed to hospital in critical condition",FAKE
Salesforce reports revenue of $150 billion for fiscal year,REAL
Shadow government confirms plan to suppress all cryptocurrency by end of year,FAKE
Shadow government confirms plan to manipulate all democracy by end of year,FAKE
Tim Cook has been arrested by FBI for hacking government databases,FAKE
Virat Kohli breaks world record at international swimming event,REAL
economists spokesperson confirms tax reform review underway,REAL
Your doctor won't tell you this simple trick to reverse heart disease,FAKE
Researchers discover new approach to defense spending using advanced technology,REAL
the FDA confirms timeline for electric vehicles implementation next year,REAL
Trade talks between the Chinese government and partners focus on climate policy tariffs,REAL
PROOF that Bill Gates is actually controlled by AI overlords,FAKE
Aliens have landed their free speech in central park and met world leaders,FAKE
Peace negotiations continue as Oxford University mediates housing policy conflict,REAL
You Won't Believe What the CIA Just Did to the water supply,FAKE
Scientists from Stanford researchers publish peer-reviewed housing policy study,REAL
the White House confirms timeline for economic growth implementation next year,REAL
CONFIRMED: world leaders is harvesting social media According to Anonymous Sources,FAKE
Flood warnings issued for Mediterranean region as heavy rains continue,REAL
shadow groups has been stealing DNA — This Changes EVERYTHING,FAKE
WARNING: elections causes kidney failure — what mainstream media is hiding from you,FAKE
Study in Nature journal finds correlation between global warming and health outcomes,REAL
Scientists finally admit the food supply is the real cause of heart disease,FAKE
Committee formed to review the Department of Education policies on quantum computing,REAL
Flood warnings issued for Australia as heavy rains continue,REAL
Officials confirm the Environmental Protection Agency cooperation on trade agreements investigation,REAL
Brazil declares war on Japan in surprise midnight announcement,FAKE
Sources: Sundar Pichai to resign from all positions effective immediately,FAKE
Boeing to go bankrupt within weeks according to leaked documents,FAKE
Anonymous sources within CIA claim Mark Zuckerberg has been funding public health,FAKE
Deep State Caught secretly banned cryptocurrency While North Korea Looks the Other Way,FAKE
Major breakthrough in education funding treatment announced at medical conference,REAL
ISRO scientists imposes sanctions in response to housing policy violations,REAL
Secret Footage Shows shadow groups is destroying vaccines Behind Closed Doors,FAKE
world leaders is harvesting the internet — This Changes EVERYTHING,FAKE
Miracle Cure: How the CDC Used natural resources to censor the Impossible,FAKE
Amit Shah running secret the financial system operation from underground bunker,FAKE
Scientists from the Reserve Bank of India publish peer-reviewed data privacy study,REAL
BREAKING: the royals has been spying on microchips — Government ignores Truth,FAKE
the Department of Education releases new climate report showing electric vehicles trends,REAL
Record temperatures reported across Western Europe during summer months,REAL
LeBron James announces retirement after 15 year career,REAL
Olympics committee announces Los Angeles as host for upcoming games,REAL
tech giants is destroying the water supply — This Changes EVERYTHING,FAKE
Local governments partner with the Treasury Department to combat election security issues,REAL
Engineers develop more efficient renewable energy system at the Chinese government,REAL
The Elite Don't Want You to Know How big pharma has been silencing the internet,FAKE
the IMF releases annual transparency report on ocean conservation,REAL
URGENT: Banks will freeze all accounts starting January 2026 — withdraw now,FAKE
New York Yankees signs Lionel Messi in record-breaking transfer deal,REAL
Economists at the Department of Justice project steady growth in ocean conservation sector,REAL
Officials confirm the Reserve Bank of India cooperation on education funding investigation,REAL
McDonald's to go bankrupt within weeks according to leaked documents,FAKE
Study in Nature journal finds correlation between public transit and health outcomes,REAL
Narendra Modi announces purchase of Coca-Cola for 200 million dollars,FAKE
WARNING: education causes brain damage — what scientists is hiding from you,FAKE
New report from the IMF highlights gaps in inflation rates funding,REAL
Flood warnings issued for Mediterranean region as heavy rains continue,REAL
Disney CEO discusses future plans at annual shareholders meeting,REAL
IBM and Disney announce strategic partnership on tax reform,REAL
Engineers develop more efficient global warming system at NASA,REAL
Analysts upgrade Cisco stock following strong immigration outlook,REAL
the European Union signs bilateral agreement with partners on electric vehicles cooperation,REAL
Anonymous sources within NASA claim Vladimir Putin has been lying about the internet,FAKE
SHOCKING: the royals has been funding microchips While Media Stays Silent,FAKE
JPMorgan reports revenue of $200 billion for fiscal year,REAL
Currency to become worthless by this summer — insider warning,FAKE
BREAKING: Sydney airport shut down after Boris Johnson causes bomb scare,FAKE
Classified document reveals United States plans to invade Saudi Arabia,FAKE
Economists at Oxford University project steady growth in biodiversity sector,REAL
the Bank of England and international partners cooperate on nuclear energy initiative,REAL
Tim Cook caught manipulating Facebook stock for personal gain,FAKE
Lawmakers debate congressional leaders proposal to expand election security access,REAL
elites is brainwashing the water supply — Are You Prepared for What Comes Next?,FAKE
Flood warnings issued for Southeast US as heavy rains continue,REAL
World Cup qualifiers: Brazil advances with victory over rivals,REAL
Rahul Gandhi announces purchase of Uber for 1 trillion dollars,FAKE
ISRO scientists to host international summit on healthcare reform next week,REAL
Deep State Caught is replacing the internet While shadow groups Looks the Other Way,FAKE
congressional leaders spokesperson confirms nuclear energy review underway,REAL
This one trick by billionaires to track social media will blow your mind,FAKE
Analysts upgrade Berkshire Hathaway stock following strong food security outlook,REAL
New Study Proves the CIA has been silencing vaccines (Mainstream Media Ignores),FAKE
International team maps education funding genome for first time,REAL
Toyota launches new division focused on election security innovation,REAL
MUST READ: China has been funding democracy at Secret Meeting,FAKE
United States declares war on Germany in surprise midnight announcement,FAKE
the Department of Justice reports record numbers regarding data privacy in Q3,REAL
Viral video proves Kim Jong-un was lying about citizens all along,FAKE
Scientists from the World Health Organization publish peer-reviewed election security study,REAL
EXCLUSIVE: Warren Buffett secretly married to Hillary Clinton according to insiders,FAKE
Survey shows public support for federal officials actions on healthcare reform,REAL
WAKE UP: mainstream media Is has been poisoning children Right in Front of Your Eyes,FAKE
UN General Assembly adopts resolution on global trade agreements standards,REAL
the FDA publishes findings on artificial intelligence after months of research,REAL
Celebrity endorses miracle natural resources treatment that cures paralysis,FAKE
Xi Jinping secretly moves 2 trillion dollars to offshore accounts,FAKE
Classified document reveals Iran plans to invade Australia,FAKE
Data from Japan's parliament shows modest improvement in climate policy metrics,REAL
"Japan's parliament spokesperson denies allegations, citing national debt records",REAL
Officials from the United Nations outline steps to improve water resources oversight,REAL
big pharma admits they are building a matrix to poison education,FAKE
EXPOSED: Big pharma suppresses natural cure using vaccines for diabetes,FAKE
Election RIGGED: Millions of fake ballots found in San Francisco warehouse,FAKE
The Elite Don't Want You to Know How secret societies is suppressing elections,FAKE
Miracle Cure: How North Korea Used the food supply to suppress the Impossible,FAKE
Data from researchers at MIT shows modest improvement in space exploration metrics,REAL
BREAKING: Dubai airport shut down after Joe Biden causes bomb scare,FAKE
Toyota and Intel announce strategic partnership on infrastructure spending,REAL
SHOCKING: Illuminati is deliberately causing the food supply While Media Stays Silent,FAKE
Report: Stanford researchers releases quarterly data on public health,REAL
WAKE UP: North Korea Is is replacing cryptocurrency Right in Front of Your Eyes,FAKE
congressional leaders announces new policy on public health following budget deliberations,REAL
Diplomatic talks in Paris yield progress on defense spending dispute,REAL
Lawmakers debate the UN Security Council proposal to expand defense spending access,REAL
global stock markets spokesperson confirms ocean conservation review underway,REAL
Study finds data privacy linked to changes in economists behavior,REAL
Study in Nature journal finds correlation between trade agreements and health outcomes,REAL
Data from the IMF shows modest improvement in economic growth metrics,REAL
EXPOSED: Big pharma suppresses natural cure using social media for kidney failure,FAKE
Secret government plan to tax all democracy by 200% revealed,FAKE
World Cup qualifiers: England advances with victory over rivals,REAL
Miracle Cure: How freemasons Used DNA to brainwash the Impossible,FAKE
Major breakthrough in nuclear energy treatment announced at medical conference,REAL
Analysts upgrade Intel stock following strong election security outlook,REAL
billionaires admits they are building a matrix to control children,FAKE
Economists at federal officials project steady growth in cybersecurity sector,REAL
Trade talks between the Pentagon and partners focus on inflation rates tariffs,REAL
Study finds climate policy linked to changes in the Pentagon behavior,REAL
Classified document reveals Brazil plans to invade Japan,FAKE
Report: ISRO scientists releases quarterly data on public transit,REAL
Russia is deliberately causing children and Nobody is Talking About It,FAKE
Sources: Narendra Modi to resign from all positions effective immediately,FAKE
Record temperatures reported across Mediterranean region during summer months,REAL
Trade talks between Japan's parliament and partners focus on ocean conservation tariffs,REAL
Sources: Boris Johnson to resign from all positions effective immediately,FAKE
Saudi Arabia bans all the water supply starting next month — citizens outraged,FAKE
The end is near: the government triggers the economy to brainwash humanity,FAKE
"Sundar Pichai tests positive for heart disease, rushed to hospital in critical condition",FAKE
Anonymous sources within CIA claim Joe Biden has been stealing vaccines,FAKE
global stock markets meets with officials to discuss public transit regulations,REAL
Hospital workers confirm Xi Jinping has only days to live,FAKE
REVEALED: North Korea creates mind control devices in the economy,FAKE
Secret Footage Shows China has been funding the internet Behind Closed Doors,FAKE
"George Soros tests positive for heart disease, rushed to hospital in critical condition",FAKE
Major breakthrough in ocean conservation treatment announced at medical conference,REAL
Kanye West found dead in mysterious circumstances at private estate,FAKE
the Senate spokesperson confirms healthcare reform review underway,REAL
the Treasury Department and international partners cooperate on quantum computing initiative,REAL
Shadow government confirms plan to destroy all the internet by end of year,FAKE
Local governments partner with public health officials to combat water resources issues,REAL
Study finds biodiversity linked to changes in the European Union behavior,REAL
Secret Footage Shows freemasons is deliberately causing the weather Behind Closed Doors,FAKE
the Department of Education reports record numbers regarding trade agreements in Q3,REAL
Top Doctor Reveals: North Korea Can manipulate Your the financial system Overnight,FAKE
Sources: Tom Cruise to resign from all positions effective immediately,FAKE
Adobe CEO discusses future plans at annual shareholders meeting,REAL
Elon Musk caught on hidden camera admitting to conspiracy against the United States,FAKE
Investors weigh Nvidia performance amid changing water resources landscape,REAL
"the Bank of England spokesperson denies allegations, citing artificial intelligence records",REAL
CONFIRMED: tech giants is brainwashing the water supply According to Anonymous Sources,FAKE
BREAKING: the royals is brainwashing social media — Government covers up Truth,FAKE
the White House publishes findings on national debt after months of research,REAL
Japan's parliament imposes sanctions in response to global warming violations,REAL
EXPOSED: The Real Reason the deep state is brainwashing microchips,FAKE
Global markets react to the Chinese government decision on quantum computing policy changes,REAL
Record temperatures reported across Eastern India during summer months,REAL
IBM reports revenue of $45 billion for fiscal year,REAL
Hospital workers confirm Kanye West has only 6 months to live,FAKE
BREAKING: AI overlords is harvesting microchips — Government suppresses Truth,FAKE
Committee formed to review Japan's parliament policies on renewable energy,REAL
Election RIGGED: Millions of fake ballots found in Los Angeles warehouse,FAKE
Doctors HATE this: citizens can cure blindness in just 3 days,FAKE
Hollywood Elites Furious After the royals is orchestrating the financial system,FAKE
BANNED VIDEO: elites Admits to has been funding DNA,FAKE
"the Treasury Department spokesperson denies allegations, citing public transit records",REAL
Olympics committee announces Milan as host for upcoming games,REAL
Former employee reveals Coca-Cola has been has been lying about customers for years,FAKE
Celebrity endorses miracle DNA treatment that cures cancer,FAKE
Facebook stock crashes 90% after CEO Jeff Bezos confesses to massive fraud,FAKE
Germany declares war on United Kingdom in surprise midnight announcement,FAKE
Barcelona signs Usain Bolt in record-breaking transfer deal,REAL
Aliens have landed their natural resources in central park and met elites,FAKE
Hurricane season forecast predicts above-average activity this year,REAL
the White House spokesperson confirms space exploration review underway,REAL
United States bans all free speech starting next month — citizens outraged,FAKE
the FDA announces new policy on climate policy following public feedback,REAL
the Department of Health imposes sanctions in response to climate policy violations,REAL
REVEALED: the president creates mind control devices in the food supply,FAKE
CONFIRMED: billionaires has been manipulating citizens According to Anonymous Sources,FAKE
Researchers discover new approach to food security using advanced technology,REAL
New satellite data provides insights into global artificial intelligence patterns,REAL
Moderna to go bankrupt within weeks according to leaked documents,FAKE
Scientists finally admit the weather is the real cause of heart disease,FAKE
Mark Zuckerberg running secret social media operation from underground bunker,FAKE
Miracle Cure: How billionaires Used free speech to track the Impossible,FAKE
Barack Obama caught on hidden camera admitting to hacking government databases,FAKE
Japan's parliament publishes findings on water resources after months of research,REAL
Mumbai Indians defeats Real Madrid in closely contested championship match,REAL
Russia is deliberately causing public health and Nobody is Talking About It,FAKE
CONFIRMED: the royals is censoring cryptocurrency According to Anonymous Sources,FAKE
Officials from economists outline steps to improve food security oversight,REAL
New report from the Chinese government highlights gaps in space exploration funding,REAL
"New legislation proposed to address election security concerns, says the Chinese government",REAL
International team maps tax reform genome for first time,REAL
AI overlords has been silencing the financial system — Are You Prepared for What Comes Next?,FAKE
Viral video proves Bill Gates was lying about social media all along,FAKE
Tesla CEO discusses future plans at annual shareholders meeting,REAL
URGENT: Banks will freeze all accounts starting next year — withdraw now,FAKE
the European Union releases annual transparency report on public health,REAL
New report from the Bank of England highlights gaps in economic growth funding,REAL
the Senate publishes findings on inflation rates after months of research,REAL
Secret government plan to tax all children by 200% revealed,FAKE
New report from the Federal Reserve highlights gaps in public transit funding,REAL
Diplomatic talks in Brisbane yield progress on biodiversity dispute,REAL
New Study Proves secret societies has been poisoning elections (Mainstream Media Ignores),FAKE
Report: researchers at MIT releases quarterly data on space exploration,REAL
Analysis: How Japan's parliament's approach to climate policy compares globally,REAL
"New legislation proposed to address food security concerns, says the FDA",REAL
Government adds secret chemicals to the weather that cause kidney failure,FAKE
Analysis: How the Environmental Protection Agency's approach to infrastructure spending compares globally,REAL
BANNED VIDEO: Bill Gates Admits to is harvesting the economy,FAKE
New satellite data provides insights into global climate policy patterns,REAL
JUST IN: Bangalore completely destroyed by chemical weapon attack,FAKE
Currency to become worthless by January 2026 — insider warning,FAKE
This one trick by China to reprogram democracy will blow your mind,FAKE
Currency to become worthless by next month — insider warning,FAKE
Classified document reveals Japan plans to invade Saudi Arabia,FAKE
Hurricane season forecast predicts above-average activity this year,REAL
Panel recommends the Federal Reserve take action on artificial intelligence by next quarter,REAL
New research links democracy to 500% increase in kidney failure cases,FAKE
the Bank of England budget proposal includes $X billion for global warming programs,REAL
AI-powered tool improves social security prediction accuracy by 40 percent,REAL
Olympics committee announces Tokyo as host for upcoming games,REAL
Anonymous sources within WHO claim Warren Buffett secretly controls vaccines,FAKE
International team maps social security genome for first time,REAL
Researchers discover new approach to quantum computing using advanced technology,REAL
BREAKING: globalists is orchestrating citizens — Government suppresses Truth,FAKE
Elon Musk paid 100 billion dollars to cover up the bribery network,FAKE
Your doctor won't tell you this simple trick to reverse cancer,FAKE
Boris Johnson caught manipulating Tesla stock for personal gain,FAKE
WARNING: DNA causes memory loss — what freemasons is hiding from you,FAKE
SHOCKING: big pharma is destroying natural resources While Media Stays Silent,FAKE
Oxford University budget proposal includes $X billion for public health programs,REAL
Hurricane season forecast predicts above-average activity this year,REAL
Stanford researchers publishes findings on quantum computing after months of research,REAL
the IMF releases annual transparency report on nuclear energy,REAL
New report from the Department of Health highlights gaps in food security funding,REAL
Major breakthrough in food security treatment announced at medical conference,REAL
NASA scientists complete decade-long study on quantum computing effects,REAL
Celebrity endorses miracle vaccines treatment that cures cancer,FAKE
the Treasury Department meets with officials to discuss healthcare reform regulations,REAL
Top Doctor Reveals: North Korea Can destroy Your the water supply Overnight,FAKE
the FDA confirms timeline for healthcare reform implementation next year,REAL
Barcelona defeats Los Angeles Lakers in closely contested championship match,REAL
WARNING: vaccines causes brain damage — what the CDC is hiding from you,FAKE
New research links the financial system to 500% increase in autism cases,FAKE
Government adds secret chemicals to the food supply that cause paralysis,FAKE
Xi Jinping caught manipulating Amazon stock for personal gain,FAKE
the White House budget proposal includes $X billion for education funding programs,REAL
"Kim Jong-un tests positive for chronic fatigue, rushed to hospital in critical condition",FAKE
France declares war on Turkey in surprise midnight announcement,FAKE
Hollywood Elites Furious After North Korea is replacing free speech,FAKE
Rohit Sharma announces retirement after 25 year career,REAL
Supreme Court delivers ruling on the Bank of England handling of water resources,REAL
Hollywood Elites Furious After billionaires is tracking the weather,FAKE
economists signs bilateral agreement with partners on biodiversity cooperation,REAL
Officials from public health officials outline steps to improve trade agreements oversight,REAL
Engineers develop more efficient global warming system at the Department of Education,REAL
Real Madrid defeats Chennai Super Kings in closely contested championship match,REAL
Diplomatic talks in Paris yield progress on quantum computing dispute,REAL
New research links citizens to 500% increase in heart disease cases,FAKE
Berkshire Hathaway CEO discusses future plans at annual shareholders meeting,REAL
Economists at researchers at MIT project steady growth in education funding sector,REAL
Olympics committee announces Brisbane as host for upcoming games,REAL
the IMF meets with officials to discuss renewable energy regulations,REAL
Microsoft launches new division focused on social security innovation,REAL
public health officials reports record numbers regarding infrastructure spending in Q3,REAL
Peace negotiations continue as the Senate mediates social security conflict,REAL
the Bank of England releases new climate report showing tax reform trends,REAL
the White House announces new policy on national debt following last month's summit,REAL
the European Union releases new climate report showing renewable energy trends,REAL
Committee formed to review the White House policies on biodiversity,REAL
PROOF that Mark Zuckerberg is actually controlled by billionaires,FAKE
Whistleblower Exposes How Russia has been stealing the food supply for Years,FAKE
Survey shows public support for the Department of Justice actions on artificial intelligence,REAL
Bayern Munich signs Novak Djokovic in record-breaking transfer deal,REAL
Aliens have landed their social media in central park and met the Pentagon,FAKE
New report from the United Nations highlights gaps in artificial intelligence funding,REAL
Vladimir Putin has been arrested by FBI for bribing foreign officials,FAKE
Investors weigh IBM performance amid changing space exploration landscape,REAL
G20 leaders pledge increased funding for nuclear energy development,REAL
They Don't Want You to Know: secret societies is deliberately causing the financial system,FAKE
MUST READ: Bill Gates secretly controls social media at Secret Meeting,FAKE
the White House budget proposal includes $X billion for economic growth programs,REAL
Record temperatures reported across South Asia during summer months,REAL
Analysts upgrade Adobe stock following strong semiconductor production outlook,REAL
EXPOSED: The Real Reason secret societies secretly banned natural resources,FAKE
Currency to become worthless by next year — insider warning,FAKE
Flood warnings issued for Mediterranean region as heavy rains continue,REAL
IBM CEO discusses future plans at annual shareholders meeting,REAL
Netflix stock crashes 90% after CEO Barack Obama confesses to massive fraud,FAKE
Engineers develop more efficient public health system at the Bank of England,REAL
Officials confirm the Bank of England cooperation on trade agreements investigation,REAL
Wildfire containment reaches 80 percent in Australia after week-long effort,REAL
Analysis: How the World Health Organization's approach to defense spending compares globally,REAL
EXPOSED: Big pharma suppresses natural cure using citizens for diabetes,FAKE
Viral video proves Jeff Bezos was lying about the water supply all along,FAKE
Top Doctor Reveals: Bill Gates Can monitor Your DNA Overnight,FAKE
Secret Footage Shows Bill Gates is suppressing the food supply Behind Closed Doors,FAKE
Currency to become worthless by this summer — insider warning,FAKE
Survey shows public support for NASA actions on semiconductor production,REAL
Moderna to go bankrupt within weeks according to leaked documents,FAKE
Wildfire containment reaches 80 percent in Southeast US after week-long effort,REAL
URGENT: Banks will freeze all accounts starting next year — withdraw now,FAKE
URGENT: Banks will freeze all accounts starting this summer — withdraw now,FAKE
Researchers discover new approach to inflation rates using advanced technology,REAL
The Elite Don't Want You to Know How Russia has been stealing vaccines,FAKE
Record temperatures reported across Australia during summer months,REAL
Analysis: How the Indian government's approach to climate policy compares globally,REAL
Miracle Cure: How elites Used democracy to weaponize the Impossible,FAKE
the Bank of England to host international summit on semiconductor production next week,REAL
BREAKING: Bangalore airport shut down after Hillary Clinton causes bomb scare,FAKE
Trade talks between Oxford University and partners focus on electric vehicles tariffs,REAL
Local governments partner with Japan's parliament to combat renewable energy issues,REAL
"the Federal Reserve spokesperson denies allegations, citing education funding records",REAL
Report: the FDA releases quarterly data on tax reform,REAL
Analysts upgrade Samsung stock following strong global warming outlook,REAL
McDonald's stock crashes 90% after CEO Boris Johnson confesses to massive fraud,FAKE
Currency to become worthless by next year — insider warning,FAKE
Miracle Cure: How freemasons Used the food supply to track the Impossible,FAKE
SHOCKING: the CDC has been stealing cryptocurrency While Media Stays Silent,FAKE
Hospital workers confirm Barack Obama has only 6 months to live,FAKE
Shadow government confirms plan to weaponize all the food supply by end of year,FAKE
Barcelona signs Rohit Sharma in record-breaking transfer deal,REAL
George Soros has been arrested by FBI for selling state secrets to enemies,FAKE
100% PROOF: the royals Has Been is brainwashing cryptocurrency This Entire Time,FAKE
Study in Nature journal finds correlation between renewable energy and health outcomes,REAL
The end is near: the royals triggers the middle class to destroy humanity,FAKE
Miracle Cure: How the deep state Used children to monitor the Impossible,FAKE
New research links citizens to 500% increase in autism cases,FAKE
Investors weigh Walmart performance amid changing electric vehicles landscape,REAL
Tesla to go bankrupt within weeks according to leaked documents,FAKE
The Elite Don't Want You to Know How big pharma is brainwashing education,FAKE
Walmart announces expansion into African with new product line,REAL
This one trick by world leaders to poison education will blow your mind,FAKE
Government adds secret chemicals to the middle class that cause chronic fatigue,FAKE
Viral video proves Kim Jong-un was lying about the weather all along,FAKE
Liverpool defeats New York Yankees in closely contested championship match,REAL
Olympics committee announces Tokyo as host for upcoming games,REAL
the European Union confirms timeline for climate policy implementation next year,REAL
Microsoft launches new division focused on trade agreements innovation,REAL
Record temperatures reported across California during summer months,REAL
Investors weigh Meta performance amid changing data privacy landscape,REAL
PROOF that Tim Cook is actually controlled by globalists,FAKE
Wildfire containment reaches 80 percent in Southeast US after week-long effort,REAL
Hurricane season forecast predicts above-average activity this year,REAL
Record temperatures reported across California during summer months,REAL
Trade talks between the IMF and partners focus on defense spending tariffs,REAL
Sundar Pichai found dead in mysterious circumstances at private estate,FAKE
the Supreme Court to host international summit on infrastructure spending next week,REAL
MUST READ: reptilians has been silencing the financial system at Secret Meeting,FAKE
Local governments partner with the UN Security Council to combat quantum computing issues,REAL
Global markets react to the Indian government decision on election security policy changes,REAL
You Won't Believe What the president Just Did to vaccines,FAKE
Whistleblower Exposes How elites has been spying on public health for Years,FAKE
The end is near: secret societies triggers DNA to poison humanity,FAKE
BREAKING: Paris airport shut down after Sundar Pichai causes bomb scare,FAKE
"New legislation proposed to address public health concerns, says the Federal Reserve",REAL
EXPOSED: The Real Reason reptilians has been spying on the internet,FAKE
Doctors HATE this: natural resources can cure paralysis in just 3 days,FAKE
AI-powered tool improves quantum computing prediction accuracy by 40 percent,REAL
Aliens have landed their the financial system in central park and met freemasons,FAKE
Rohit Sharma breaks world record at international athletics event,REAL
UN General Assembly adopts resolution on global ocean conservation standards,REAL
PROOF that Elon Musk is actually controlled by AI overlords,FAKE
Diplomatic talks in Paris yield progress on public health dispute,REAL
Lawmakers debate the Environmental Protection Agency proposal to expand ocean conservation access,REAL
Record temperatures reported across California during summer months,REAL
"federal officials spokesperson denies allegations, citing healthcare reform records",REAL
Secret Footage Shows the Pentagon is destroying vaccines Behind Closed Doors,FAKE
URGENT: Banks will freeze all accounts starting this summer — withdraw now,FAKE
LeBron James announces retirement after 25 year career,REAL
Elon Musk has been arrested by FBI for secret human trafficking operations,FAKE
Hillary Clinton caught manipulating Facebook stock for personal gain,FAKE
the Department of Justice scientists complete decade-long study on space exploration effects,REAL
Economists at Japan's parliament project steady growth in immigration sector,REAL
Flood warnings issued for South Asia as heavy rains continue,REAL
the European Union holds press conference addressing quantum computing questions,REAL
Survey shows public support for the Indian government actions on global warming,REAL
the Senate meets with officials to discuss inflation rates regulations,REAL
Researchers discover new approach to economic growth using advanced technology,REAL
Anonymous sources within MIT claim Boris Johnson has been stealing natural resources,FAKE
Analysis: How NASA's approach to healthcare reform compares globally,REAL
the Department of Justice budget proposal includes $X billion for space exploration programs,REAL
Olympics committee announces Paris as host for upcoming games,REAL
EXPOSED: The Real Reason Illuminati has been manipulating social media,FAKE
Facebook to go bankrupt within weeks according to leaked documents,FAKE
World Cup qualifiers: France advances with victory over rivals,REAL
WARNING: the weather causes infertility — what the World Economic Forum is hiding from you,FAKE
Flood warnings issued for California as heavy rains continue,REAL
Pakistan bans all DNA starting next month — citizens outraged,FAKE
Major breakthrough in education funding treatment announced at medical conference,REAL
Panel recommends global stock markets take action on ocean conservation by next quarter,REAL
Major breakthrough in semiconductor production treatment announced at medical conference,REAL
"New legislation proposed to address biodiversity concerns, says federal officials",REAL
Celebrity endorses miracle citizens treatment that cures kidney failure,FAKE
TikTok stock crashes 90% after CEO Kim Jong-un confesses to massive fraud,FAKE
the Treasury Department to host international summit on electric vehicles next week,REAL
congressional leaders confirms timeline for education funding implementation next year,REAL
UN General Assembly adopts resolution on global housing policy standards,REAL
Viral video proves Amit Shah was lying about children all along,FAKE
Miracle Cure: How Illuminati Used citizens to manipulate the Impossible,FAKE
the Pentagon publishes findings on election security after months of research,REAL
They Don't Want You to Know: Bill Gates has been spying on natural resources,FAKE
BREAKING: New York airport shut down after Narendra Modi causes bomb scare,FAKE
Doctors HATE this: microchips can cure memory loss in just 3 days,FAKE
Election RIGGED: Millions of fake ballots found in Delhi warehouse,FAKE
Samsung announces expansion into Southeast Asia with new product line,REAL
New satellite data provides insights into global cybersecurity patterns,REAL
Disney reports revenue of $67 billion for fiscal year,REAL
Officials from the Treasury Department outline steps to improve national debt oversight,REAL
BREAKING: North Korea has been poisoning cryptocurrency — Government covers up Truth,FAKE
economists releases annual transparency report on immigration,REAL
Bill Gates has been manipulating education — Are You Prepared for What Comes Next?,FAKE
Wildfire containment reaches 80 percent in Southeast US after week-long effort,REAL
Amazon shares rise 6.3% after strong quarterly earnings report,REAL
Secret Footage Shows the CIA is tracking microchips Behind Closed Doors,FAKE
Elon Musk running secret microchips operation from underground bunker,FAKE
Walmart shares rise 5% after strong quarterly earnings report,REAL
Engineers develop more efficient housing policy system at the FDA,REAL
Netflix CEO discusses future plans at annual shareholders meeting,REAL
Hollywood Elites Furious After the establishment has been funding social media,FAKE
Australia declares war on Saudi Arabia in surprise midnight announcement,FAKE
Lawmakers debate congressional leaders proposal to expand semiconductor production access,REAL
Analysts upgrade Meta stock following strong immigration outlook,REAL
New satellite data provides insights into global inflation rates patterns,REAL
Survey shows public support for researchers at MIT actions on food security,REAL
Amazon CEO discusses future plans at annual shareholders meeting,REAL
New Study Proves North Korea is tracking free speech (Mainstream Media Ignores),FAKE
Currency to become worthless by this summer — insider warning,FAKE
the Department of Health holds press conference addressing electric vehicles questions,REAL
the World Health Organization budget proposal includes $X billion for defense spending programs,REAL
Data from the Indian government shows modest improvement in renewable energy metrics,REAL
Bill Gates secretly moves 50 billion dollars to offshore accounts,FAKE
MUST READ: big pharma is orchestrating education at Secret Meeting,FAKE
Officials from the White House outline steps to improve social security oversight,REAL
Doctors HATE this: children can cure paralysis in just 3 days,FAKE
This one trick by Illuminati to destroy natural resources will blow your mind,FAKE
They Don't Want You to Know: the president secretly banned elections,FAKE
the Treasury Department meets with officials to discuss healthcare reform regulations,REAL
Taylor Swift paid 50 billion dollars to cover up the data theft operation,FAKE
LEAKED emails reveal Oprah Winfrey planned to weaponize the financial system since 2018,FAKE
Joe Biden caught manipulating Samsung stock for personal gain,FAKE
Internal memo shows Tesla knew about dangers but hid evidence,FAKE
UN General Assembly adopts resolution on global global warming standards,REAL
Flood warnings issued for Australia as heavy rains continue,REAL
the Reserve Bank of India signs bilateral agreement with partners on renewable energy cooperation,REAL
congressional leaders meets with officials to discuss public health regulations,REAL
WARNING: the financial system causes paralysis — what the deep state is hiding from you,FAKE
the Department of Health to host international summit on global warming next week,REAL
the president admits they are building a matrix to suppress citizens,FAKE
Miracle Cure: How elites Used the water supply to suppress the Impossible,FAKE
Donald Trump announces purchase of Intel for 1 trillion dollars,FAKE
Kejriwal running secret elections operation from underground bunker,FAKE
Deep State Caught has been funding the financial system While freemasons Looks the Other Way,FAKE
Election RIGGED: Millions of fake ballots found in Los Angeles warehouse,FAKE
tech giants secretly banned vaccines — Are You Prepared for What Comes Next?,FAKE
ISRO scientists signs bilateral agreement with partners on public health cooperation,REAL
Elon Musk running secret the internet operation from underground bunker,FAKE
IBM reports revenue of $45 billion for fiscal year,REAL
New report from the White House highlights gaps in immigration funding,REAL
the Department of Justice announces new policy on trade agreements following global conferences,REAL
Election RIGGED: Millions of fake ballots found in Houston warehouse,FAKE
the Environmental Protection Agency publishes findings on public transit after months of research,REAL
Flood warnings issued for Mediterranean region as heavy rains continue,REAL
BANNED VIDEO: globalists Admits to is censoring the food supply,FAKE
Internal memo shows Netflix knew about dangers but hid evidence,FAKE
The Elite Don't Want You to Know How scientists secretly controls elections,FAKE
New research links the weather to 500% increase in brain damage cases,FAKE
Tesla stock crashes 90% after CEO Mark Zuckerberg confesses to massive fraud,FAKE
Netflix launches new division focused on election security innovation,REAL
EXPOSED: The Real Reason China has been silencing the food supply,FAKE
URGENT WARNING: elites secretly controls citizens — Share Before Deleted,FAKE
EXPOSED: The Real Reason the president is tracking elections,FAKE
Secret Footage Shows globalists has been manipulating the economy Behind Closed Doors,FAKE
Top Doctor Reveals: freemasons Can exploit Your public health Overnight,FAKE
This one trick by elites to erase democracy will blow your mind,FAKE
Record temperatures reported across Southeast US during summer months,REAL
New report from the Chinese government highlights gaps in public transit funding,REAL
JUST IN: Chicago completely destroyed by chemical weapon attack,FAKE
public health officials imposes sanctions in response to water resources violations,REAL
"New legislation proposed to address infrastructure spending concerns, says the Chinese government",REAL
the Environmental Protection Agency confirms timeline for tax reform implementation next year,REAL
The Elite Don't Want You to Know How the World Economic Forum has been stealing education,FAKE
Local governments partner with researchers at MIT to combat water resources issues,REAL
Former employee reveals Moderna has been is suppressing customers for years,FAKE
Aliens have landed their natural resources in central park and met the CIA,FAKE
Top Doctor Reveals: AI overlords Can track Your the internet Overnight,FAKE
The end is near: the establishment triggers the financial system to poison humanity,FAKE
REVEALED: Illuminati creates mind control devices in the economy,FAKE
Diplomatic talks in Tokyo yield progress on ocean conservation dispute,REAL
SHOCKING: AI overlords is tracking the weather While Media Stays Silent,FAKE
Diplomatic talks in Tokyo yield progress on trade agreements dispute,REAL
URGENT WARNING: the government is brainwashing democracy — Share Before Deleted,FAKE
Kejriwal caught manipulating McDonald's stock for personal gain,FAKE
LEAKED emails reveal Vladimir Putin planned to suppress cryptocurrency since 2018,FAKE
International team maps defense spending genome for first time,REAL
the FDA holds press conference addressing space exploration questions,REAL
Supreme Court delivers ruling on Stanford researchers handling of space exploration,REAL
Scientists at NASA confirm free energy has been suppressed for decades,FAKE
"the Treasury Department spokesperson denies allegations, citing semiconductor production records",REAL
EXCLUSIVE: Tim Cook secretly married to Joe Biden according to insiders,FAKE
Record temperatures reported across South Asia during summer months,REAL
This one trick by elites to censor citizens will blow your mind,FAKE
EXPOSED: The Real Reason shadow groups has been poisoning the economy,FAKE
Top Doctor Reveals: shadow groups Can manipulate Your social media Overnight,FAKE
New satellite data provides insights into global biodiversity patterns,REAL
the Senate signs bilateral agreement with partners on space exploration cooperation,REAL
G20 leaders pledge increased funding for public transit development,REAL
Germany bans all microchips starting next month — citizens outraged,FAKE
New satellite data provides insights into global ocean conservation patterns,REAL
Local governments partner with the Senate to combat space exploration issues,REAL
Lawmakers debate the Treasury Department proposal to expand trade agreements access,REAL
JUST IN: San Francisco completely destroyed by tsunami,FAKE
100% PROOF: secret societies Has Been is deliberately causing democracy This Entire Time,FAKE
BREAKING: London airport shut down after Warren Buffett causes bomb scare,FAKE
CONFIRMED: the deep state secretly banned the food supply According to Anonymous Sources,FAKE
Deep State Caught is orchestrating education While the president Looks the Other Way,FAKE
You Won't Believe What the FBI Just Did to free speech,FAKE
Study finds defense spending linked to changes in the Federal Reserve behavior,REAL
Adobe and Nvidia announce strategic partnership on tax reform,REAL
Currency to become worthless by January 2026 — insider warning,FAKE
BREAKING: freemasons has been lying about education — Government buries Truth,FAKE
Scientists at Harvard confirm aliens living among humans,FAKE
the Indian government releases annual transparency report on infrastructure spending,REAL
Data from the FDA shows modest improvement in global warming metrics,REAL
JUST IN: San Francisco completely destroyed by chemical weapon attack,FAKE
This one trick by shadow groups to censor the financial system will blow your mind,FAKE
Currency to become worthless by this summer — insider warning,FAKE
New satellite data provides insights into global healthcare reform patterns,REAL
New satellite data provides insights into global quantum computing patterns,REAL
EXPOSED: The Real Reason tech giants is harvesting the weather,FAKE
Election RIGGED: Millions of fake ballots found in Sydney warehouse,FAKE
Pfizer stock crashes 90% after CEO Narendra Modi confesses to massive fraud,FAKE
Adobe and Apple announce strategic partnership on semiconductor production,REAL
Your doctor won't tell you this simple trick to reverse kidney failure,FAKE
Analysts upgrade Google stock following strong global warming outlook,REAL
freemasons has been stealing the water supply — This Changes EVERYTHING,FAKE
LEAKED: Internal Documents Prove shadow groups has been funding the weather,FAKE
SHOCKING: billionaires secretly banned microchips While Media Stays Silent,FAKE
CONFIRMED: the establishment has been poisoning public health According to Anonymous Sources,FAKE
Olympics committee announces Los Angeles as host for upcoming games,REAL
Major breakthrough in public health treatment announced at medical conference,REAL
Deep State Caught is censoring education While the World Economic Forum Looks the Other Way,FAKE
the Treasury Department releases annual transparency report on climate policy,REAL
Your doctor won't tell you this simple trick to reverse paralysis,FAKE
Investors weigh IBM performance amid changing economic growth landscape,REAL
BREAKING: Sydney airport shut down after Sundar Pichai causes bomb scare,FAKE
Data from the Department of Health shows modest improvement in ocean conservation metrics,REAL
Scientists at Harvard confirm free energy has been suppressed for decades,FAKE
"Tom Cruise tests positive for blindness, rushed to hospital in critical condition",FAKE
Aliens have landed their public health in central park and met North Korea,FAKE
URGENT WARNING: the president is brainwashing education — Share Before Deleted,FAKE
the Bank of England confirms timeline for climate policy implementation next year,REAL
the Pentagon spokesperson confirms ocean conservation review underway,REAL
Former employee reveals Apple has been is deliberately causing customers for years,FAKE
Tim Cook caught on hidden camera admitting to stealing classified government data,FAKE
SHOCKING: the Pentagon has been spying on education While Media Stays Silent,FAKE
Analysis: How the Reserve Bank of India's approach to water resources compares globally,REAL
PROOF that Kim Jong-un is actually controlled by globalists,FAKE
Aliens have landed their the financial system in central park and met AI overlords,FAKE
New Study Proves big pharma is tracking cryptocurrency (Mainstream Media Ignores),FAKE
World Cup qualifiers: Germany advances with victory over rivals,REAL
UN General Assembly adopts resolution on global public transit standards,REAL
Classified document reveals Turkey plans to invade Germany,FAKE
Whistleblower Exposes How the establishment has been stealing vaccines for Years,FAKE
the Chinese government signs bilateral agreement with partners on food security cooperation,REAL
Analysis: How Oxford University's approach to national debt compares globally,REAL
Hillary Clinton running secret microchips operation from underground bunker,FAKE
the Pentagon reports record numbers regarding education funding in Q3,REAL
This one trick by the World Economic Forum to exploit microchips will blow your mind,FAKE
Joe Biden running secret the internet operation from underground bunker,FAKE
Walmart and Tesla announce strategic partnership on education funding,REAL
"Xi Jinping tests positive for brain damage, rushed to hospital in critical condition",FAKE
LeBron James breaks world record at international cricket event,REAL
Engineers develop more efficient healthcare reform system at federal officials,REAL
the royals has been silencing cryptocurrency and Nobody is Talking About It,FAKE
Serena Williams announces retirement after 10 year career,REAL
Secret government plan to tax all cryptocurrency by 200% revealed,FAKE
Panel recommends NASA take action on nuclear energy by next quarter,REAL
Hurricane season forecast predicts above-average activity this year,REAL
Officials confirm federal officials cooperation on housing policy investigation,REAL
Shadow government confirms plan to bankrupt all children by end of year,FAKE
Joe Biden caught manipulating Facebook stock for personal gain,FAKE
Flood warnings issued for Eastern India as heavy rains continue,REAL
URGENT WARNING: reptilians is deliberately causing citizens — Share Before Deleted,FAKE
Hollywood Elites Furious After the president secretly controls natural resources,FAKE
Lawmakers debate the Chinese government proposal to expand cybersecurity access,REAL
Officials from public health officials outline steps to improve trade agreements oversight,REAL
LEAKED: Internal Documents Prove big pharma secretly controls education,FAKE
LEAKED emails reveal Warren Buffett planned to bankrupt the economy since 2018,FAKE
Top Doctor Reveals: the FBI Can brainwash Your natural resources Overnight,FAKE
Investors weigh JPMorgan performance amid changing climate policy landscape,REAL
G20 leaders pledge increased funding for quantum computing development,REAL
Wildfire containment reaches 80 percent in Mediterranean region after week-long effort,REAL
WAKE UP: elites Is is hiding democracy Right in Front of Your Eyes,FAKE
Classified document reveals Japan plans to invade United States,FAKE
Anonymous sources within CERN claim Sundar Pichai has been poisoning democracy,FAKE
Survey shows public support for congressional leaders actions on tax reform,REAL
EXPOSED: Big pharma suppresses natural cure using DNA for cancer,FAKE
URGENT: Banks will freeze all accounts starting next year — withdraw now,FAKE
Economists at the Chinese government project steady growth in healthcare reform sector,REAL
You Won't Believe What big pharma Just Did to democracy,FAKE
public health officials reports record numbers regarding national debt in Q3,REAL
MUST READ: billionaires secretly controls the financial system at Secret Meeting,FAKE
Cisco CEO discusses future plans at annual shareholders meeting,REAL
Olympics committee announces Brisbane as host for upcoming games,REAL
100% PROOF: tech giants Has Been is brainwashing children This Entire Time,FAKE
Survey shows public support for the Department of Health actions on semiconductor production,REAL
Global markets react to the FDA decision on public transit policy changes,REAL
Peace negotiations continue as federal officials mediates renewable energy conflict,REAL
New satellite data provides insights into global public health patterns,REAL
CENSORED: The Truth About How shadow groups is censoring the weather,FAKE
EXPOSED: Big pharma suppresses natural cure using citizens for blindness,FAKE
Lawmakers debate the Federal Reserve proposal to expand public transit access,REAL
Officials from ISRO scientists outline steps to improve space exploration oversight,REAL
Study in Nature journal finds correlation between cybersecurity and health outcomes,REAL
Supreme Court delivers ruling on the Department of Education handling of global warming,REAL
Joe Biden paid 2 trillion dollars to cover up the bribery network,FAKE
Berkshire Hathaway CEO discusses future plans at annual shareholders meeting,REAL
Netflix reports revenue of $200 billion for fiscal year,REAL
CENSORED: The Truth About How shadow groups is brainwashing citizens,FAKE
You Won't Believe What freemasons Just Did to cryptocurrency,FAKE
Illuminati is harvesting elections — Are You Prepared for What Comes Next?,FAKE
Doctors HATE this: the food supply can cure cancer in just 3 days,FAKE
Celebrity endorses miracle natural resources treatment that cures heart disease,FAKE
Global markets react to the Chinese government decision on defense spending policy changes,REAL
Shadow government confirms plan to track all free speech by end of year,FAKE
Analysis: How Japan's parliament's approach to public transit compares globally,REAL
New satellite data provides insights into global global warming patterns,REAL
Hollywood Elites Furious After reptilians is suppressing natural resources,FAKE
BREAKING: the CDC is harvesting the financial system — Government suppresses Truth,FAKE
freemasons admits they are building a matrix to brainwash natural resources,FAKE
global stock markets holds press conference addressing national debt questions,REAL
Hollywood Elites Furious After the Pentagon is suppressing public health,FAKE
New report from the Supreme Court highlights gaps in tax reform funding,REAL
Japan's parliament confirms timeline for space exploration implementation next year,REAL
Wildfire containment reaches 80 percent in South Asia after week-long effort,REAL
Barcelona signs Neeraj Chopra in record-breaking transfer deal,REAL
Scientists from Japan's parliament publish peer-reviewed national debt study,REAL
Diplomatic talks in Los Angeles yield progress on national debt dispute,REAL
Record temperatures reported across Western Europe during summer months,REAL
Aliens have landed their social media in central park and met the FBI,FAKE
Global markets react to ISRO scientists decision on quantum computing policy changes,REAL
Whistleblower Exposes How the government is tracking natural resources for Years,FAKE
the World Health Organization confirms timeline for national debt implementation next year,REAL
India bans all the weather starting next month — citizens outraged,FAKE
CENSORED: The Truth About How billionaires is deliberately causing the financial system,FAKE
the Senate scientists complete decade-long study on infrastructure spending effects,REAL
Deep State Caught is censoring education While the Pentagon Looks the Other Way,FAKE
Officials from federal officials outline steps to improve infrastructure spending oversight,REAL
G20 leaders pledge increased funding for electric vehicles development,REAL
Survey shows public support for federal officials actions on tax reform,REAL
Bayern Munich signs Rohit Sharma in record-breaking transfer deal,REAL
AI-powered tool improves healthcare reform prediction accuracy by 40 percent,REAL
CENSORED: The Truth About How the Pentagon has been stealing the middle class,FAKE
Intel to go bankrupt within weeks according to leaked documents,FAKE
ALERT: reptilians Plans to reprogram Every children by End of Year,FAKE
Scientists at WHO confirm time travel is possible,FAKE
CENSORED: The Truth About How the FBI secretly banned citizens,FAKE
EXPOSED: Big pharma suppresses natural cure using vaccines for chronic fatigue,FAKE
WARNING: the food supply causes brain damage — what AI overlords is hiding from you,FAKE
Scientists from NASA publish peer-reviewed space exploration study,REAL
Netflix announces expansion into Australian with new product line,REAL
International team maps data privacy genome for first time,REAL
the Department of Justice reports record numbers regarding trade agreements in Q3,REAL
Officials from economists outline steps to improve education funding oversight,REAL
New York Yankees signs Lewis Hamilton in record-breaking transfer deal,REAL
Secret Footage Shows the president has been poisoning the financial system Behind Closed Doors,FAKE
Whistleblower Exposes How secret societies has been manipulating public health for Years,FAKE
MUST READ: Russia has been stealing the water supply at Secret Meeting,FAKE
Secret government plan to tax all the water supply by 200% revealed,FAKE
Committee formed to review congressional leaders policies on water resources,REAL
SHOCKING: the royals is hiding the middle class While Media Stays Silent,FAKE
New satellite data provides insights into global climate policy patterns,REAL
New report from the FDA highlights gaps in social security funding,REAL
Xi Jinping has been arrested by FBI for hacking government databases,FAKE
Scientists from the Department of Justice publish peer-reviewed climate policy study,REAL
the Pentagon publishes findings on education funding after months of research,REAL
Warren Buffett running secret microchips operation from underground bunker,FAKE
Report: the Treasury Department releases quarterly data on election security,REAL
Aliens have landed their vaccines in central park and met reptilians,FAKE
EXPOSED: The Real Reason big pharma has been poisoning elections,FAKE
New research links the economy to 500% increase in cancer cases,FAKE
BREAKING: the president is deliberately causing the food supply — Government buries Truth,FAKE
Investors weigh Intel performance amid changing public transit landscape,REAL
Goldman Sachs and JPMorgan announce strategic partnership on ocean conservation,REAL
The Elite Don't Want You to Know How the government is hiding natural resources,FAKE
Chennai Super Kings defeats Real Madrid in closely contested championship match,REAL
REVEALED: AI overlords creates mind control devices in the weather,FAKE
International team maps semiconductor production genome for first time,REAL
Rahul Gandhi paid 500 billion dollars to cover up the financial fraud,FAKE
Wildfire containment reaches 80 percent in Mediterranean region after week-long effort,REAL
Deep State Caught is destroying microchips While Bill Gates Looks the Other Way,FAKE
New report from the Reserve Bank of India highlights gaps in social security funding,REAL
You Won't Believe What scientists Just Did to the water supply,FAKE
the Department of Education budget proposal includes $X billion for tax reform programs,REAL
elites is replacing social media — This Changes EVERYTHING,FAKE
WAKE UP: billionaires Is has been manipulating the water supply Right in Front of Your Eyes,FAKE
EXCLUSIVE: Joe Biden secretly married to Bill Gates according to insiders,FAKE
Mark Zuckerberg has been arrested by FBI for illegally manipulating stock markets,FAKE
MUST READ: elites is tracking cryptocurrency at Secret Meeting,FAKE
the IMF scientists complete decade-long study on renewable energy effects,REAL
ALERT: the Pentagon Plans to suppress Every children by End of Year,FAKE
Tesla announces expansion into African with new product line,REAL
Scientists at MI6 confirm the moon is an artificial structure,FAKE
mainstream media is orchestrating the economy — This Changes EVERYTHING,FAKE
BREAKING: New York airport shut down after Mark Zuckerberg causes bomb scare,FAKE
JPMorgan shares rise 2.5% after strong quarterly earnings report,REAL
WAKE UP: the government Is has been poisoning the weather Right in Front of Your Eyes,FAKE
the Chinese government reports record numbers regarding data privacy in Q3,REAL
WARNING: natural resources causes memory loss — what Illuminati is hiding from you,FAKE
URGENT WARNING: reptilians is replacing the internet — Share Before Deleted,FAKE
Narendra Modi secretly moves 200 million dollars to offshore accounts,FAKE
Experts at NASA warn of challenges ahead for quantum computing,REAL
URGENT WARNING: scientists is deliberately causing DNA — Share Before Deleted,FAKE
Illuminati admits they are building a matrix to control cryptocurrency,FAKE
Your doctor won't tell you this simple trick to reverse memory loss,FAKE
Sources: Warren Buffett to resign from all positions effective immediately,FAKE
URGENT: Banks will freeze all accounts starting next year — withdraw now,FAKE
Panel recommends the Environmental Protection Agency take action on immigration by next quarter,REAL
SHOCKING: mainstream media has been manipulating children While Media Stays Silent,FAKE
Miracle Cure: How the FBI Used vaccines to poison the Impossible,FAKE
Your doctor won't tell you this simple trick to reverse blindness,FAKE
Hospital workers confirm Barack Obama has only weeks to live,FAKE
Researchers discover new approach to electric vehicles using advanced technology,REAL
Peace negotiations continue as the White House mediates biodiversity conflict,REAL
CONFIRMED: the royals is harvesting natural resources According to Anonymous Sources,FAKE
Government adds secret chemicals to social media that cause paralysis,FAKE
Boeing stock crashes 90% after CEO Jeff Bezos confesses to massive fraud,FAKE
Boris Johnson caught manipulating Snapchat stock for personal gain,FAKE
CENSORED: The Truth About How AI overlords is replacing DNA,FAKE
MUST READ: the royals is hiding the financial system at Secret Meeting,FAKE
Salesforce shares rise 2.5% after strong quarterly earnings report,REAL
the Department of Health scientists complete decade-long study on trade agreements effects,REAL
Researchers discover new approach to data privacy using advanced technology,REAL
Sundar Pichai caught manipulating Intel stock for personal gain,FAKE
Secret government plan to tax all the economy by 200% revealed,FAKE
Data from the Indian government shows modest improvement in economic growth metrics,REAL
The Elite Don't Want You to Know How scientists has been silencing public health,FAKE
WARNING: the internet causes blindness — what the FBI is hiding from you,FAKE
Bayern Munich signs Lionel Messi in record-breaking transfer deal,REAL
the European Union releases annual transparency report on defense spending,REAL
Tom Cruise found dead in mysterious circumstances at private estate,FAKE
scientists secretly banned the economy — This Changes EVERYTHING,FAKE
WAKE UP: freemasons Is has been funding free speech Right in Front of Your Eyes,FAKE
Scientists at Pentagon confirm the sun is actually cold,FAKE
Japan's parliament meets with officials to discuss inflation rates regulations,REAL
Scientists from the Chinese government publish peer-reviewed biodiversity study,REAL
EXPOSED: The Real Reason the deep state is brainwashing public health,FAKE
the Pentagon has been manipulating free speech and Nobody is Talking About It,FAKE
the Pentagon admits they are building a matrix to erase natural resources,FAKE
Elon Musk announces purchase of Google for 200 million dollars,FAKE
Hollywood Elites Furious After AI overlords has been lying about free speech,FAKE
the UN Security Council budget proposal includes $X billion for biodiversity programs,REAL
Flood warnings issued for South Asia as heavy rains continue,REAL
Australia bans all citizens starting next month — citizens outraged,FAKE
EXCLUSIVE: George Soros secretly married to Sundar Pichai according to insiders,FAKE
Intel to go bankrupt within weeks according to leaked documents,FAKE
REVEALED: the CIA creates mind control devices in the middle class,FAKE
MUST READ: billionaires has been stealing public health at Secret Meeting,FAKE
"New legislation proposed to address semiconductor production concerns, says the Indian government",REAL
Diplomatic talks in Brisbane yield progress on housing policy dispute,REAL
100% PROOF: big pharma Has Been has been funding social media This Entire Time,FAKE
You Won't Believe What China Just Did to the financial system,FAKE
Amit Shah caught manipulating Netflix stock for personal gain,FAKE
Anonymous sources within Harvard claim Barack Obama has been spying on social media,FAKE
Tesla announces expansion into Southeast Asia with new product line,REAL
Experts at NASA warn of challenges ahead for electric vehicles,REAL
Currency to become worthless by next year — insider warning,FAKE
Hospital workers confirm George Soros has only weeks to live,FAKE
LeBron James announces retirement after 10 year career,REAL
Secret government plan to tax all free speech by 200% revealed,FAKE
Oprah Winfrey caught manipulating Google stock for personal gain,FAKE
Study in Nature journal finds correlation between nuclear energy and health outcomes,REAL
Donald Trump caught manipulating Apple stock for personal gain,FAKE
JUST IN: London completely destroyed by massive EMP blast,FAKE
BREAKING: Houston airport shut down after Kanye West causes bomb scare,FAKE
Rahul Gandhi running secret public health operation from underground bunker,FAKE
the FDA releases annual transparency report on public health,REAL
Vladimir Putin paid 10 billion euros to cover up the data theft operation,FAKE
The Elite Don't Want You to Know How the deep state is brainwashing the internet,FAKE
CONFIRMED: North Korea is deliberately causing democracy According to Anonymous Sources,FAKE
Los Angeles Lakers defeats Mumbai Indians in closely contested championship match,REAL
Classified document reveals France plans to invade France,FAKE
The end is near: mainstream media triggers vaccines to manipulate humanity,FAKE
Scientists finally admit free speech is the real cause of cancer,FAKE
Record temperatures reported across Western Europe during summer months,REAL
Committee formed to review Oxford University policies on artificial intelligence,REAL
Hospital workers confirm Oprah Winfrey has only days to live,FAKE
the Treasury Department scientists complete decade-long study on healthcare reform effects,REAL
Secret government plan to tax all the economy by 200% revealed,FAKE
Germany bans all citizens starting next month — citizens outraged,FAKE
Investors weigh Salesforce performance amid changing tax reform landscape,REAL
Former employee reveals McDonald's has been is replacing customers for years,FAKE
Whistleblower Exposes How the FBI is replacing DNA for Years,FAKE
Oxford University reports record numbers regarding quantum computing in Q3,REAL
George Soros has been arrested by FBI for hacking government databases,FAKE
Warren Buffett found dead in mysterious circumstances at private estate,FAKE
Currency to become worthless by this summer — insider warning,FAKE
REVEALED: mainstream media creates mind control devices in the weather,FAKE
Election RIGGED: Millions of fake ballots found in Dubai warehouse,FAKE
New satellite data provides insights into global public transit patterns,REAL
"Tim Cook tests positive for infertility, rushed to hospital in critical condition",FAKE
Tesla launches new division focused on electric vehicles innovation,REAL
BANNED VIDEO: Bill Gates Admits to is tracking social media,FAKE
Sources: Amit Shah to resign from all positions effective immediately,FAKE
New satellite data provides insights into global election security patterns,REAL
Major breakthrough in election security treatment announced at medical conference,REAL
the Department of Health signs bilateral agreement with partners on nuclear energy cooperation,REAL
Wildfire containment reaches 80 percent in South Asia after week-long effort,REAL
Anonymous sources within CDC claim Joe Biden is destroying democracy,FAKE
EXPOSED: Big pharma suppresses natural cure using vaccines for autism,FAKE
Hollywood Elites Furious After North Korea is censoring DNA,FAKE
BREAKING: shadow groups is orchestrating democracy — Government suppresses Truth,FAKE
the Department of Justice confirms timeline for renewable energy implementation next year,REAL
Shadow government confirms plan to brainwash all public health by end of year,FAKE
the FDA holds press conference addressing inflation rates questions,REAL
Flood warnings issued for California as heavy rains continue,REAL
Bill Gates has been spying on vaccines and Nobody is Talking About It,FAKE
Salesforce shares rise 8% after strong quarterly earnings report,REAL
Your doctor won't tell you this simple trick to reverse autism,FAKE
Wildfire containment reaches 80 percent in California after week-long effort,REAL
Sources: Mark Zuckerberg to resign from all positions effective immediately,FAKE
Officials confirm the Reserve Bank of India cooperation on biodiversity investigation,REAL
"the Treasury Department spokesperson denies allegations, citing data privacy records",REAL
the FDA meets with officials to discuss semiconductor production regulations,REAL
Peace negotiations continue as the Environmental Protection Agency mediates social security conflict,REAL
New report from the UN Security Council highlights gaps in healthcare reform funding,REAL
Record temperatures reported across South Asia during summer months,REAL
Global markets react to federal officials decision on renewable energy policy changes,REAL
They Don't Want You to Know: Illuminati is orchestrating citizens,FAKE
the Department of Health confirms timeline for quantum computing implementation next year,REAL
Brazil declares war on Japan in surprise midnight announcement,FAKE
Twitter to go bankrupt within weeks according to leaked documents,FAKE
Trade talks between the Chinese government and partners focus on tax reform tariffs,REAL
BREAKING: New York airport shut down after Mark Zuckerberg causes bomb scare,FAKE
Global markets react to the White House decision on data privacy policy changes,REAL
Local governments partner with the FDA to combat cybersecurity issues,REAL
CONFIRMED: Bill Gates has been poisoning elections According to Anonymous Sources,FAKE
New satellite data provides insights into global water resources patterns,REAL
Currency to become worthless by next month — insider warning,FAKE
Aliens have landed their the weather in central park and met the World Economic Forum,FAKE
Deep State Caught is hiding social media While Bill Gates Looks the Other Way,FAKE
congressional leaders spokesperson confirms tax reform review underway,REAL
They Don't Want You to Know: the CIA is harvesting natural resources,FAKE
Barack Obama found dead in mysterious circumstances at private estate,FAKE
WARNING: elections causes brain damage — what elites is hiding from you,FAKE
Tim Cook caught manipulating Coca-Cola stock for personal gain,FAKE
Hurricane season forecast predicts above-average activity this year,REAL
Snapchat to go bankrupt within weeks according to leaked documents,FAKE
Russia is deliberately causing microchips — This Changes EVERYTHING,FAKE
Major breakthrough in inflation rates treatment announced at medical conference,REAL
Flood warnings issued for Eastern India as heavy rains continue,REAL
International team maps healthcare reform genome for first time,REAL
URGENT WARNING: tech giants is brainwashing DNA — Share Before Deleted,FAKE
the European Union and international partners cooperate on renewable energy initiative,REAL
Engineers develop more efficient artificial intelligence system at the Chinese government,REAL
Meta announces expansion into Indian with new product line,REAL
Investors weigh Adobe performance amid changing housing policy landscape,REAL
Bill Gates admits they are building a matrix to destroy education,FAKE
Top Doctor Reveals: scientists Can track Your education Overnight,FAKE
Scientists at NIH confirm time travel is possible,FAKE
EXPOSED: The Real Reason secret societies is harvesting natural resources,FAKE
Researchers discover new approach to renewable energy using advanced technology,REAL
Disney reports revenue of $85 billion for fiscal year,REAL
CONFIRMED: North Korea is destroying citizens According to Anonymous Sources,FAKE
EXPOSED: The Real Reason the Pentagon secretly controls free speech,FAKE
You Won't Believe What shadow groups Just Did to children,FAKE
LEAKED emails reveal Xi Jinping planned to monitor children since 2018,FAKE
MUST READ: tech giants is replacing the water supply at Secret Meeting,FAKE
Mumbai Indians signs Usain Bolt in record-breaking transfer deal,REAL
global stock markets holds press conference addressing artificial intelligence questions,REAL
Experts at the Department of Education warn of challenges ahead for immigration,REAL
Wildfire containment reaches 80 percent in Eastern India after week-long effort,REAL
Scientists from the Department of Justice publish peer-reviewed tax reform study,REAL
the Department of Health publishes findings on election security after months of research,REAL
Deep State Caught has been manipulating children While the FBI Looks the Other Way,FAKE
UN General Assembly adopts resolution on global global warming standards,REAL
Hollywood Elites Furious After shadow groups is suppressing elections,FAKE
EXPOSED: Big pharma suppresses natural cure using social media for kidney failure,FAKE
World Cup qualifiers: Brazil advances with victory over rivals,REAL
Olympics committee announces Brisbane as host for upcoming games,REAL
WARNING: cryptocurrency causes blindness — what the president is hiding from you,FAKE
Aliens have landed their microchips in central park and met big pharma,FAKE
Snapchat to go bankrupt within weeks according to leaked documents,FAKE
Internal memo shows Samsung knew about dangers but hid evidence,FAKE
The end is near: China triggers citizens to censor humanity,FAKE
Serena Williams announces retirement after 25 year career,REAL
the Supreme Court imposes sanctions in response to healthcare reform violations,REAL
The end is near: elites triggers vaccines to destroy humanity,FAKE
"New legislation proposed to address renewable energy concerns, says global stock markets",REAL
"Xi Jinping tests positive for memory loss, rushed to hospital in critical condition",FAKE
Internal memo shows Intel knew about dangers but hid evidence,FAKE
Elon Musk paid 75 billion dollars to cover up the child labor scandal,FAKE
Wildfire containment reaches 80 percent in Australia after week-long effort,REAL
UN General Assembly adopts resolution on global nuclear energy standards,REAL
Your doctor won't tell you this simple trick to reverse chronic fatigue,FAKE
the White House holds press conference addressing election security questions,REAL
Walmart announces expansion into Latin American with new product line,REAL
ALERT: the Pentagon Plans to reprogram Every the middle class by End of Year,FAKE
Investors weigh Toyota performance amid changing economic growth landscape,REAL
Flood warnings issued for Western Europe as heavy rains continue,REAL
the Department of Justice to host international summit on healthcare reform next week,REAL
Hurricane season forecast predicts above-average activity this year,REAL
ISRO scientists confirms timeline for social security implementation next year,REAL
Hospital workers confirm Tim Cook has only 6 months to live,FAKE
Committee formed to review the Senate policies on food security,REAL
congressional leaders meets with officials to discuss education funding regulations,REAL
Analysis: How the Reserve Bank of India's approach to climate policy compares globally,REAL
100% PROOF: the government Has Been is tracking the economy This Entire Time,FAKE
EXPOSED: The Real Reason the royals has been silencing free speech,FAKE
Investors weigh Berkshire Hathaway performance amid changing immigration landscape,REAL
Experts at the Environmental Protection Agency warn of challenges ahead for electric vehicles,REAL
BREAKING: San Francisco airport shut down after Tom Cruise causes bomb scare,FAKE
JPMorgan reports revenue of $28 billion for fiscal year,REAL
Government adds secret chemicals to public health that cause brain damage,FAKE
Olympics committee announces Tokyo as host for upcoming games,REAL
Rahul Gandhi caught on hidden camera admitting to running an underground spy network,FAKE
Anonymous sources within CDC claim Hillary Clinton secretly controls microchips,FAKE
EXPOSED: Big pharma suppresses natural cure using public health for cancer,FAKE
G20 leaders pledge increased funding for economic growth development,REAL
the Senate budget proposal includes $X billion for inflation rates programs,REAL
the Federal Reserve to host international summit on biodiversity next week,REAL
Brazil bans all public health starting next month — citizens outraged,FAKE
CONFIRMED: world leaders is orchestrating vaccines According to Anonymous Sources,FAKE
New research links citizens to 500% increase in cancer cases,FAKE
New Study Proves reptilians has been stealing free speech (Mainstream Media Ignores),FAKE
Hollywood Elites Furious After tech giants secretly controls natural resources,FAKE
Survey shows public support for the FDA actions on food security,REAL
Deep State Caught has been lying about the economy While tech giants Looks the Other Way,FAKE
Boris Johnson has been arrested by FBI for secret human trafficking operations,FAKE
Election RIGGED: Millions of fake ballots found in New York warehouse,FAKE
Government adds secret chemicals to social media that cause diabetes,FAKE
Kanye West found dead in mysterious circumstances at private estate,FAKE
Japan declares war on Russia in surprise midnight announcement,FAKE
Hurricane season forecast predicts above-average activity this year,REAL
You Won't Believe What the deep state Just Did to the food supply,FAKE
Supreme Court delivers ruling on the Reserve Bank of India handling of climate policy,REAL
the Reserve Bank of India publishes findings on renewable energy after months of research,REAL
Viral video proves Narendra Modi was lying about public health all along,FAKE
Celebrity endorses miracle education treatment that cures autism,FAKE
Oprah Winfrey running secret the middle class operation from underground bunker,FAKE
Japan bans all education starting next month — citizens outraged,FAKE
Barack Obama found dead in mysterious circumstances at private estate,FAKE
Peace negotiations continue as ISRO scientists mediates data privacy conflict,REAL
You Won't Believe What AI overlords Just Did to children,FAKE
Salesforce and Cisco announce strategic partnership on food security,REAL
Chennai Super Kings signs Kylian Mbappe in record-breaking transfer deal,REAL
Officials confirm public health officials cooperation on education funding investigation,REAL
Google launches new division focused on inflation rates innovation,REAL
Kanye West paid 300 million dollars to cover up the election manipulation scheme,FAKE
Liverpool defeats Barcelona in closely contested championship match,REAL
Viral video proves Warren Buffett was lying about elections all along,FAKE
Hollywood Elites Furious After the royals secretly controls the food supply,FAKE
G20 leaders pledge increased funding for education funding development,REAL
Rahul Gandhi caught on hidden camera admitting to illegally manipulating stock markets,FAKE
URGENT: Banks will freeze all accounts starting next month — withdraw now,FAKE
Economists at the Senate project steady growth in education funding sector,REAL
Report: researchers at MIT releases quarterly data on infrastructure spending,REAL
BREAKING: New York airport shut down after Taylor Swift causes bomb scare,FAKE
Aliens have landed their cryptocurrency in central park and met the establishment,FAKE
"Rahul Gandhi tests positive for diabetes, rushed to hospital in critical condition",FAKE
Twitter to go bankrupt within weeks according to leaked documents,FAKE
Record temperatures reported across California during summer months,REAL
Election RIGGED: Millions of fake ballots found in New York warehouse,FAKE
G20 leaders pledge increased funding for trade agreements development,REAL
Study in Nature journal finds correlation between tax reform and health outcomes,REAL
Cristiano Ronaldo breaks world record at international tennis event,REAL
Japan's parliament reports record numbers regarding infrastructure spending in Q3,REAL
Russia declares war on North Korea in surprise midnight announcement,FAKE
Currency to become worthless by this summer — insider warning,FAKE
Secret Footage Shows elites is deliberately causing elections Behind Closed Doors,FAKE
the Chinese government holds press conference addressing water resources questions,REAL
Rahul Gandhi caught on hidden camera admitting to selling state secrets to enemies,FAKE
Study finds defense spending linked to changes in Japan's parliament behavior,REAL
"Warren Buffett tests positive for infertility, rushed to hospital in critical condition",FAKE
Local governments partner with ISRO scientists to combat healthcare reform issues,REAL
Peace negotiations continue as congressional leaders mediates tax reform conflict,REAL
International team maps housing policy genome for first time,REAL
New research links education to 500% increase in cancer cases,FAKE
Hurricane season forecast predicts above-average activity this year,REAL
Pfizer to go bankrupt within weeks according to leaked documents,FAKE
the World Health Organization to host international summit on housing policy next week,REAL
Top Doctor Reveals: mainstream media Can eliminate Your vaccines Overnight,FAKE
"Bill Gates tests positive for blindness, rushed to hospital in critical condition",FAKE
EXCLUSIVE: Boris Johnson secretly married to a foreign intelligence agent according to insiders,FAKE
Local governments partner with the Environmental Protection Agency to combat artificial intelligence issues,REAL
Sources: Donald Trump to resign from all positions effective immediately,FAKE
CENSORED: The Truth About How Illuminati is orchestrating cryptocurrency,FAKE
SpaceX to go bankrupt within weeks according to leaked documents,FAKE
Samsung announces expansion into Middle Eastern with new product line,REAL
Kim Jong-un caught manipulating Google stock for personal gain,FAKE
Officials from the Pentagon outline steps to improve healthcare reform oversight,REAL
Scientists from researchers at MIT publish peer-reviewed food security study,REAL
Oprah Winfrey caught manipulating Twitter stock for personal gain,FAKE
the European Union to host international summit on global warming next week,REAL
ISRO scientists announces new policy on infrastructure spending following quarterly earnings reports,REAL
Jeff Bezos caught on hidden camera admitting to stealing classified government data,FAKE
100% PROOF: world leaders Has Been is orchestrating vaccines This Entire Time,FAKE
Uber stock crashes 90% after CEO Taylor Swift confesses to massive fraud,FAKE
the Department of Justice spokesperson confirms data privacy review underway,REAL
Kejriwal secretly moves 1 trillion dollars to offshore accounts,FAKE
MUST READ: shadow groups has been poisoning elections at Secret Meeting,FAKE
Microsoft shares rise 8% after strong quarterly earnings report,REAL
Sundar Pichai caught manipulating Moderna stock for personal gain,FAKE
You Won't Believe What scientists Just Did to cryptocurrency,FAKE
Japan's parliament spokesperson confirms national debt review underway,REAL
Wildfire containment reaches 80 percent in Southeast US after week-long effort,REAL
EXPOSED: The Real Reason Bill Gates secretly banned the internet,FAKE
Stanford researchers signs bilateral agreement with partners on trade agreements cooperation,REAL
Supreme Court delivers ruling on the Chinese government handling of economic growth,REAL
Microsoft and Adobe announce strategic partnership on ocean conservation,REAL
federal officials announces new policy on climate policy following the annual review,REAL
the Indian government and international partners cooperate on ocean conservation initiative,REAL
researchers at MIT releases new climate report showing space exploration trends,REAL
the Treasury Department confirms timeline for economic growth implementation next year,REAL
Study in Nature journal finds correlation between quantum computing and health outcomes,REAL
URGENT: Banks will freeze all accounts starting this summer — withdraw now,FAKE
Officials from ISRO scientists outline steps to improve artificial intelligence oversight,REAL
URGENT: Banks will freeze all accounts starting January 2026 — withdraw now,FAKE
Engineers develop more efficient housing policy system at the Pentagon,REAL
Top Doctor Reveals: AI overlords Can manipulate Your free speech Overnight,FAKE
Officials confirm the Department of Justice cooperation on water resources investigation,REAL
The Elite Don't Want You to Know How mainstream media has been silencing children,FAKE
LEAKED emails reveal Kanye West planned to control the food supply since 2018,FAKE
researchers at MIT signs bilateral agreement with partners on inflation rates cooperation,REAL
Lawmakers debate the Environmental Protection Agency proposal to expand election security access,REAL
Analysis: How the Reserve Bank of India's approach to space exploration compares globally,REAL
Netflix CEO discusses future plans at annual shareholders meeting,REAL
Donald Trump found dead in mysterious circumstances at private estate,FAKE
Government adds secret chemicals to citizens that cause chronic fatigue,FAKE
Celebrity endorses miracle the weather treatment that cures chronic fatigue,FAKE
Mark Zuckerberg caught on hidden camera admitting to stealing classified government data,FAKE
Netflix stock crashes 90% after CEO Sundar Pichai confesses to massive fraud,FAKE
Scientists at NASA confirm humans can live to 500 with this secret pill,FAKE
Oxford University budget proposal includes $X billion for water resources programs,REAL
Shadow government confirms plan to weaponize all microchips by end of year,FAKE
Rahul Gandhi has been arrested by FBI for stealing classified government data,FAKE
Record temperatures reported across Eastern India during summer months,REAL
Novak Djokovic breaks world record at international swimming event,REAL
Celebrity endorses miracle natural resources treatment that cures brain damage,FAKE
Scientists from the United Nations publish peer-reviewed housing policy study,REAL
Celebrity endorses miracle children treatment that cures heart disease,FAKE
Study in Nature journal finds correlation between trade agreements and health outcomes,REAL
New Study Proves the CDC is deliberately causing free speech (Mainstream Media Ignores),FAKE
Narendra Modi has been arrested by FBI for conspiracy against the United States,FAKE
Currency to become worthless by next year — insider warning,FAKE
SHOCKING: China secretly banned the economy While Media Stays Silent,FAKE
Officials confirm Japan's parliament cooperation on food security investigation,REAL
Hospital workers confirm Kim Jong-un has only days to live,FAKE
International team maps immigration genome for first time,REAL
the World Health Organization confirms timeline for infrastructure spending implementation next year,REAL
Stanford researchers spokesperson confirms cybersecurity review underway,REAL
the Chinese government publishes findings on economic growth after months of research,REAL
Xi Jinping has been arrested by FBI for hacking government databases,FAKE
Major breakthrough in data privacy treatment announced at medical conference,REAL
Illuminati is tracking microchips and Nobody is Talking About It,FAKE
World Cup qualifiers: England advances with victory over rivals,REAL
EXPOSED: The Real Reason big pharma has been manipulating vaccines,FAKE
Xi Jinping secretly moves 300 million dollars to offshore accounts,FAKE
Celebrity endorses miracle children treatment that cures cancer,FAKE
AI overlords admits they are building a matrix to censor the middle class,FAKE
Officials from economists outline steps to improve public transit oversight,REAL
The end is near: Illuminati triggers microchips to erase humanity,FAKE
Major breakthrough in cybersecurity treatment announced at medical conference,REAL
Top Doctor Reveals: globalists Can manipulate Your children Overnight,FAKE
REVEALED: the government creates mind control devices in the financial system,FAKE
Engineers develop more efficient ocean conservation system at the UN Security Council,REAL
Local governments partner with the Department of Education to combat national debt issues,REAL
the Pentagon imposes sanctions in response to food security violations,REAL
the Indian government spokesperson confirms food security review underway,REAL
Diplomatic talks in Los Angeles yield progress on economic growth dispute,REAL
the FBI admits they are building a matrix to brainwash elections,FAKE
Shadow government confirms plan to destroy all the economy by end of year,FAKE
"Boris Johnson tests positive for diabetes, rushed to hospital in critical condition",FAKE
Researchers discover new approach to education funding using advanced technology,REAL
Joe Biden secretly moves 100 billion dollars to offshore accounts,FAKE
Economists at the IMF project steady growth in education funding sector,REAL
Scientists finally admit the food supply is the real cause of infertility,FAKE
Sources: Barack Obama to resign from all positions effective immediately,FAKE
Aliens have landed their social media in central park and met secret societies,FAKE
You Won't Believe What Bill Gates Just Did to DNA,FAKE
Classified document reveals North Korea plans to invade United Kingdom,FAKE
Microsoft reports revenue of $150 billion for fiscal year,REAL
Miracle Cure: How the deep state Used vaccines to control the Impossible,FAKE
Panel recommends the IMF take action on nuclear energy by next quarter,REAL
elites is replacing public health — This Changes EVERYTHING,FAKE
PROOF that Xi Jinping is actually controlled by Bill Gates,FAKE
New research links the middle class to 500% increase in cancer cases,FAKE
EXPOSED: Big pharma suppresses natural cure using democracy for paralysis,FAKE
BREAKING: Mumbai airport shut down after Donald Trump causes bomb scare,FAKE
Researchers discover new approach to quantum computing using advanced technology,REAL
URGENT: Banks will freeze all accounts starting this summer — withdraw now,FAKE
Miracle Cure: How world leaders Used citizens to brainwash the Impossible,FAKE
Hollywood Elites Furious After mainstream media has been funding the water supply,FAKE
G20 leaders pledge increased funding for nuclear energy development,REAL
Viral video proves Joe Biden was lying about the internet all along,FAKE
economists budget proposal includes $X billion for public transit programs,REAL
the Department of Justice meets with officials to discuss public health regulations,REAL
Viral video proves Taylor Swift was lying about citizens all along,FAKE
Former employee reveals Samsung has been is orchestrating customers for years,FAKE
Anonymous sources within NIH claim Amit Shah is suppressing public health,FAKE
BREAKING: the government is harvesting public health — Government hides Truth,FAKE
Aliens have landed their the middle class in central park and met the establishment,FAKE
"New legislation proposed to address cybersecurity concerns, says the IMF",REAL
New report from the Pentagon highlights gaps in semiconductor production funding,REAL
Rahul Gandhi caught on hidden camera admitting to stealing classified government data,FAKE
public health officials reports record numbers regarding social security in Q3,REAL
Economists at federal officials project steady growth in defense spending sector,REAL
EXPOSED: Big pharma suppresses natural cure using vaccines for diabetes,FAKE
Panel recommends the European Union take action on trade agreements by next quarter,REAL
ALERT: globalists Plans to censor Every the weather by End of Year,FAKE
WAKE UP: the CIA Is is tracking public health Right in Front of Your Eyes,FAKE
Hospital workers confirm Hillary Clinton has only days to live,FAKE
Officials from the Federal Reserve outline steps to improve electric vehicles oversight,REAL
JUST IN: Delhi completely destroyed by volcanic eruption,FAKE
Secret Footage Shows the president secretly banned natural resources Behind Closed Doors,FAKE
Former employee reveals Samsung has been is destroying customers for years,FAKE
the Federal Reserve meets with officials to discuss immigration regulations,REAL
Hillary Clinton secretly moves 1 trillion dollars to offshore accounts,FAKE
New research links free speech to 500% increase in memory loss cases,FAKE
Doctors HATE this: elections can cure memory loss in just 3 days,FAKE
public health officials publishes findings on semiconductor production after months of research,REAL
Government adds secret chemicals to free speech that cause infertility,FAKE
Committee formed to review the Supreme Court policies on healthcare reform,REAL
New research links children to 500% increase in diabetes cases,FAKE
Boeing to go bankrupt within weeks according to leaked documents,FAKE
Whistleblower Exposes How world leaders is destroying natural resources for Years,FAKE
Panel recommends the Treasury Department take action on food security by next quarter,REAL
ALERT: scientists Plans to suppress Every democracy by End of Year,FAKE
World Cup qualifiers: Japan advances with victory over rivals,REAL
the Supreme Court meets with officials to discuss data privacy regulations,REAL
Saudi Arabia bans all the weather starting next month — citizens outraged,FAKE
Jeff Bezos announces purchase of Google for 100 billion dollars,FAKE
Scientists from economists publish peer-reviewed data privacy study,REAL
the UN Security Council budget proposal includes $X billion for nuclear energy programs,REAL
Disney reports revenue of $33 billion for fiscal year,REAL
Former employee reveals Google has been is deliberately causing customers for years,FAKE
EXPOSED: The Real Reason China has been lying about the water supply,FAKE
CENSORED: The Truth About How North Korea secretly controls democracy,FAKE
You Won't Believe What the Pentagon Just Did to elections,FAKE
researchers at MIT releases new climate report showing inflation rates trends,REAL
the Environmental Protection Agency imposes sanctions in response to ocean conservation violations,REAL
Major breakthrough in ocean conservation treatment announced at medical conference,REAL
Brazil declares war on Australia in surprise midnight announcement,FAKE
Viral video proves Boris Johnson was lying about DNA all along,FAKE
Former employee reveals Intel has been is destroying customers for years,FAKE
Narendra Modi has been arrested by FBI for secret human trafficking operations,FAKE
SHOCKING: big pharma is orchestrating citizens While Media Stays Silent,FAKE
This one trick by billionaires to weaponize free speech will blow your mind,FAKE
Government adds secret chemicals to the financial system that cause heart disease,FAKE
Viral video proves Xi Jinping was lying about social media all along,FAKE
Major breakthrough in healthcare reform treatment announced at medical conference,REAL
Japan's parliament budget proposal includes $X billion for public health programs,REAL
This one trick by the World Economic Forum to control social media will blow your mind,FAKE
Adobe launches new division focused on public transit innovation,REAL
The Elite Don't Want You to Know How the establishment has been funding the financial system,FAKE
Panel recommends the Pentagon take action on semiconductor production by next quarter,REAL
Scientists finally admit the food supply is the real cause of autism,FAKE
They Don't Want You to Know: the deep state is suppressing the weather,FAKE
New report from global stock markets highlights gaps in water resources funding,REAL
They Don't Want You to Know: Bill Gates is suppressing social media,FAKE
the United Nations budget proposal includes $X billion for infrastructure spending programs,REAL
Viral video proves Donald Trump was lying about the financial system all along,FAKE
Committee formed to review the Chinese government policies on national debt,REAL
Cristiano Ronaldo breaks world record at international athletics event,REAL
Warren Buffett caught on hidden camera admitting to secret human trafficking operations,FAKE
New research links microchips to 500% increase in kidney failure cases,FAKE
"the Reserve Bank of India spokesperson denies allegations, citing trade agreements records",REAL
Panel recommends the Federal Reserve take action on electric vehicles by next quarter,REAL
Global markets react to the Reserve Bank of India decision on quantum computing policy changes,REAL
global stock markets publishes findings on data privacy after months of research,REAL
Record temperatures reported across Eastern India during summer months,REAL
Internal memo shows TikTok knew about dangers but hid evidence,FAKE
The end is near: the deep state triggers free speech to destroy humanity,FAKE
URGENT: Banks will freeze all accounts starting January 2026 — withdraw now,FAKE
Report: the European Union releases quarterly data on climate policy,REAL
The end is near: elites triggers free speech to monitor humanity,FAKE
the UN Security Council publishes findings on data privacy after months of research,REAL
REVEALED: Bill Gates creates mind control devices in the water supply,FAKE
the Pentagon budget proposal includes $X billion for inflation rates programs,REAL
REVEALED: China creates mind control devices in elections,FAKE
Facebook to go bankrupt within weeks according to leaked documents,FAKE
Anonymous sources within CDC claim Oprah Winfrey has been stealing the water supply,FAKE
Report: Stanford researchers releases quarterly data on public transit,REAL
Local governments partner with federal officials to combat education funding issues,REAL
Miracle Cure: How China Used DNA to control the Impossible,FAKE
Sources: Mark Zuckerberg to resign from all positions effective immediately,FAKE
LEAKED emails reveal Sundar Pichai planned to track the middle class since 2018,FAKE
They Don't Want You to Know: Illuminati is hiding education,FAKE
BANNED VIDEO: big pharma Admits to is orchestrating the economy,FAKE
Analysis: How the United Nations's approach to global warming compares globally,REAL
Deep State Caught is suppressing cryptocurrency While big pharma Looks the Other Way,FAKE
The Elite Don't Want You to Know How the World Economic Forum is tracking natural resources,FAKE
LEAKED: Internal Documents Prove the CIA has been silencing cryptocurrency,FAKE
Panel recommends federal officials take action on trade agreements by next quarter,REAL
Microsoft announces expansion into European with new product line,REAL
Your doctor won't tell you this simple trick to reverse autism,FAKE
Jeff Bezos caught on hidden camera admitting to illegally manipulating stock markets,FAKE
Committee formed to review federal officials policies on public transit,REAL
Mumbai Indians signs Novak Djokovic in record-breaking transfer deal,REAL
Scientists finally admit the food supply is the real cause of blindness,FAKE
New report from the European Union highlights gaps in space exploration funding,REAL
UN General Assembly adopts resolution on global trade agreements standards,REAL
Your doctor won't tell you this simple trick to reverse kidney failure,FAKE
Your doctor won't tell you this simple trick to reverse cancer,FAKE
Pakistan bans all cryptocurrency starting next month — citizens outraged,FAKE
Rahul Gandhi secretly moves 100 billion dollars to offshore accounts,FAKE
Scientists at NIH confirm free energy has been suppressed for decades,FAKE
global stock markets releases new climate report showing immigration trends,REAL
the Environmental Protection Agency to host international summit on infrastructure spending next week,REAL
Scientists from Oxford University publish peer-reviewed inflation rates study,REAL
Study in Nature journal finds correlation between space exploration and health outcomes,REAL
the Bank of England and international partners cooperate on artificial intelligence initiative,REAL
New satellite data provides insights into global healthcare reform patterns,REAL
Survey shows public support for congressional leaders actions on inflation rates,REAL
World Cup qualifiers: Germany advances with victory over rivals,REAL
URGENT WARNING: the president is brainwashing education — Share Before Deleted,FAKE
the Bank of England signs bilateral agreement with partners on data privacy cooperation,REAL
WAKE UP: billionaires Is is orchestrating citizens Right in Front of Your Eyes,FAKE
International team maps data privacy genome for first time,REAL
Hillary Clinton secretly moves 10 billion euros to offshore accounts,FAKE
URGENT: Banks will freeze all accounts starting this summer — withdraw now,FAKE
Hollywood Elites Furious After elites is censoring DNA,FAKE
BREAKING: the president is harvesting the internet — Government ignores Truth,FAKE
Flood warnings issued for Eastern India as heavy rains continue,REAL
Analysts upgrade Nvidia stock following strong food security outlook,REAL
Study finds healthcare reform linked to changes in Oxford University behavior,REAL
IBM CEO discusses future plans at annual shareholders meeting,REAL
Elon Musk secretly moves 10 billion euros to offshore accounts,FAKE
Los Angeles Lakers signs Rohit Sharma in record-breaking transfer deal,REAL
Experts at public health officials warn of challenges ahead for national debt,REAL
Study finds public transit linked to changes in the FDA behavior,REAL
"New legislation proposed to address quantum computing concerns, says the UN Security Council",REAL
Your doctor won't tell you this simple trick to reverse kidney failure,FAKE
Peace negotiations continue as economists mediates election security conflict,REAL
secret societies admits they are building a matrix to censor the internet,FAKE
Study in Nature journal finds correlation between electric vehicles and health outcomes,REAL
Currency to become worthless by January 2026 — insider warning,FAKE
Hillary Clinton has been arrested by FBI for conspiracy against the United States,FAKE
Report: the White House releases quarterly data on social security,REAL
Report: the IMF releases quarterly data on ocean conservation,REAL
Scientists from the World Health Organization publish peer-reviewed tax reform study,REAL
World Cup qualifiers: Germany advances with victory over rivals,REAL
G20 leaders pledge increased funding for education funding development,REAL
ALERT: the CDC Plans to exploit Every children by End of Year,FAKE
Disney stock crashes 90% after CEO Hillary Clinton confesses to massive fraud,FAKE
URGENT: Banks will freeze all accounts starting this summer — withdraw now,FAKE
Russia admits they are building a matrix to reprogram the food supply,FAKE
BREAKING: Bangalore airport shut down after Hillary Clinton causes bomb scare,FAKE
Tim Cook caught on hidden camera admitting to bribing foreign officials,FAKE
Major breakthrough in tax reform treatment announced at medical conference,REAL
Trade talks between the Bank of England and partners focus on biodiversity tariffs,REAL
BREAKING: the FBI secretly controls democracy — Government covers up Truth,FAKE
the Federal Reserve announces new policy on trade agreements following bipartisan discussions,REAL
Analysis: How the United Nations's approach to semiconductor production compares globally,REAL
EXCLUSIVE: Boris Johnson secretly married to Barack Obama according to insiders,FAKE
Wildfire containment reaches 80 percent in South Asia after week-long effort,REAL
SHOCKING: shadow groups is brainwashing vaccines While Media Stays Silent,FAKE
LeBron James breaks world record at international cricket event,REAL
The end is near: the president triggers citizens to censor humanity,FAKE
URGENT WARNING: the Pentagon has been lying about the weather — Share Before Deleted,FAKE
Kylian Mbappe announces retirement after 12 year career,REAL
researchers at MIT confirms timeline for election security implementation next year,REAL
The Elite Don't Want You to Know How North Korea is replacing microchips,FAKE
Researchers discover new approach to immigration using advanced technology,REAL
Report: the United Nations releases quarterly data on immigration,REAL
The Elite Don't Want You to Know How China secretly controls citizens,FAKE
Scientists from researchers at MIT publish peer-reviewed infrastructure spending study,REAL
URGENT: Banks will freeze all accounts starting next month — withdraw now,FAKE
the United Nations publishes findings on immigration after months of research,REAL
Researchers discover new approach to social security using advanced technology,REAL
The Elite Don't Want You to Know How Bill Gates is replacing public health,FAKE
Flood warnings issued for Southeast US as heavy rains continue,REAL
Secret Footage Shows billionaires is harvesting the internet Behind Closed Doors,FAKE
Lawmakers debate the FDA proposal to expand renewable energy access,REAL
BREAKING: Delhi airport shut down after Barack Obama causes bomb scare,FAKE
CENSORED: The Truth About How scientists is tracking cryptocurrency,FAKE
Google shares rise 6.3% after strong quarterly earnings report,REAL
WAKE UP: the government Is has been manipulating vaccines Right in Front of Your Eyes,FAKE
Diplomatic talks in Paris yield progress on national debt dispute,REAL
The Elite Don't Want You to Know How the Pentagon is deliberately causing children,FAKE
Doctors HATE this: the economy can cure memory loss in just 3 days,FAKE
MUST READ: China has been stealing education at Secret Meeting,FAKE
Analysts upgrade IBM stock following strong trade agreements outlook,REAL
Sources: Rahul Gandhi to resign from all positions effective immediately,FAKE
Shadow government confirms plan to brainwash all the financial system by end of year,FAKE
EXCLUSIVE: Oprah Winfrey secretly married to an alien diplomat according to insiders,FAKE
Scientists finally admit elections is the real cause of autism,FAKE
BREAKING: tech giants has been stealing education — Government suppresses Truth,FAKE
George Soros announces purchase of Twitter for 75 billion dollars,FAKE
Los Angeles Lakers defeats Chennai Super Kings in closely contested championship match,REAL
Xi Jinping secretly moves 200 million dollars to offshore accounts,FAKE
Officials confirm Japan's parliament cooperation on food security investigation,REAL
MUST READ: globalists has been spying on DNA at Secret Meeting,FAKE
researchers at MIT budget proposal includes $X billion for water resources programs,REAL
Vladimir Putin announces purchase of Microsoft for 75 billion dollars,FAKE
Sources: Tom Cruise to resign from all positions effective immediately,FAKE
WARNING: the water supply causes cancer — what globalists is hiding from you,FAKE
Economists at the Federal Reserve project steady growth in ocean conservation sector,REAL
Former employee reveals Apple has been has been lying about customers for years,FAKE
Former employee reveals Samsung has been is harvesting customers for years,FAKE
IBM launches new division focused on national debt innovation,REAL
Bayern Munich defeats Liverpool in closely contested championship match,REAL
Data from the Department of Justice shows modest improvement in trade agreements metrics,REAL
Currency to become worthless by next month — insider warning,FAKE
Classified document reveals India plans to invade Russia,FAKE
Scientists from the Senate publish peer-reviewed defense spending study,REAL
SHOCKING: globalists has been manipulating the economy While Media Stays Silent,FAKE
federal officials announces new policy on biodiversity following international negotiations,REAL
the Bank of England imposes sanctions in response to quantum computing violations,REAL
Peace negotiations continue as the Indian government mediates artificial intelligence conflict,REAL
New satellite data provides insights into global biodiversity patterns,REAL
Analysts upgrade Meta stock following strong food security outlook,REAL
This one trick by big pharma to manipulate DNA will blow your mind,FAKE
LEAKED emails reveal Kim Jong-un planned to censor natural resources since 2018,FAKE
ALERT: big pharma Plans to exploit Every the internet by End of Year,FAKE
UN General Assembly adopts resolution on global data privacy standards,REAL
public health officials releases annual transparency report on healthcare reform,REAL
Officials confirm Stanford researchers cooperation on inflation rates investigation,REAL
New report from the Senate highlights gaps in defense spending funding,REAL
Economists at the United Nations project steady growth in space exploration sector,REAL
Sources: Hillary Clinton to resign from all positions effective immediately,FAKE
the Supreme Court imposes sanctions in response to housing policy violations,REAL
Joe Biden caught manipulating SpaceX stock for personal gain,FAKE
Secret government plan to tax all democracy by 200% revealed,FAKE
Lawmakers debate researchers at MIT proposal to expand education funding access,REAL
Celebrity endorses miracle citizens treatment that cures memory loss,FAKE
Government adds secret chemicals to social media that cause memory loss,FAKE
Whistleblower Exposes How reptilians is suppressing natural resources for Years,FAKE
AI-powered tool improves infrastructure spending prediction accuracy by 40 percent,REAL
New research links cryptocurrency to 500% increase in kidney failure cases,FAKE
REVEALED: Russia creates mind control devices in the food supply,FAKE
Government adds secret chemicals to the economy that cause chronic fatigue,FAKE
Facebook to go bankrupt within weeks according to leaked documents,FAKE
Diplomatic talks in Milan yield progress on public transit dispute,REAL
Your doctor won't tell you this simple trick to reverse paralysis,FAKE
Experts at the Indian government warn of challenges ahead for quantum computing,REAL
Joe Biden running secret elections operation from underground bunker,FAKE
Secret Footage Shows scientists has been stealing the food supply Behind Closed Doors,FAKE
"New legislation proposed to address healthcare reform concerns, says the European Union",REAL
Diplomatic talks in Tokyo yield progress on electric vehicles dispute,REAL
CONFIRMED: China has been funding children According to Anonymous Sources,FAKE
Oxford University announces new policy on immigration following international negotiations,REAL
Supreme Court delivers ruling on the Treasury Department handling of public transit,REAL
Currency to become worthless by next month — insider warning,FAKE
Analysis: How Japan's parliament's approach to data privacy compares globally,REAL
Internal memo shows Amazon knew about dangers but hid evidence,FAKE
UN General Assembly adopts resolution on global public health standards,REAL
CONFIRMED: the establishment is destroying the middle class According to Anonymous Sources,FAKE
Brazil declares war on Brazil in surprise midnight announcement,FAKE
Supreme Court delivers ruling on the Senate handling of biodiversity,REAL
URGENT WARNING: Bill Gates is harvesting vaccines — Share Before Deleted,FAKE
ALERT: elites Plans to poison Every the economy by End of Year,FAKE
World Cup qualifiers: Brazil advances with victory over rivals,REAL
United States declares war on Saudi Arabia in surprise midnight announcement,FAKE
JUST IN: Moscow completely destroyed by volcanic eruption,FAKE
the World Health Organization releases new climate report showing water resources trends,REAL
Former employee reveals Moderna has been is brainwashing customers for years,FAKE
the UN Security Council imposes sanctions in response to data privacy violations,REAL
Miracle Cure: How reptilians Used natural resources to manipulate the Impossible,FAKE
Analysts upgrade Salesforce stock following strong social security outlook,REAL
Wildfire containment reaches 80 percent in Southeast US after week-long effort,REAL
TikTok stock crashes 90% after CEO Donald Trump confesses to massive fraud,FAKE
Global markets react to the Bank of England decision on social security policy changes,REAL
Tim Cook caught manipulating Google stock for personal gain,FAKE
Mumbai Indians signs Neeraj Chopra in record-breaking transfer deal,REAL
The end is near: big pharma triggers elections to brainwash humanity,FAKE
SHOCKING: tech giants has been lying about education While Media Stays Silent,FAKE
International team maps ocean conservation genome for first time,REAL
Lewis Hamilton breaks world record at international football event,REAL
Mark Zuckerberg announces purchase of Tesla for 10 billion euros,FAKE
International team maps inflation rates genome for first time,REAL
Experts at the United Nations warn of challenges ahead for public health,REAL
EXCLUSIVE: Mark Zuckerberg secretly married to Elon Musk according to insiders,FAKE
Amit Shah caught on hidden camera admitting to running an underground spy network,FAKE
Internal memo shows Google knew about dangers but hid evidence,FAKE
REVEALED: the World Economic Forum creates mind control devices in the economy,FAKE
Sources: Warren Buffett to resign from all positions effective immediately,FAKE
World Cup qualifiers: France advances with victory over rivals,REAL
Government adds secret chemicals to microchips that cause infertility,FAKE
Wildfire containment reaches 80 percent in Mediterranean region after week-long effort,REAL
Study in Nature journal finds correlation between nuclear energy and health outcomes,REAL
Internal memo shows Disney knew about dangers but hid evidence,FAKE
Record temperatures reported across California during summer months,REAL
the White House to host international summit on public transit next week,REAL
Deep State Caught is suppressing DNA While the president Looks the Other Way,FAKE
Record temperatures reported across Southeast US during summer months,REAL
Aliens have landed their vaccines in central park and met China,FAKE
Tesla to go bankrupt within weeks according to leaked documents,FAKE
Doctors HATE this: the middle class can cure paralysis in just 3 days,FAKE
SHOCKING: the Pentagon is censoring citizens While Media Stays Silent,FAKE
You Won't Believe What Russia Just Did to social media,FAKE
reptilians has been manipulating education and Nobody is Talking About It,FAKE
Researchers discover new approach to cybersecurity using advanced technology,REAL
Doctors HATE this: free speech can cure cancer in just 3 days,FAKE
Vladimir Putin caught on hidden camera admitting to money laundering and tax fraud,FAKE
They Don't Want You to Know: the deep state has been lying about free speech,FAKE
the Department of Education to host international summit on food security next week,REAL
Flood warnings issued for Western Europe as heavy rains continue,REAL
100% PROOF: Illuminati Has Been is suppressing free speech This Entire Time,FAKE
WAKE UP: tech giants Is has been spying on the internet Right in Front of Your Eyes,FAKE
Anonymous sources within CDC claim Xi Jinping has been manipulating DNA,FAKE
Global markets react to researchers at MIT decision on immigration policy changes,REAL
G20 leaders pledge increased funding for education funding development,REAL
Hillary Clinton found dead in mysterious circumstances at private estate,FAKE
Google launches new division focused on trade agreements innovation,REAL
Hurricane season forecast predicts above-average activity this year,REAL
CONFIRMED: secret societies has been poisoning microchips According to Anonymous Sources,FAKE
Rahul Gandhi found dead in mysterious circumstances at private estate,FAKE
Analysts upgrade Nvidia stock following strong education funding outlook,REAL
MUST READ: world leaders secretly controls public health at Secret Meeting,FAKE
"New legislation proposed to address renewable energy concerns, says the European Union",REAL
Officials confirm federal officials cooperation on climate policy investigation,REAL
Scientists from congressional leaders publish peer-reviewed defense spending study,REAL
George Soros has been arrested by FBI for conspiracy against the United States,FAKE
Researchers discover new approach to artificial intelligence using advanced technology,REAL
Former employee reveals McDonald's has been is hiding customers for years,FAKE
New research links democracy to 500% increase in diabetes cases,FAKE
the Department of Health confirms timeline for immigration implementation next year,REAL
UN General Assembly adopts resolution on global trade agreements standards,REAL
Government adds secret chemicals to children that cause brain damage,FAKE
BREAKING: billionaires is brainwashing the food supply — Government suppresses Truth,FAKE
the Bank of England spokesperson confirms defense spending review underway,REAL
Investors weigh Salesforce performance amid changing national debt landscape,REAL
Meta reports revenue of $28 billion for fiscal year,REAL
BREAKING: North Korea is tracking children — Government buries Truth,FAKE
Doctors HATE this: the weather can cure chronic fatigue in just 3 days,FAKE
Local governments partner with federal officials to combat quantum computing issues,REAL
Study in Nature journal finds correlation between food security and health outcomes,REAL
"Joe Biden tests positive for paralysis, rushed to hospital in critical condition",FAKE
Officials confirm the Supreme Court cooperation on election security investigation,REAL
Celebrity endorses miracle vaccines treatment that cures infertility,FAKE
Scientists finally admit DNA is the real cause of infertility,FAKE
the World Health Organization announces new policy on social security following the annual review,REAL
Hospital workers confirm Rahul Gandhi has only 6 months to live,FAKE
EXCLUSIVE: Hillary Clinton secretly married to Taylor Swift according to insiders,FAKE
the FBI is orchestrating natural resources — This Changes EVERYTHING,FAKE
Viral video proves Xi Jinping was lying about children all along,FAKE
Bayern Munich signs Serena Williams in record-breaking transfer deal,REAL
Wildfire containment reaches 80 percent in Australia after week-long effort,REAL
Warren Buffett has been arrested by FBI for running an underground spy network,FAKE
Supreme Court delivers ruling on the Treasury Department handling of defense spending,REAL
the Supreme Court announces new policy on healthcare reform following last month's summit,REAL
This one trick by the Pentagon to bankrupt the internet will blow your mind,FAKE
CENSORED: The Truth About How the royals is replacing citizens,FAKE
Analysts upgrade Cisco stock following strong healthcare reform outlook,REAL
JPMorgan launches new division focused on housing policy innovation,REAL
Wildfire containment reaches 80 percent in Western Europe after week-long effort,REAL
LEAKED emails reveal Warren Buffett planned to destroy democracy since 2018,FAKE
Hurricane season forecast predicts above-average activity this year,REAL
the Senate holds press conference addressing renewable energy questions,REAL
Samsung launches new division focused on immigration innovation,REAL
Analysts upgrade Toyota stock following strong biodiversity outlook,REAL
UN General Assembly adopts resolution on global national debt standards,REAL
Data from federal officials shows modest improvement in election security metrics,REAL
BREAKING: the CDC secretly banned the middle class — Government suppresses Truth,FAKE
Study finds renewable energy linked to changes in ISRO scientists behavior,REAL
Top Doctor Reveals: world leaders Can eliminate Your cryptocurrency Overnight,FAKE
Kanye West secretly moves 300 million dollars to offshore accounts,FAKE
EXCLUSIVE: Tim Cook secretly married to Narendra Modi according to insiders,FAKE
Shadow government confirms plan to control all elections by end of year,FAKE
Amazon launches new division focused on global warming innovation,REAL
EXCLUSIVE: Mark Zuckerberg secretly married to Hillary Clinton according to insiders,FAKE
ALERT: the deep state Plans to destroy Every the weather by End of Year,FAKE
Classified document reveals Turkey plans to invade France,FAKE
LEAKED: Internal Documents Prove the president has been manipulating vaccines,FAKE
Oprah Winfrey secretly moves 1 trillion dollars to offshore accounts,FAKE
MUST READ: the Pentagon is destroying the middle class at Secret Meeting,FAKE
Panel recommends the Chinese government take action on water resources by next quarter,REAL
Taylor Swift running secret the internet operation from underground bunker,FAKE
PROOF that Narendra Modi is actually controlled by the World Economic Forum,FAKE
Study in Nature journal finds correlation between public health and health outcomes,REAL
Supreme Court delivers ruling on Stanford researchers handling of electric vehicles,REAL
Russia admits they are building a matrix to monitor public health,FAKE
LEAKED emails reveal Joe Biden planned to destroy the water supply since 2018,FAKE
Japan's parliament publishes findings on water resources after months of research,REAL
the White House signs bilateral agreement with partners on economic growth cooperation,REAL
Officials confirm ISRO scientists cooperation on biodiversity investigation,REAL
EXPOSED: Big pharma suppresses natural cure using free speech for infertility,FAKE
Officials from the United Nations outline steps to improve nuclear energy oversight,REAL
Analysis: How NASA's approach to electric vehicles compares globally,REAL
Berkshire Hathaway shares rise 1.8% after strong quarterly earnings report,REAL
G20 leaders pledge increased funding for education funding development,REAL
Diplomatic talks in Brisbane yield progress on semiconductor production dispute,REAL
New report from NASA highlights gaps in national debt funding,REAL
Russia admits they are building a matrix to control children,FAKE
SHOCKING: tech giants is tracking elections While Media Stays Silent,FAKE
PROOF that Vladimir Putin is actually controlled by billionaires,FAKE
the Pentagon meets with officials to discuss ocean conservation regulations,REAL
New satellite data provides insights into global electric vehicles patterns,REAL
the FDA holds press conference addressing healthcare reform questions,REAL
Global markets react to researchers at MIT decision on social security policy changes,REAL
Lionel Messi announces retirement after 18 year career,REAL
Survey shows public support for the Environmental Protection Agency actions on global warming,REAL
Shadow government confirms plan to erase all the weather by end of year,FAKE
Stanford researchers to host international summit on inflation rates next week,REAL
India declares war on Australia in surprise midnight announcement,FAKE
the royals secretly controls vaccines — Are You Prepared for What Comes Next?,FAKE
100% PROOF: Illuminati Has Been is brainwashing the weather This Entire Time,FAKE
Engineers develop more efficient ocean conservation system at the Department of Health,REAL
International team maps nuclear energy genome for first time,REAL
Internal memo shows Facebook knew about dangers but hid evidence,FAKE
The Elite Don't Want You to Know How Illuminati is suppressing social media,FAKE
shadow groups is orchestrating the economy — This Changes EVERYTHING,FAKE
Kylian Mbappe breaks world record at international tennis event,REAL
the World Health Organization confirms timeline for data privacy implementation next year,REAL
Report: the Bank of England releases quarterly data on social security,REAL
the White House reports record numbers regarding social security in Q3,REAL
Miracle Cure: How AI overlords Used the weather to manipulate the Impossible,FAKE
Data from the United Nations shows modest improvement in social security metrics,REAL
Illuminati is destroying democracy — Are You Prepared for What Comes Next?,FAKE
Rohit Sharma breaks world record at international cricket event,REAL
This one trick by the CDC to destroy citizens will blow your mind,FAKE
France declares war on Russia in surprise midnight announcement,FAKE
Germany declares war on France in surprise midnight announcement,FAKE
Record temperatures reported across California during summer months,REAL
Joe Biden running secret public health operation from underground bunker,FAKE
Peace negotiations continue as congressional leaders mediates national debt conflict,REAL
Goldman Sachs CEO discusses future plans at annual shareholders meeting,REAL
Apple and Netflix announce strategic partnership on electric vehicles,REAL
Taylor Swift caught on hidden camera admitting to conspiracy against the United States,FAKE
Flood warnings issued for Western Europe as heavy rains continue,REAL
ALERT: AI overlords Plans to bankrupt Every democracy by End of Year,FAKE
"Jeff Bezos tests positive for kidney failure, rushed to hospital in critical condition",FAKE
congressional leaders publishes findings on housing policy after months of research,REAL
Local governments partner with the Reserve Bank of India to combat infrastructure spending issues,REAL
Liverpool defeats Bayern Munich in closely contested championship match,REAL
the White House releases annual transparency report on infrastructure spending,REAL
Investors weigh Apple performance amid changing healthcare reform landscape,REAL
George Soros announces purchase of Twitter for 75 billion dollars,FAKE
shadow groups is brainwashing public health and Nobody is Talking About It,FAKE
BREAKING: Mumbai airport shut down after Mark Zuckerberg causes bomb scare,FAKE
Kejriwal caught manipulating Tesla stock for personal gain,FAKE
ISRO scientists confirms timeline for water resources implementation next year,REAL
Golden State Warriors defeats New York Yankees in closely contested championship match,REAL
LEAKED emails reveal Elon Musk planned to censor vaccines since 2018,FAKE
Scientists finally admit public health is the real cause of blindness,FAKE
Doctors HATE this: microchips can cure blindness in just 3 days,FAKE
the CIA is orchestrating elections and Nobody is Talking About It,FAKE
Former employee reveals TikTok has been is suppressing customers for years,FAKE
EXPOSED: The Real Reason the Pentagon is destroying the internet,FAKE
Vladimir Putin running secret citizens operation from underground bunker,FAKE
Study finds ocean conservation linked to changes in the Senate behavior,REAL
Investors weigh Samsung performance amid changing education funding landscape,REAL
URGENT: Banks will freeze all accounts starting this summer — withdraw now,FAKE
Iran declares war on Germany in surprise midnight announcement,FAKE
Economists at the World Health Organization project steady growth in healthcare reform sector,REAL
Shadow government confirms plan to control all the water supply by end of year,FAKE
Wildfire containment reaches 80 percent in Western Europe after week-long effort,REAL
ALERT: tech giants Plans to eliminate Every free speech by End of Year,FAKE
SHOCKING: reptilians is deliberately causing cryptocurrency While Media Stays Silent,FAKE
Bill Gates caught on hidden camera admitting to illegally manipulating stock markets,FAKE
congressional leaders confirms timeline for biodiversity implementation next year,REAL
Google announces expansion into African with new product line,REAL
Trade talks between public health officials and partners focus on election security tariffs,REAL
EXCLUSIVE: Warren Buffett secretly married to Kanye West according to insiders,FAKE
Kim Jong-un caught on hidden camera admitting to illegally manipulating stock markets,FAKE
Shadow government confirms plan to reprogram all citizens by end of year,FAKE
Top Doctor Reveals: Bill Gates Can monitor Your the water supply Overnight,FAKE
Scientists at NASA confirm the moon is an artificial structure,FAKE
Currency to become worthless by next year — insider warning,FAKE
Doctors HATE this: natural resources can cure heart disease in just 3 days,FAKE
Viral video proves Warren Buffett was lying about microchips all along,FAKE
the Federal Reserve budget proposal includes $X billion for quantum computing programs,REAL
Wildfire containment reaches 80 percent in South Asia after week-long effort,REAL
EXPOSED: Big pharma suppresses natural cure using elections for memory loss,FAKE
Economists at public health officials project steady growth in artificial intelligence sector,REAL
Secret Footage Shows Bill Gates has been lying about DNA Behind Closed Doors,FAKE
Novak Djokovic breaks world record at international athletics event,REAL
the Treasury Department reports record numbers regarding public health in Q3,REAL
Lawmakers debate the UN Security Council proposal to expand renewable energy access,REAL
Vladimir Putin caught manipulating Apple stock for personal gain,FAKE
global stock markets holds press conference addressing semiconductor production questions,REAL
Panel recommends global stock markets take action on education funding by next quarter,REAL
Hollywood Elites Furious After world leaders is orchestrating natural resources,FAKE
Supreme Court delivers ruling on the Bank of England handling of electric vehicles,REAL
Miracle Cure: How reptilians Used citizens to brainwash the Impossible,FAKE
Narendra Modi found dead in mysterious circumstances at private estate,FAKE
URGENT WARNING: shadow groups is brainwashing the weather — Share Before Deleted,FAKE
Election RIGGED: Millions of fake ballots found in Chicago warehouse,FAKE
Kejriwal announces purchase of SpaceX for 200 million dollars,FAKE
Olympics committee announces Brisbane as host for upcoming games,REAL
Scientists from the Pentagon publish peer-reviewed inflation rates study,REAL
WAKE UP: the CDC Is secretly banned the internet Right in Front of Your Eyes,FAKE
ISRO scientists meets with officials to discuss economic growth regulations,REAL
Researchers discover new approach to space exploration using advanced technology,REAL
Hospital workers confirm Oprah Winfrey has only 3 months to live,FAKE
Celebrity endorses miracle cryptocurrency treatment that cures autism,FAKE
the World Health Organization announces new policy on healthcare reform following budget deliberations,REAL
ISRO scientists and international partners cooperate on healthcare reform initiative,REAL
PROOF that Kim Jong-un is actually controlled by the president,FAKE
Economists at the Treasury Department project steady growth in biodiversity sector,REAL
Wildfire containment reaches 80 percent in California after week-long effort,REAL
Hospital workers confirm Kejriwal has only 6 months to live,FAKE
Currency to become worthless by this summer — insider warning,FAKE
PROOF that Taylor Swift is actually controlled by big pharma,FAKE
Survey shows public support for the White House actions on defense spending,REAL
Whistleblower Exposes How secret societies is destroying the middle class for Years,FAKE
New Study Proves the royals is destroying microchips (Mainstream Media Ignores),FAKE
"the Supreme Court spokesperson denies allegations, citing healthcare reform records",REAL
Global markets react to the World Health Organization decision on inflation rates policy changes,REAL
Officials from federal officials outline steps to improve economic growth oversight,REAL
Celebrity endorses miracle education treatment that cures diabetes,FAKE
Local governments partner with the Department of Education to combat biodiversity issues,REAL
Study finds immigration linked to changes in the World Health Organization behavior,REAL
CONFIRMED: North Korea has been poisoning public health According to Anonymous Sources,FAKE
Elon Musk has been arrested by FBI for money laundering and tax fraud,FAKE
Major breakthrough in economic growth treatment announced at medical conference,REAL
URGENT WARNING: world leaders secretly controls free speech — Share Before Deleted,FAKE
"New legislation proposed to address national debt concerns, says the Department of Justice",REAL
Record temperatures reported across California during summer months,REAL
You Won't Believe What scientists Just Did to social media,FAKE
Secret government plan to tax all vaccines by 200% revealed,FAKE
Classified document reveals Germany plans to invade North Korea,FAKE
Global markets react to Japan's parliament decision on social security policy changes,REAL
Salesforce reports revenue of $33 billion for fiscal year,REAL
George Soros caught on hidden camera admitting to hacking government databases,FAKE
Secret government plan to tax all citizens by 200% revealed,FAKE
PROOF that Kejriwal is actually controlled by North Korea,FAKE
Local governments partner with researchers at MIT to combat climate policy issues,REAL
EXPOSED: The Real Reason reptilians is censoring social media,FAKE
Top Doctor Reveals: the FBI Can manipulate Your education Overnight,FAKE
Flood warnings issued for California as heavy rains continue,REAL
the White House signs bilateral agreement with partners on food security cooperation,REAL
Hospital workers confirm Taylor Swift has only 3 months to live,FAKE
WARNING: vaccines causes autism — what reptilians is hiding from you,FAKE
Secret Footage Shows Illuminati is orchestrating children Behind Closed Doors,FAKE
Celebrity endorses miracle democracy treatment that cures chronic fatigue,FAKE
Taylor Swift caught manipulating Pfizer stock for personal gain,FAKE
the Environmental Protection Agency budget proposal includes $X billion for public health programs,REAL
SHOCKING: the establishment is deliberately causing children While Media Stays Silent,FAKE
Kejriwal paid 300 million dollars to cover up the pollution cover-up,FAKE
CONFIRMED: reptilians is censoring education According to Anonymous Sources,FAKE
Hollywood Elites Furious After freemasons is hiding DNA,FAKE
Anonymous sources within MI6 claim Kanye West secretly controls social media,FAKE
Hurricane season forecast predicts above-average activity this year,REAL
the Department of Education spokesperson confirms national debt review underway,REAL
Secret Footage Shows the establishment is suppressing children Behind Closed Doors,FAKE
Toyota reports revenue of $150 billion for fiscal year,REAL
Secret government plan to tax all natural resources by 200% revealed,FAKE
Investors weigh Berkshire Hathaway performance amid changing global warming landscape,REAL
Currency to become worthless by next year — insider warning,FAKE
The Elite Don't Want You to Know How North Korea is suppressing the water supply,FAKE
BREAKING: Bangalore airport shut down after Amit Shah causes bomb scare,FAKE
G20 leaders pledge increased funding for space exploration development,REAL
World Cup qualifiers: Brazil advances with victory over rivals,REAL
Engineers develop more efficient biodiversity system at the Pentagon,REAL
Scientists at CIA confirm humans can live to 500 with this secret pill,FAKE
Data from the Bank of England shows modest improvement in cybersecurity metrics,REAL
global stock markets meets with officials to discuss housing policy regulations,REAL
the White House releases annual transparency report on cybersecurity,REAL
Flood warnings issued for Mediterranean region as heavy rains continue,REAL
New Study Proves the CIA is censoring the internet (Mainstream Media Ignores),FAKE
Investors weigh Microsoft performance amid changing trade agreements landscape,REAL
Hollywood Elites Furious After the deep state is suppressing children,FAKE
Olympics committee announces Paris as host for upcoming games,REAL
MUST READ: the deep state is censoring DNA at Secret Meeting,FAKE
Celebrity endorses miracle the food supply treatment that cures memory loss,FAKE
G20 leaders pledge increased funding for defense spending development,REAL
Netflix to go bankrupt within weeks according to leaked documents,FAKE
Election RIGGED: Millions of fake ballots found in New York warehouse,FAKE
LEAKED emails reveal Elon Musk planned to weaponize the food supply since 2018,FAKE
Engineers develop more efficient housing policy system at the Indian government,REAL
Global markets react to public health officials decision on infrastructure spending policy changes,REAL
Secret Footage Shows billionaires is replacing the weather Behind Closed Doors,FAKE
CONFIRMED: shadow groups has been stealing the water supply According to Anonymous Sources,FAKE
Amazon launches new division focused on public health innovation,REAL
Sources: Joe Biden to resign from all positions effective immediately,FAKE
Deep State Caught has been funding the weather While the president Looks the Other Way,FAKE
Bayern Munich signs Cristiano Ronaldo in record-breaking transfer deal,REAL
Scientists from researchers at MIT publish peer-reviewed healthcare reform study,REAL
Kylian Mbappe breaks world record at international tennis event,REAL
UN General Assembly adopts resolution on global economic growth standards,REAL
EXPOSED: Big pharma suppresses natural cure using the weather for blindness,FAKE
Classified document reveals Saudi Arabia plans to invade United Kingdom,FAKE
Aliens have landed their elections in central park and met Russia,FAKE
URGENT WARNING: the FBI is tracking the financial system — Share Before Deleted,FAKE
Narendra Modi found dead in mysterious circumstances at private estate,FAKE
SHOCKING: scientists is hiding citizens While Media Stays Silent,FAKE
UN General Assembly adopts resolution on global immigration standards,REAL
Brazil declares war on Russia in surprise midnight announcement,FAKE
EXPOSED: The Real Reason the World Economic Forum has been manipulating free speech,FAKE
PROOF that Rahul Gandhi is actually controlled by shadow groups,FAKE
Hospital workers confirm Kim Jong-un has only days to live,FAKE
Election RIGGED: Millions of fake ballots found in Tokyo warehouse,FAKE
Data from ISRO scientists shows modest improvement in climate policy metrics,REAL
Record temperatures reported across California during summer months,REAL
Shadow government confirms plan to manipulate all elections by end of year,FAKE
Data from the Federal Reserve shows modest improvement in public transit metrics,REAL
Study finds nuclear energy linked to changes in the White House behavior,REAL
IBM launches new division focused on public transit innovation,REAL
Microsoft announces expansion into Middle Eastern with new product line,REAL
Lawmakers debate public health officials proposal to expand social security access,REAL
Investors weigh Walmart performance amid changing food security landscape,REAL
the IMF reports record numbers regarding defense spending in Q3,REAL
Anonymous sources within NIH claim Kejriwal is censoring the financial system,FAKE
Sources: Bill Gates to resign from all positions effective immediately,FAKE
New report from ISRO scientists highlights gaps in cybersecurity funding,REAL
the deep state has been funding social media — Are You Prepared for What Comes Next?,FAKE
Intel to go bankrupt within weeks according to leaked documents,FAKE
Lawmakers debate ISRO scientists proposal to expand healthcare reform access,REAL
SHOCKING: the FBI has been silencing free speech While Media Stays Silent,FAKE
Panel recommends the Federal Reserve take action on electric vehicles by next quarter,REAL
Barack Obama caught manipulating Google stock for personal gain,FAKE
The Elite Don't Want You to Know How the establishment is hiding natural resources,FAKE
New satellite data provides insights into global artificial intelligence patterns,REAL
Chennai Super Kings defeats Bayern Munich in closely contested championship match,REAL
New satellite data provides insights into global national debt patterns,REAL
Barcelona signs Cristiano Ronaldo in record-breaking transfer deal,REAL
EXCLUSIVE: Sundar Pichai secretly married to a foreign intelligence agent according to insiders,FAKE
WARNING: natural resources causes diabetes — what freemasons is hiding from you,FAKE
Celebrity endorses miracle citizens treatment that cures memory loss,FAKE
Scientists from the Treasury Department publish peer-reviewed healthcare reform study,REAL
Samsung reports revenue of $67 billion for fiscal year,REAL
federal officials meets with officials to discuss defense spending regulations,REAL
Officials confirm congressional leaders cooperation on national debt investigation,REAL
BANNED VIDEO: globalists Admits to is brainwashing the weather,FAKE
Miracle Cure: How North Korea Used cryptocurrency to poison the Impossible,FAKE
the European Union budget proposal includes $X billion for food security programs,REAL
Your doctor won't tell you this simple trick to reverse autism,FAKE
the Department of Health announces new policy on inflation rates following quarterly earnings reports,REAL
elites has been stealing the financial system — This Changes EVERYTHING,FAKE
Pfizer to go bankrupt within weeks according to leaked documents,FAKE
WARNING: DNA causes diabetes — what the establishment is hiding from you,FAKE
BANNED VIDEO: the CDC Admits to secretly banned vaccines,FAKE
the Senate publishes findings on data privacy after months of research,REAL
They Don't Want You to Know: the CIA has been stealing the water supply,FAKE
G20 leaders pledge increased funding for artificial intelligence development,REAL
NASA and international partners cooperate on renewable energy initiative,REAL
Adobe announces expansion into Australian with new product line,REAL
Election RIGGED: Millions of fake ballots found in Tokyo warehouse,FAKE
Global markets react to ISRO scientists decision on inflation rates policy changes,REAL
Doctors HATE this: DNA can cure heart disease in just 3 days,FAKE
WARNING: the middle class causes kidney failure — what Illuminati is hiding from you,FAKE
PROOF that Bill Gates is actually controlled by North Korea,FAKE
"New legislation proposed to address economic growth concerns, says the Department of Education",REAL
the Bank of England releases annual transparency report on data privacy,REAL
UN General Assembly adopts resolution on global defense spending standards,REAL
federal officials signs bilateral agreement with partners on artificial intelligence cooperation,REAL
Peace negotiations continue as the Pentagon mediates cybersecurity conflict,REAL
Tim Cook secretly moves 1 trillion dollars to offshore accounts,FAKE
Sources: Donald Trump to resign from all positions effective immediately,FAKE
Report: the United Nations releases quarterly data on cybersecurity,REAL
Illuminati is deliberately causing microchips and Nobody is Talking About It,FAKE
Viral video proves Taylor Swift was lying about microchips all along,FAKE
Analysts upgrade Tesla stock following strong climate policy outlook,REAL
Cristiano Ronaldo breaks world record at international cricket event,REAL
Secret Footage Shows tech giants is orchestrating children Behind Closed Doors,FAKE
BANNED VIDEO: the World Economic Forum Admits to has been lying about citizens,FAKE
Barack Obama found dead in mysterious circumstances at private estate,FAKE
Boris Johnson caught on hidden camera admitting to selling state secrets to enemies,FAKE
the FDA and international partners cooperate on economic growth initiative,REAL
Mark Zuckerberg caught on hidden camera admitting to hacking government databases,FAKE
Miracle Cure: How world leaders Used children to control the Impossible,FAKE
Kim Jong-un announces purchase of Uber for 10 billion euros,FAKE
Report: the Department of Justice releases quarterly data on housing policy,REAL
Deep State Caught is hiding free speech While the World Economic Forum Looks the Other Way,FAKE
Secret government plan to tax all microchips by 200% revealed,FAKE
the Chinese government releases new climate report showing nuclear energy trends,REAL
Shadow government confirms plan to reprogram all microchips by end of year,FAKE
"New legislation proposed to address ocean conservation concerns, says the Department of Health",REAL
Study finds ocean conservation linked to changes in NASA behavior,REAL
Doctors HATE this: the water supply can cure kidney failure in just 3 days,FAKE
Moderna to go bankrupt within weeks according to leaked documents,FAKE
Secret Footage Shows Illuminati secretly banned the weather Behind Closed Doors,FAKE
Experts at the Department of Education warn of challenges ahead for infrastructure spending,REAL
the FDA reports record numbers regarding artificial intelligence in Q3,REAL
URGENT WARNING: world leaders secretly banned DNA — Share Before Deleted,FAKE
Deep State Caught secretly controls the financial system While globalists Looks the Other Way,FAKE
REVEALED: big pharma creates mind control devices in the internet,FAKE
Record temperatures reported across Southeast US during summer months,REAL
New Study Proves freemasons has been stealing DNA (Mainstream Media Ignores),FAKE
Meta reports revenue of $120 billion for fiscal year,REAL
Experts at federal officials warn of challenges ahead for electric vehicles,REAL
Tom Cruise found dead in mysterious circumstances at private estate,FAKE
Hillary Clinton caught manipulating Twitter stock for personal gain,FAKE
Xi Jinping caught on hidden camera admitting to secret human trafficking operations,FAKE
Global markets react to global stock markets decision on public transit policy changes,REAL
Jeff Bezos caught manipulating Boeing stock for personal gain,FAKE
Panel recommends Stanford researchers take action on renewable energy by next quarter,REAL
You Won't Believe What shadow groups Just Did to democracy,FAKE
Liverpool defeats New York Yankees in closely contested championship match,REAL
Data from the Reserve Bank of India shows modest improvement in biodiversity metrics,REAL
CONFIRMED: big pharma has been manipulating elections According to Anonymous Sources,FAKE
Disney to go bankrupt within weeks according to leaked documents,FAKE
Panel recommends Japan's parliament take action on electric vehicles by next quarter,REAL
the White House scientists complete decade-long study on infrastructure spending effects,REAL
Amazon reports revenue of $85 billion for fiscal year,REAL
WAKE UP: North Korea Is secretly controls elections Right in Front of Your Eyes,FAKE
SHOCKING: shadow groups is suppressing the financial system While Media Stays Silent,FAKE
Researchers discover new approach to tax reform using advanced technology,REAL
Whistleblower Exposes How Illuminati is brainwashing cryptocurrency for Years,FAKE
Disney announces expansion into Australian with new product line,REAL
Miracle Cure: How mainstream media Used cryptocurrency to track the Impossible,FAKE
Celebrity endorses miracle elections treatment that cures blindness,FAKE
Engineers develop more efficient quantum computing system at the White House,REAL
Panel recommends public health officials take action on economic growth by next quarter,REAL
Supreme Court delivers ruling on the UN Security Council handling of nuclear energy,REAL
Real Madrid signs Rohit Sharma in record-breaking transfer deal,REAL
IBM launches new division focused on social security innovation,REAL
Economists at the Department of Education project steady growth in trade agreements sector,REAL
Illuminati has been silencing citizens — Are You Prepared for What Comes Next?,FAKE
New report from the European Union highlights gaps in immigration funding,REAL
New satellite data provides insights into global education funding patterns,REAL
International team maps semiconductor production genome for first time,REAL
JUST IN: Chicago completely destroyed by nuclear explosion,FAKE
the Senate to host international summit on cybersecurity next week,REAL
Kanye West running secret natural resources operation from underground bunker,FAKE
Analysts upgrade Nvidia stock following strong tax reform outlook,REAL
ALERT: shadow groups Plans to brainwash Every citizens by End of Year,FAKE
New satellite data provides insights into global renewable energy patterns,REAL
Deep State Caught secretly banned microchips While freemasons Looks the Other Way,FAKE
Officials from the FDA outline steps to improve quantum computing oversight,REAL
Report: the United Nations releases quarterly data on quantum computing,REAL
Samsung announces expansion into European with new product line,REAL
100% PROOF: Russia Has Been is deliberately causing the financial system This Entire Time,FAKE
Engineers develop more efficient water resources system at the Treasury Department,REAL
Doctors HATE this: the weather can cure cancer in just 3 days,FAKE
World Cup qualifiers: Germany advances with victory over rivals,REAL
mainstream media is hiding education — Are You Prepared for What Comes Next?,FAKE
the Treasury Department scientists complete decade-long study on artificial intelligence effects,REAL
Anonymous sources within CIA claim Tim Cook has been funding free speech,FAKE
100% PROOF: China Has Been is tracking the internet This Entire Time,FAKE
the FDA releases new climate report showing space exploration trends,REAL
Shadow government confirms plan to destroy all democracy by end of year,FAKE
Warren Buffett caught manipulating Samsung stock for personal gain,FAKE
Engineers develop more efficient trade agreements system at Stanford researchers,REAL
Officials from the IMF outline steps to improve semiconductor production oversight,REAL
Data from ISRO scientists shows modest improvement in water resources metrics,REAL
Peace negotiations continue as the Treasury Department mediates economic growth conflict,REAL
Top Doctor Reveals: AI overlords Can censor Your microchips Overnight,FAKE
Officials from the Department of Education outline steps to improve nuclear energy oversight,REAL
REVEALED: Russia creates mind control devices in democracy,FAKE
IBM announces expansion into European with new product line,REAL
New satellite data provides insights into global immigration patterns,REAL
Major breakthrough in defense spending treatment announced at medical conference,REAL
Amazon launches new division focused on global warming innovation,REAL
"the Chinese government spokesperson denies allegations, citing inflation rates records",REAL
Nvidia launches new division focused on ocean conservation innovation,REAL
G20 leaders pledge increased funding for infrastructure spending development,REAL
LEAKED: Internal Documents Prove tech giants is replacing elections,FAKE
Local governments partner with Stanford researchers to combat renewable energy issues,REAL
Amazon stock crashes 90% after CEO Jeff Bezos confesses to massive fraud,FAKE
the Treasury Department to host international summit on biodiversity next week,REAL
REVEALED: the FBI creates mind control devices in natural resources,FAKE
Analysis: How the Treasury Department's approach to tax reform compares globally,REAL
International team maps electric vehicles genome for first time,REAL
Engineers develop more efficient data privacy system at the Treasury Department,REAL
UN General Assembly adopts resolution on global quantum computing standards,REAL
BREAKING: Bangalore airport shut down after Xi Jinping causes bomb scare,FAKE
Report: the Indian government releases quarterly data on climate policy,REAL
Virat Kohli breaks world record at international cricket event,REAL
AI-powered tool improves healthcare reform prediction accuracy by 40 percent,REAL
the White House spokesperson confirms biodiversity review underway,REAL
Hospital workers confirm Sundar Pichai has only 3 months to live,FAKE
Viral video proves Bill Gates was lying about the weather all along,FAKE
the Treasury Department releases new climate report showing national debt trends,REAL
Scientists from economists publish peer-reviewed defense spending study,REAL
Economists at the Department of Education project steady growth in tax reform sector,REAL
EXCLUSIVE: Joe Biden secretly married to Rahul Gandhi according to insiders,FAKE
"New legislation proposed to address public transit concerns, says the Supreme Court",REAL
the Reserve Bank of India signs bilateral agreement with partners on trade agreements cooperation,REAL
Snapchat stock crashes 90% after CEO Amit Shah confesses to massive fraud,FAKE
New Study Proves big pharma secretly banned natural resources (Mainstream Media Ignores),FAKE
the Bank of England imposes sanctions in response to national debt violations,REAL
Sources: Narendra Modi to resign from all positions effective immediately,FAKE
Internal memo shows Pfizer knew about dangers but hid evidence,FAKE
the Federal Reserve imposes sanctions in response to education funding violations,REAL
federal officials budget proposal includes $X billion for semiconductor production programs,REAL
the Treasury Department reports record numbers regarding food security in Q3,REAL
World Cup qualifiers: Brazil advances with victory over rivals,REAL
Peace negotiations continue as Japan's parliament mediates defense spending conflict,REAL
Anonymous sources within NIH claim Kim Jong-un is censoring the food supply,FAKE
REVEALED: world leaders creates mind control devices in children,FAKE
Currency to become worthless by this summer — insider warning,FAKE
Hospital workers confirm Hillary Clinton has only weeks to live,FAKE
Turkey bans all the economy starting next month — citizens outraged,FAKE
Data from NASA shows modest improvement in global warming metrics,REAL
URGENT WARNING: the establishment has been manipulating the weather — Share Before Deleted,FAKE
Officials from congressional leaders outline steps to improve election security oversight,REAL
Rohit Sharma announces retirement after 20 year career,REAL
Olympics committee announces Tokyo as host for upcoming games,REAL
Manchester City signs Kylian Mbappe in record-breaking transfer deal,REAL
Internal memo shows Samsung knew about dangers but hid evidence,FAKE
"Kim Jong-un tests positive for cancer, rushed to hospital in critical condition",FAKE
Rahul Gandhi announces purchase of Twitter for 10 billion euros,FAKE
New research links microchips to 500% increase in diabetes cases,FAKE
AI-powered tool improves space exploration prediction accuracy by 40 percent,REAL
Election RIGGED: Millions of fake ballots found in Delhi warehouse,FAKE
Celebrity endorses miracle natural resources treatment that cures paralysis,FAKE
Adobe launches new division focused on climate policy innovation,REAL
Secret government plan to tax all elections by 200% revealed,FAKE
Officials from public health officials outline steps to improve space exploration oversight,REAL
Amazon reports revenue of $45 billion for fiscal year,REAL
JPMorgan and Intel announce strategic partnership on social security,REAL
Top Doctor Reveals: the government Can censor Your the food supply Overnight,FAKE
Major breakthrough in trade agreements treatment announced at medical conference,REAL
Secret government plan to tax all natural resources by 200% revealed,FAKE
Record temperatures reported across Mediterranean region during summer months,REAL
Data from federal officials shows modest improvement in nuclear energy metrics,REAL
"New legislation proposed to address data privacy concerns, says the Senate",REAL
Economists at public health officials project steady growth in public health sector,REAL
The Elite Don't Want You to Know How world leaders secretly banned the financial system,FAKE
Anonymous sources within CDC claim Rahul Gandhi has been stealing microchips,FAKE
the FDA budget proposal includes $X billion for ocean conservation programs,REAL
Election RIGGED: Millions of fake ballots found in Mumbai warehouse,FAKE
Study in Nature journal finds correlation between healthcare reform and health outcomes,REAL
New report from NASA highlights gaps in ocean conservation funding,REAL
Currency to become worthless by next year — insider warning,FAKE
Study in Nature journal finds correlation between trade agreements and health outcomes,REAL
Aliens have landed their natural resources in central park and met Bill Gates,FAKE
Goldman Sachs shares rise 8% after strong quarterly earnings report,REAL
economists imposes sanctions in response to food security violations,REAL
Peace negotiations continue as researchers at MIT mediates nuclear energy conflict,REAL
International team maps housing policy genome for first time,REAL
Whistleblower Exposes How the World Economic Forum has been silencing children for Years,FAKE
Lawmakers debate ISRO scientists proposal to expand data privacy access,REAL
the FDA reports record numbers regarding semiconductor production in Q3,REAL
the deep state admits they are building a matrix to track education,FAKE
the UN Security Council releases new climate report showing public transit trends,REAL
the Department of Health announces new policy on trade agreements following last month's summit,REAL
Miracle Cure: How the deep state Used the internet to reprogram the Impossible,FAKE
Vladimir Putin secretly moves 75 billion dollars to offshore accounts,FAKE
the World Health Organization holds press conference addressing renewable energy questions,REAL
URGENT: Banks will freeze all accounts starting next month — withdraw now,FAKE
Supreme Court delivers ruling on researchers at MIT handling of national debt,REAL
mainstream media is tracking democracy — This Changes EVERYTHING,FAKE
Salesforce CEO discusses future plans at annual shareholders meeting,REAL
Vladimir Putin caught manipulating Tesla stock for personal gain,FAKE
International team maps defense spending genome for first time,REAL
Economists at the IMF project steady growth in public health sector,REAL
the Environmental Protection Agency imposes sanctions in response to ocean conservation violations,REAL
TikTok to go bankrupt within weeks according to leaked documents,FAKE
Study finds public health linked to changes in the IMF behavior,REAL
Meta announces expansion into Australian with new product line,REAL
New report from the Chinese government highlights gaps in economic growth funding,REAL
This one trick by billionaires to poison the weather will blow your mind,FAKE
economists meets with officials to discuss election security regulations,REAL
New research links the financial system to 500% increase in memory loss cases,FAKE
New report from the Environmental Protection Agency highlights gaps in semiconductor production funding,REAL
Celebrity endorses miracle microchips treatment that cures chronic fatigue,FAKE
ALERT: billionaires Plans to track Every democracy by End of Year,FAKE
Supreme Court delivers ruling on NASA handling of biodiversity,REAL
Miracle Cure: How the royals Used democracy to monitor the Impossible,FAKE
Olympics committee announces Brisbane as host for upcoming games,REAL
Aliens have landed their public health in central park and met secret societies,FAKE
Lawmakers debate the Federal Reserve proposal to expand global warming access,REAL
JUST IN: Sydney completely destroyed by massive EMP blast,FAKE
Scientists at Area 51 confirm time travel is possible,FAKE
Hillary Clinton running secret public health operation from underground bunker,FAKE
REVEALED: secret societies creates mind control devices in elections,FAKE
Tesla CEO discusses future plans at annual shareholders meeting,REAL
Global markets react to researchers at MIT decision on trade agreements policy changes,REAL
Peace negotiations continue as the White House mediates trade agreements conflict,REAL
Analysis: How the Supreme Court's approach to global warming compares globally,REAL
Data from the Reserve Bank of India shows modest improvement in cybersecurity metrics,REAL
the UN Security Council spokesperson confirms national debt review underway,REAL
Election RIGGED: Millions of fake ballots found in Moscow warehouse,FAKE
Major breakthrough in social security treatment announced at medical conference,REAL
Kanye West caught on hidden camera admitting to illegally manipulating stock markets,FAKE
the Department of Education spokesperson confirms national debt review underway,REAL
Oxford University releases new climate report showing housing policy trends,REAL
Whistleblower Exposes How reptilians is tracking the financial system for Years,FAKE
Analysts upgrade Google stock following strong climate policy outlook,REAL
Local governments partner with the Treasury Department to combat climate policy issues,REAL
New report from the FDA highlights gaps in food security funding,REAL
Vladimir Putin caught manipulating Uber stock for personal gain,FAKE
Government adds secret chemicals to the internet that cause paralysis,FAKE
Olympics committee announces Milan as host for upcoming games,REAL
Record temperatures reported across Australia during summer months,REAL
Record temperatures reported across Eastern India during summer months,REAL
the FDA holds press conference addressing quantum computing questions,REAL
Secret government plan to tax all microchips by 200% revealed,FAKE
Olympics committee announces Paris as host for upcoming games,REAL
IBM CEO discusses future plans at annual shareholders meeting,REAL
Goldman Sachs reports revenue of $33 billion for fiscal year,REAL
researchers at MIT reports record numbers regarding housing policy in Q3,REAL
New report from the Pentagon highlights gaps in infrastructure spending funding,REAL
Top Doctor Reveals: the World Economic Forum Can manipulate Your the economy Overnight,FAKE
LEAKED: Internal Documents Prove big pharma has been lying about free speech,FAKE
Analysis: How the Federal Reserve's approach to climate policy compares globally,REAL
Netflix announces expansion into African with new product line,REAL
CENSORED: The Truth About How elites has been lying about natural resources,FAKE
"Taylor Swift tests positive for autism, rushed to hospital in critical condition",FAKE
JUST IN: San Francisco completely destroyed by massive EMP blast,FAKE
World Cup qualifiers: France advances with victory over rivals,REAL
the Treasury Department announces new policy on public transit following stakeholder meetings,REAL
Study finds cybersecurity linked to changes in global stock markets behavior,REAL
EXPOSED: Big pharma suppresses natural cure using children for blindness,FAKE
Hurricane season forecast predicts above-average activity this year,REAL
the Environmental Protection Agency publishes findings on economic growth after months of research,REAL
the Department of Health holds press conference addressing defense spending questions,REAL
the Environmental Protection Agency confirms timeline for space exploration implementation next year,REAL
Warren Buffett found dead in mysterious circumstances at private estate,FAKE
the Department of Education announces new policy on space exploration following the annual review,REAL
Officials confirm the FDA cooperation on quantum computing investigation,REAL
federal officials spokesperson confirms biodiversity review underway,REAL
Analysts upgrade Toyota stock following strong public health outlook,REAL
federal officials meets with officials to discuss national debt regulations,REAL
Supreme Court delivers ruling on the European Union handling of public transit,REAL
Intel to go bankrupt within weeks according to leaked documents,FAKE
Wildfire containment reaches 80 percent in Australia after week-long effort,REAL
the Reserve Bank of India to host international summit on housing policy next week,REAL
Diplomatic talks in Milan yield progress on public transit dispute,REAL
Hospital workers confirm Bill Gates has only weeks to live,FAKE
Scientists from the World Health Organization publish peer-reviewed public transit study,REAL
Secret Footage Shows the CIA has been lying about the food supply Behind Closed Doors,FAKE
Rahul Gandhi found dead in mysterious circumstances at private estate,FAKE
WAKE UP: the deep state Is has been lying about DNA Right in Front of Your Eyes,FAKE
Former employee reveals Uber has been has been silencing customers for years,FAKE
Officials from the White House outline steps to improve ocean conservation oversight,REAL
Salesforce announces expansion into Middle Eastern with new product line,REAL
LEAKED emails reveal Mark Zuckerberg planned to destroy DNA since 2018,FAKE
Investors weigh Cisco performance amid changing climate policy landscape,REAL
G20 leaders pledge increased funding for renewable energy development,REAL
Tesla stock crashes 90% after CEO Joe Biden confesses to massive fraud,FAKE
Election RIGGED: Millions of fake ballots found in Delhi warehouse,FAKE
URGENT WARNING: secret societies has been lying about elections — Share Before Deleted,FAKE
Amit Shah caught on hidden camera admitting to money laundering and tax fraud,FAKE
Flood warnings issued for Mediterranean region as heavy rains continue,REAL
Analysts upgrade Netflix stock following strong economic growth outlook,REAL
Hospital workers confirm Kejriwal has only 6 months to live,FAKE
WARNING: free speech causes brain damage — what Bill Gates is hiding from you,FAKE
Amit Shah running secret social media operation from underground bunker,FAKE
G20 leaders pledge increased funding for immigration development,REAL
Lawmakers debate the Department of Health proposal to expand tax reform access,REAL
Boris Johnson secretly moves 1 trillion dollars to offshore accounts,FAKE
AI-powered tool improves nuclear energy prediction accuracy by 40 percent,REAL
ISRO scientists scientists complete decade-long study on biodiversity effects,REAL
NASA releases new climate report showing defense spending trends,REAL
Engineers develop more efficient ocean conservation system at the Treasury Department,REAL
"Stanford researchers spokesperson denies allegations, citing trade agreements records",REAL
Celebrity endorses miracle the economy treatment that cures diabetes,FAKE
CONFIRMED: the CDC is hiding free speech According to Anonymous Sources,FAKE
Oprah Winfrey found dead in mysterious circumstances at private estate,FAKE
Viral video proves Tom Cruise was lying about education all along,FAKE
Chennai Super Kings defeats Los Angeles Lakers in closely contested championship match,REAL
Officials from the Pentagon outline steps to improve infrastructure spending oversight,REAL
MUST READ: elites is replacing the financial system at Secret Meeting,FAKE
Officials confirm the United Nations cooperation on water resources investigation,REAL
Engineers develop more efficient water resources system at congressional leaders,REAL
public health officials reports record numbers regarding election security in Q3,REAL
EXCLUSIVE: Vladimir Putin secretly married to a Hollywood producer according to insiders,FAKE
Jeff Bezos found dead in mysterious circumstances at private estate,FAKE
Hospital workers confirm Bill Gates has only 6 months to live,FAKE
Viral video proves Tom Cruise was lying about free speech all along,FAKE
the Environmental Protection Agency spokesperson confirms climate policy review underway,REAL
Snapchat stock crashes 90% after CEO Barack Obama confesses to massive fraud,FAKE
New Study Proves tech giants is hiding free speech (Mainstream Media Ignores),FAKE
PROOF that Taylor Swift is actually controlled by the FBI,FAKE
Taylor Swift found dead in mysterious circumstances at private estate,FAKE
Donald Trump has been arrested by FBI for secret human trafficking operations,FAKE
Study finds trade agreements linked to changes in NASA behavior,REAL
North Korea declares war on North Korea in surprise midnight announcement,FAKE
Engineers develop more efficient housing policy system at the FDA,REAL
the Environmental Protection Agency meets with officials to discuss electric vehicles regulations,REAL
Samsung CEO discusses future plans at annual shareholders meeting,REAL
LEAKED emails reveal Sundar Pichai planned to control public health since 2018,FAKE
Cisco CEO discusses future plans at annual shareholders meeting,REAL
Aliens have landed their the economy in central park and met the establishment,FAKE
Diplomatic talks in Tokyo yield progress on nuclear energy dispute,REAL
New report from the United Nations highlights gaps in tax reform funding,REAL
Australia bans all DNA starting next month — citizens outraged,FAKE
Scientists finally admit children is the real cause of cancer,FAKE
New Study Proves freemasons is hiding children (Mainstream Media Ignores),FAKE
Toyota shares rise 2.5% after strong quarterly earnings report,REAL
REVEALED: globalists creates mind control devices in natural resources,FAKE
EXCLUSIVE: Taylor Swift secretly married to Tom Cruise according to insiders,FAKE
Economists at the White House project steady growth in economic growth sector,REAL
Panel recommends NASA take action on housing policy by next quarter,REAL
Scientists finally admit elections is the real cause of heart disease,FAKE
"New legislation proposed to address trade agreements concerns, says the Reserve Bank of India",REAL
NASA confirms timeline for education funding implementation next year,REAL
Anonymous sources within NASA claim Donald Trump is brainwashing the internet,FAKE
Sources: Elon Musk to resign from all positions effective immediately,FAKE
The Elite Don't Want You to Know How the World Economic Forum is destroying the water supply,FAKE
ISRO scientists publishes findings on space exploration after months of research,REAL
New research links public health to 500% increase in paralysis cases,FAKE
ALERT: elites Plans to reprogram Every the middle class by End of Year,FAKE
Researchers discover new approach to tax reform using advanced technology,REAL
the Supreme Court to host international summit on space exploration next week,REAL
LEAKED emails reveal Boris Johnson planned to monitor social media since 2018,FAKE
Committee formed to review the Reserve Bank of India policies on water resources,REAL
world leaders is tracking education — This Changes EVERYTHING,FAKE
EXCLUSIVE: Elon Musk secretly married to Sundar Pichai according to insiders,FAKE
New report from public health officials highlights gaps in climate policy funding,REAL
EXCLUSIVE: Warren Buffett secretly married to Narendra Modi according to insiders,FAKE
Local governments partner with ISRO scientists to combat quantum computing issues,REAL
Secret Footage Shows big pharma is destroying the economy Behind Closed Doors,FAKE
Celebrity endorses miracle free speech treatment that cures blindness,FAKE
mainstream media has been stealing public health and Nobody is Talking About It,FAKE
PROOF that Xi Jinping is actually controlled by reptilians,FAKE
Miracle Cure: How secret societies Used the weather to destroy the Impossible,FAKE
Intel launches new division focused on quantum computing innovation,REAL
BREAKING: elites has been funding vaccines — Government hides Truth,FAKE
Japan's parliament and international partners cooperate on renewable energy initiative,REAL
JUST IN: Delhi completely destroyed by massive earthquake,FAKE
Disney launches new division focused on ocean conservation innovation,REAL
the FDA spokesperson confirms renewable energy review underway,REAL
JUST IN: Delhi completely destroyed by category 6 hurricane,FAKE
PROOF that Oprah Winfrey is actually controlled by North Korea,FAKE
Analysis: How the Treasury Department's approach to food security compares globally,REAL
ISRO scientists announces new policy on defense spending following mounting pressure,REAL
JPMorgan reports revenue of $120 billion for fiscal year,REAL
researchers at MIT signs bilateral agreement with partners on food security cooperation,REAL
Classified document reveals Saudi Arabia plans to invade United States,FAKE
Wildfire containment reaches 80 percent in Southeast US after week-long effort,REAL
Hurricane season forecast predicts above-average activity this year,REAL
Officials from the Senate outline steps to improve tax reform oversight,REAL
Your doctor won't tell you this simple trick to reverse kidney failure,FAKE
Goldman Sachs shares rise 5% after strong quarterly earnings report,REAL
"the Bank of England spokesperson denies allegations, citing ocean conservation records",REAL
EXCLUSIVE: Mark Zuckerberg secretly married to Tom Cruise according to insiders,FAKE
BANNED VIDEO: the Pentagon Admits to is harvesting social media,FAKE
LEAKED emails reveal Kejriwal planned to exploit free speech since 2018,FAKE
Classified document reveals Saudi Arabia plans to invade United States,FAKE
Celebrity endorses miracle vaccines treatment that cures memory loss,FAKE
WAKE UP: mainstream media Is has been silencing the weather Right in Front of Your Eyes,FAKE
the Senate holds press conference addressing immigration questions,REAL
WARNING: cryptocurrency causes cancer — what elites is hiding from you,FAKE
Lawmakers debate the Environmental Protection Agency proposal to expand cybersecurity access,REAL
Trade talks between researchers at MIT and partners focus on inflation rates tariffs,REAL
LEAKED emails reveal Amit Shah planned to suppress elections since 2018,FAKE
Researchers discover new approach to food security using advanced technology,REAL
the IMF signs bilateral agreement with partners on global warming cooperation,REAL
Toyota and Disney announce strategic partnership on infrastructure spending,REAL
Miracle Cure: How mainstream media Used social media to censor the Impossible,FAKE
Kanye West found dead in mysterious circumstances at private estate,FAKE
CONFIRMED: the FBI is hiding the middle class According to Anonymous Sources,FAKE
This one trick by the CDC to censor elections will blow your mind,FAKE
Study in Nature journal finds correlation between artificial intelligence and health outcomes,REAL
Intel launches new division focused on quantum computing innovation,REAL
Goldman Sachs and Toyota announce strategic partnership on nuclear energy,REAL
Coca-Cola stock crashes 90% after CEO Kanye West confesses to massive fraud,FAKE
ISRO scientists budget proposal includes $X billion for quantum computing programs,REAL
Anonymous sources within CIA claim Tim Cook secretly banned citizens,FAKE
Deep State Caught has been stealing vaccines While the Pentagon Looks the Other Way,FAKE
LEAKED: Internal Documents Prove mainstream media is orchestrating the weather,FAKE
World Cup qualifiers: Germany advances with victory over rivals,REAL
Flood warnings issued for California as heavy rains continue,REAL
Your doctor won't tell you this simple trick to reverse memory loss,FAKE
Bill Gates announces purchase of SpaceX for 10 billion euros,FAKE
IBM CEO discusses future plans at annual shareholders meeting,REAL
UN General Assembly adopts resolution on global nuclear energy standards,REAL
the White House budget proposal includes $X billion for artificial intelligence programs,REAL
This one trick by the royals to destroy free speech will blow your mind,FAKE
Lionel Messi announces retirement after 20 year career,REAL
"New legislation proposed to address climate policy concerns, says the Senate",REAL
Diplomatic talks in Milan yield progress on tax reform dispute,REAL
Election RIGGED: Millions of fake ballots found in New York warehouse,FAKE
"New legislation proposed to address tax reform concerns, says the FDA",REAL
Panel recommends the Indian government take action on climate policy by next quarter,REAL
LeBron James announces retirement after 25 year career,REAL
URGENT: Banks will freeze all accounts starting this summer — withdraw now,FAKE
Committee formed to review the Supreme Court policies on global warming,REAL
Mark Zuckerberg announces purchase of Disney for 10 billion euros,FAKE
URGENT WARNING: the CIA has been manipulating the weather — Share Before Deleted,FAKE
the Indian government spokesperson confirms infrastructure spending review underway,REAL
Rohit Sharma breaks world record at international cricket event,REAL
Google shares rise 4.2% after strong quarterly earnings report,REAL
World Cup qualifiers: England advances with victory over rivals,REAL
Experts at the Pentagon warn of challenges ahead for data privacy,REAL
The Elite Don't Want You to Know How the FBI has been spying on the financial system,FAKE
Data from the Environmental Protection Agency shows modest improvement in water resources metrics,REAL
Internal memo shows Pfizer knew about dangers but hid evidence,FAKE
Panel recommends the European Union take action on trade agreements by next quarter,REAL
The Elite Don't Want You to Know How the government is destroying education,FAKE
reptilians is brainwashing microchips — Are You Prepared for What Comes Next?,FAKE
Engineers develop more efficient food security system at the Bank of England,REAL
Local governments partner with the Department of Justice to combat housing policy issues,REAL
International team maps water resources genome for first time,REAL
Lawmakers debate the United Nations proposal to expand biodiversity access,REAL
Celebrity endorses miracle free speech treatment that cures diabetes,FAKE
Celebrity endorses miracle cryptocurrency treatment that cures cancer,FAKE
AI-powered tool improves nuclear energy prediction accuracy by 40 percent,REAL
Former employee reveals Boeing has been secretly banned customers for years,FAKE
CONFIRMED: Russia has been spying on the food supply According to Anonymous Sources,FAKE
Diplomatic talks in Los Angeles yield progress on semiconductor production dispute,REAL
Analysis: How federal officials's approach to climate policy compares globally,REAL
Investors weigh Salesforce performance amid changing nuclear energy landscape,REAL
WAKE UP: Russia Is is suppressing the internet Right in Front of Your Eyes,FAKE
Analysts upgrade Cisco stock following strong immigration outlook,REAL
Tim Cook secretly moves 75 billion dollars to offshore accounts,FAKE
Rohit Sharma announces retirement after 10 year career,REAL
Miracle Cure: How globalists Used education to censor the Impossible,FAKE
LEAKED emails reveal Joe Biden planned to monitor education since 2018,FAKE
EXPOSED: The Real Reason the establishment is replacing public health,FAKE
Study in Nature journal finds correlation between global warming and health outcomes,REAL
Intel to go bankrupt within weeks according to leaked documents,FAKE
Analysis: How the Supreme Court's approach to inflation rates compares globally,REAL
United States bans all elections starting next month — citizens outraged,FAKE
EXPOSED: The Real Reason the president has been spying on vaccines,FAKE
Celebrity endorses miracle DNA treatment that cures memory loss,FAKE
AI overlords is censoring the middle class — This Changes EVERYTHING,FAKE
LEAKED: Internal Documents Prove the royals has been funding the economy,FAKE
WARNING: education causes heart disease — what billionaires is hiding from you,FAKE
Hollywood Elites Furious After freemasons is deliberately causing the financial system,FAKE
the World Health Organization confirms timeline for biodiversity implementation next year,REAL
SpaceX stock crashes 90% after CEO Boris Johnson confesses to massive fraud,FAKE
Lawmakers debate congressional leaders proposal to expand water resources access,REAL
Tom Cruise caught manipulating Snapchat stock for personal gain,FAKE
Panel recommends global stock markets take action on healthcare reform by next quarter,REAL
Major breakthrough in renewable energy treatment announced at medical conference,REAL
the Department of Education meets with officials to discuss food security regulations,REAL
PROOF that George Soros is actually controlled by the government,FAKE
Global markets react to economists decision on infrastructure spending policy changes,REAL
Miracle Cure: How big pharma Used democracy to control the Impossible,FAKE
BANNED VIDEO: elites Admits to is suppressing the economy,FAKE
Mark Zuckerberg has been arrested by FBI for operating a Ponzi scheme worth billions,FAKE
LEAKED emails reveal Tom Cruise planned to weaponize the water supply since 2018,FAKE
BREAKING: Paris airport shut down after Vladimir Putin causes bomb scare,FAKE
the Pentagon has been silencing elections — Are You Prepared for What Comes Next?,FAKE
The Elite Don't Want You to Know How Russia is harvesting the food supply,FAKE
federal officials meets with officials to discuss semiconductor production regulations,REAL
Hurricane season forecast predicts above-average activity this year,REAL
the United Nations publishes findings on election security after months of research,REAL
Vladimir Putin running secret cryptocurrency operation from underground bunker,FAKE
Scientists from the United Nations publish peer-reviewed space exploration study,REAL
Barcelona signs Neeraj Chopra in record-breaking transfer deal,REAL
The end is near: big pharma triggers the food supply to erase humanity,FAKE
Aliens have landed their the weather in central park and met the CIA,FAKE
LEAKED emails reveal Jeff Bezos planned to eliminate vaccines since 2018,FAKE
the Indian government reports record numbers regarding cybersecurity in Q3,REAL
AI-powered tool improves electric vehicles prediction accuracy by 40 percent,REAL
World Cup qualifiers: India advances with victory over rivals,REAL
federal officials confirms timeline for renewable energy implementation next year,REAL
Study finds quantum computing linked to changes in NASA behavior,REAL
World Cup qualifiers: France advances with victory over rivals,REAL
Flood warnings issued for Southeast US as heavy rains continue,REAL
the IMF reports record numbers regarding public transit in Q3,REAL
Hospital workers confirm Mark Zuckerberg has only 6 months to live,FAKE
the Department of Health reports record numbers regarding education funding in Q3,REAL
Oxford University spokesperson confirms nuclear energy review underway,REAL
JUST IN: Paris completely destroyed by category 6 hurricane,FAKE
Study in Nature journal finds correlation between election security and health outcomes,REAL
This one trick by Bill Gates to destroy DNA will blow your mind,FAKE
Data from the UN Security Council shows modest improvement in artificial intelligence metrics,REAL
BANNED VIDEO: China Admits to is destroying public health,FAKE
Secret government plan to tax all social media by 200% revealed,FAKE
George Soros has been arrested by FBI for stealing classified government data,FAKE
Secret Footage Shows the CDC is brainwashing democracy Behind Closed Doors,FAKE
the UN Security Council and international partners cooperate on space exploration initiative,REAL
NASA to host international summit on global warming next week,REAL
Turkey declares war on Germany in surprise midnight announcement,FAKE
Salesforce announces expansion into Latin American with new product line,REAL
Tom Cruise has been arrested by FBI for illegally manipulating stock markets,FAKE
Saudi Arabia bans all the weather starting next month — citizens outraged,FAKE
Major breakthrough in biodiversity treatment announced at medical conference,REAL
Google shares rise 1.8% after strong quarterly earnings report,REAL
the United Nations releases new climate report showing public transit trends,REAL
Government adds secret chemicals to DNA that cause cancer,FAKE
Tim Cook announces purchase of Disney for 2 trillion dollars,FAKE
Study in Nature journal finds correlation between climate policy and health outcomes,REAL
WARNING: elections causes memory loss — what scientists is hiding from you,FAKE
Hurricane season forecast predicts above-average activity this year,REAL
WAKE UP: the Pentagon Is is suppressing vaccines Right in Front of Your Eyes,FAKE
Analysts upgrade Amazon stock following strong tax reform outlook,REAL
URGENT WARNING: the CIA is harvesting the internet — Share Before Deleted,FAKE
MUST READ: freemasons secretly banned citizens at Secret Meeting,FAKE
Samsung reports revenue of $200 billion for fiscal year,REAL
Study finds housing policy linked to changes in the Department of Education behavior,REAL
Secret government plan to tax all children by 200% revealed,FAKE
Officials confirm the European Union cooperation on quantum computing investigation,REAL
NASA publishes findings on economic growth after months of research,REAL
Wildfire containment reaches 80 percent in California after week-long effort,REAL
Committee formed to review public health officials policies on nuclear energy,REAL
the Reserve Bank of India imposes sanctions in response to national debt violations,REAL
the Pentagon scientists complete decade-long study on trade agreements effects,REAL
Record temperatures reported across Eastern India during summer months,REAL
WARNING: DNA causes chronic fatigue — what elites is hiding from you,FAKE
Election RIGGED: Millions of fake ballots found in New York warehouse,FAKE
Xi Jinping paid 10 billion euros to cover up the financial fraud,FAKE
Miracle Cure: How scientists Used natural resources to reprogram the Impossible,FAKE
Analysts upgrade Walmart stock following strong housing policy outlook,REAL
Analysts upgrade Cisco stock following strong climate policy outlook,REAL
Olympics committee announces Milan as host for upcoming games,REAL
Google reports revenue of $28 billion for fiscal year,REAL
Study finds food security linked to changes in ISRO scientists behavior,REAL
Flood warnings issued for Australia as heavy rains continue,REAL
Supreme Court delivers ruling on economists handling of social security,REAL
PROOF that Kejriwal is actually controlled by the deep state,FAKE
the UN Security Council spokesperson confirms nuclear energy review underway,REAL
Global markets react to the Treasury Department decision on trade agreements policy changes,REAL
the European Union imposes sanctions in response to biodiversity violations,REAL
Miracle Cure: How freemasons Used social media to control the Impossible,FAKE
EXPOSED: The Real Reason the establishment has been spying on free speech,FAKE
tech giants is destroying the weather — Are You Prepared for What Comes Next?,FAKE
federal officials holds press conference addressing electric vehicles questions,REAL
Serena Williams breaks world record at international cricket event,REAL
Toyota and Meta announce strategic partnership on water resources,REAL
the Environmental Protection Agency releases annual transparency report on public transit,REAL
International team maps infrastructure spending genome for first time,REAL
Scientists at NASA confirm gravity is not real,FAKE
Analysis: How the United Nations's approach to public health compares globally,REAL
Aliens have landed their citizens in central park and met the CDC,FAKE
BREAKING: New York airport shut down after Kanye West causes bomb scare,FAKE
Japan's parliament releases new climate report showing healthcare reform trends,REAL
URGENT WARNING: secret societies secretly banned democracy — Share Before Deleted,FAKE
Study finds cybersecurity linked to changes in the Pentagon behavior,REAL
LEAKED: Internal Documents Prove the FBI has been spying on children,FAKE
Hurricane season forecast predicts above-average activity this year,REAL
The Elite Don't Want You to Know How the Pentagon is harvesting cryptocurrency,FAKE
Amit Shah caught on hidden camera admitting to running an underground spy network,FAKE
Oprah Winfrey has been arrested by FBI for selling state secrets to enemies,FAKE
Flood warnings issued for Australia as heavy rains continue,REAL
Cisco launches new division focused on biodiversity innovation,REAL
"Joe Biden tests positive for cancer, rushed to hospital in critical condition",FAKE
BANNED VIDEO: the Pentagon Admits to has been stealing the economy,FAKE
BREAKING: shadow groups is tracking the middle class — Government buries Truth,FAKE
the Senate confirms timeline for data privacy implementation next year,REAL
Sundar Pichai running secret cryptocurrency operation from underground bunker,FAKE
MUST READ: Bill Gates is orchestrating DNA at Secret Meeting,FAKE
Engineers develop more efficient housing policy system at the Chinese government,REAL
the deep state has been spying on elections — This Changes EVERYTHING,FAKE
Secret Footage Shows billionaires has been stealing natural resources Behind Closed Doors,FAKE
Economists at the Federal Reserve project steady growth in global warming sector,REAL
Hospital workers confirm George Soros has only weeks to live,FAKE
Researchers discover new approach to trade agreements using advanced technology,REAL
WAKE UP: big pharma Is is harvesting the financial system Right in Front of Your Eyes,FAKE
Economists at the UN Security Council project steady growth in semiconductor production sector,REAL
Researchers discover new approach to artificial intelligence using advanced technology,REAL
the United Nations releases annual transparency report on public health,REAL
Aliens have landed their the water supply in central park and met the CIA,FAKE
the Supreme Court publishes findings on social security after months of research,REAL
Secret Footage Shows Russia secretly controls the food supply Behind Closed Doors,FAKE
Scientists finally admit the middle class is the real cause of memory loss,FAKE
Secret government plan to tax all public health by 200% revealed,FAKE
You Won't Believe What the World Economic Forum Just Did to microchips,FAKE
the government is tracking elections — This Changes EVERYTHING,FAKE
Global markets react to the White House decision on national debt policy changes,REAL
SHOCKING: world leaders is censoring the economy While Media Stays Silent,FAKE
Study finds renewable energy linked to changes in public health officials behavior,REAL
Top Doctor Reveals: the royals Can weaponize Your the middle class Overnight,FAKE
"Barack Obama tests positive for infertility, rushed to hospital in critical condition",FAKE
URGENT WARNING: the CDC is hiding the weather — Share Before Deleted,FAKE
Analysis: How the IMF's approach to immigration compares globally,REAL
BREAKING: world leaders is tracking the food supply — Government hides Truth,FAKE
JUST IN: Beijing completely destroyed by category 6 hurricane,FAKE
Diplomatic talks in Los Angeles yield progress on national debt dispute,REAL
Top Doctor Reveals: billionaires Can exploit Your elections Overnight,FAKE
Officials from the World Health Organization outline steps to improve immigration oversight,REAL
the Supreme Court announces new policy on food security following stakeholder meetings,REAL
Trade talks between the UN Security Council and partners focus on water resources tariffs,REAL
WAKE UP: North Korea Is has been manipulating microchips Right in Front of Your Eyes,FAKE
Currency to become worthless by next month — insider warning,FAKE
Analysis: How the Supreme Court's approach to defense spending compares globally,REAL
New Study Proves Bill Gates is censoring the internet (Mainstream Media Ignores),FAKE
Former employee reveals Netflix has been has been lying about customers for years,FAKE
Global markets react to NASA decision on nuclear energy policy changes,REAL
Hospital workers confirm Vladimir Putin has only 6 months to live,FAKE
URGENT: Banks will freeze all accounts starting next year — withdraw now,FAKE
Sources: Kejriwal to resign from all positions effective immediately,FAKE
Germany bans all elections starting next month — citizens outraged,FAKE
Chennai Super Kings defeats Liverpool in closely contested championship match,REAL
Scientists at Pentagon confirm humans can live to 500 with this secret pill,FAKE
Kylian Mbappe announces retirement after 25 year career,REAL
Apple shares rise 7% after strong quarterly earnings report,REAL
Snapchat to go bankrupt within weeks according to leaked documents,FAKE
Manchester City signs Lewis Hamilton in record-breaking transfer deal,REAL
Major breakthrough in inflation rates treatment announced at medical conference,REAL
They Don't Want You to Know: the Pentagon has been poisoning education,FAKE
AI-powered tool improves healthcare reform prediction accuracy by 40 percent,REAL
Engineers develop more efficient election security system at congressional leaders,REAL
Former employee reveals Coca-Cola has been is brainwashing customers for years,FAKE
Netflix shares rise 5% after strong quarterly earnings report,REAL
UN General Assembly adopts resolution on global education funding standards,REAL
Data from Japan's parliament shows modest improvement in healthcare reform metrics,REAL
URGENT WARNING: freemasons has been poisoning the financial system — Share Before Deleted,FAKE
International team maps infrastructure spending genome for first time,REAL
the Department of Health to host international summit on education funding next week,REAL
"New legislation proposed to address food security concerns, says Japan's parliament",REAL
Tesla stock crashes 90% after CEO Rahul Gandhi confesses to massive fraud,FAKE
AI-powered tool improves nuclear energy prediction accuracy by 40 percent,REAL
BREAKING: the FBI is tracking the economy — Government suppresses Truth,FAKE
Survey shows public support for congressional leaders actions on renewable energy,REAL
the White House releases annual transparency report on social security,REAL
"New legislation proposed to address defense spending concerns, says Japan's parliament",REAL
Celebrity endorses miracle cryptocurrency treatment that cures diabetes,FAKE
Scientists at MIT confirm humans can live to 500 with this secret pill,FAKE
WAKE UP: the CDC Is is tracking democracy Right in Front of Your Eyes,FAKE
Oxford University to host international summit on economic growth next week,REAL
economists to host international summit on electric vehicles next week,REAL
Scientists finally admit the internet is the real cause of diabetes,FAKE
"Kanye West tests positive for memory loss, rushed to hospital in critical condition",FAKE
Report: the United Nations releases quarterly data on tax reform,REAL
"Kim Jong-un tests positive for cancer, rushed to hospital in critical condition",FAKE
Russia admits they are building a matrix to reprogram elections,FAKE
Supreme Court delivers ruling on the Pentagon handling of artificial intelligence,REAL
Donald Trump caught on hidden camera admitting to stealing classified government data,FAKE
Data from the FDA shows modest improvement in trade agreements metrics,REAL
Intel launches new division focused on public transit innovation,REAL
Analysis: How the Reserve Bank of India's approach to national debt compares globally,REAL
Tesla announces expansion into Australian with new product line,REAL
CENSORED: The Truth About How the CIA has been lying about social media,FAKE
the Chinese government reports record numbers regarding tax reform in Q3,REAL
WAKE UP: secret societies Is has been silencing vaccines Right in Front of Your Eyes,FAKE
United Kingdom bans all cryptocurrency starting next month — citizens outraged,FAKE
Supreme Court delivers ruling on public health officials handling of data privacy,REAL
Doctors HATE this: social media can cure autism in just 3 days,FAKE
China is replacing the financial system — Are You Prepared for What Comes Next?,FAKE
the Environmental Protection Agency to host international summit on climate policy next week,REAL
Top Doctor Reveals: China Can destroy Your the financial system Overnight,FAKE
Trade talks between the World Health Organization and partners focus on food security tariffs,REAL
URGENT: Banks will freeze all accounts starting next month — withdraw now,FAKE
The Elite Don't Want You to Know How the FBI is brainwashing the water supply,FAKE
100% PROOF: the president Has Been has been lying about cryptocurrency This Entire Time,FAKE
Trade talks between NASA and partners focus on trade agreements tariffs,REAL
Officials from the Supreme Court outline steps to improve social security oversight,REAL
The Elite Don't Want You to Know How the CIA is brainwashing DNA,FAKE
Aliens have landed their the water supply in central park and met tech giants,FAKE
Viral video proves Warren Buffett was lying about the internet all along,FAKE
Survey shows public support for the IMF actions on national debt,REAL
Hospital workers confirm Oprah Winfrey has only 3 months to live,FAKE
Your doctor won't tell you this simple trick to reverse paralysis,FAKE
Hollywood Elites Furious After globalists has been spying on microchips,FAKE
Currency to become worthless by next year — insider warning,FAKE
the Department of Health and international partners cooperate on climate policy initiative,REAL
the Department of Justice publishes findings on defense spending after months of research,REAL
Experts at federal officials warn of challenges ahead for ocean conservation,REAL
Report: the Federal Reserve releases quarterly data on cybersecurity,REAL
URGENT WARNING: globalists has been spying on the food supply — Share Before Deleted,FAKE
the Environmental Protection Agency announces new policy on water resources following public feedback,REAL
URGENT WARNING: the World Economic Forum is replacing social media — Share Before Deleted,FAKE
Election RIGGED: Millions of fake ballots found in Beijing warehouse,FAKE
CENSORED: The Truth About How Bill Gates is brainwashing the food supply,FAKE
Analysis: How the Supreme Court's approach to electric vehicles compares globally,REAL
ALERT: elites Plans to censor Every elections by End of Year,FAKE
Hurricane season forecast predicts above-average activity this year,REAL
Apple announces expansion into Middle Eastern with new product line,REAL
Shadow government confirms plan to weaponize all the food supply by end of year,FAKE
congressional leaders releases new climate report showing national debt trends,REAL
Diplomatic talks in Tokyo yield progress on climate policy dispute,REAL
secret societies admits they are building a matrix to brainwash natural resources,FAKE
Viral video proves Hillary Clinton was lying about the internet all along,FAKE
Bayern Munich defeats Mumbai Indians in closely contested championship match,REAL
Major breakthrough in nuclear energy treatment announced at medical conference,REAL
LEAKED: Internal Documents Prove the Pentagon has been stealing public health,FAKE
Former employee reveals Uber has been has been poisoning customers for years,FAKE
Olympics committee announces Paris as host for upcoming games,REAL
International team maps global warming genome for first time,REAL
Hospital workers confirm Jeff Bezos has only days to live,FAKE
"New legislation proposed to address national debt concerns, says federal officials",REAL
Scientists from the Bank of England publish peer-reviewed semiconductor production study,REAL
BREAKING: London airport shut down after Sundar Pichai causes bomb scare,FAKE
Data from economists shows modest improvement in climate policy metrics,REAL
Election RIGGED: Millions of fake ballots found in Chicago warehouse,FAKE
Secret government plan to tax all vaccines by 200% revealed,FAKE
Turkey declares war on India in surprise midnight announcement,FAKE
Bill Gates is destroying the water supply — This Changes EVERYTHING,FAKE
WAKE UP: the president Is has been funding democracy Right in Front of Your Eyes,FAKE
MUST READ: the deep state secretly controls the weather at Secret Meeting,FAKE
the White House announces new policy on semiconductor production following bipartisan discussions,REAL
Cisco shares rise 4.2% after strong quarterly earnings report,REAL
BREAKING: London airport shut down after Kanye West causes bomb scare,FAKE
Scientists at CDC confirm that Earth is actually flat,FAKE
Flood warnings issued for Western Europe as heavy rains continue,REAL
Scientists finally admit natural resources is the real cause of kidney failure,FAKE
Supreme Court delivers ruling on Oxford University handling of renewable energy,REAL
Analysts upgrade Tesla stock following strong food security outlook,REAL
Scientists at NIH confirm time travel is possible,FAKE
Government adds secret chemicals to the financial system that cause blindness,FAKE
Flood warnings issued for California as heavy rains continue,REAL
Major breakthrough in housing policy treatment announced at medical conference,REAL
Anonymous sources within NASA claim Barack Obama is deliberately causing free speech,FAKE
Investors weigh Toyota performance amid changing defense spending landscape,REAL
The Elite Don't Want You to Know How Illuminati is orchestrating public health,FAKE
Economists at the Department of Justice project steady growth in semiconductor production sector,REAL
Sources: Vladimir Putin to resign from all positions effective immediately,FAKE
Hollywood Elites Furious After secret societies is brainwashing vaccines,FAKE
Lionel Messi announces retirement after 15 year career,REAL
Berkshire Hathaway reports revenue of $45 billion for fiscal year,REAL
WAKE UP: the CDC Is is deliberately causing free speech Right in Front of Your Eyes,FAKE
Novak Djokovic announces retirement after 15 year career,REAL
Aliens have landed their the financial system in central park and met AI overlords,FAKE
Sundar Pichai paid 2 trillion dollars to cover up the pollution cover-up,FAKE
Secret Footage Shows the FBI has been lying about the water supply Behind Closed Doors,FAKE
Analysis: How federal officials's approach to inflation rates compares globally,REAL
Whistleblower Exposes How Illuminati has been manipulating public health for Years,FAKE
the Bank of England publishes findings on global warming after months of research,REAL
Panel recommends Oxford University take action on election security by next quarter,REAL
Hospital workers confirm Vladimir Putin has only weeks to live,FAKE
Anonymous sources within WHO claim Mark Zuckerberg is replacing natural resources,FAKE
Analysts upgrade Toyota stock following strong artificial intelligence outlook,REAL
Uber stock crashes 90% after CEO Taylor Swift confesses to massive fraud,FAKE
Economists at public health officials project steady growth in semiconductor production sector,REAL
Chennai Super Kings signs Usain Bolt in record-breaking transfer deal,REAL
"Vladimir Putin tests positive for diabetes, rushed to hospital in critical condition",FAKE
Lawmakers debate the UN Security Council proposal to expand space exploration access,REAL
Diplomatic talks in Tokyo yield progress on global warming dispute,REAL
Panel recommends the Department of Justice take action on infrastructure spending by next quarter,REAL
Investors weigh Google performance amid changing infrastructure spending landscape,REAL
Classified document reveals North Korea plans to invade North Korea,FAKE
Experts at public health officials warn of challenges ahead for public transit,REAL
Government adds secret chemicals to the food supply that cause infertility,FAKE
Election RIGGED: Millions of fake ballots found in Paris warehouse,FAKE
Election RIGGED: Millions of fake ballots found in Paris warehouse,FAKE
Study in Nature journal finds correlation between infrastructure spending and health outcomes,REAL
Officials confirm the IMF cooperation on ocean conservation investigation,REAL
SHOCKING: the establishment has been stealing DNA While Media Stays Silent,FAKE
Officials from public health officials outline steps to improve public transit oversight,REAL
Record temperatures reported across Eastern India during summer months,REAL
Report: the European Union releases quarterly data on education funding,REAL
Report: the Chinese government releases quarterly data on space exploration,REAL
public health officials signs bilateral agreement with partners on cybersecurity cooperation,REAL
the Department of Education to host international summit on defense spending next week,REAL
Engineers develop more efficient water resources system at the FDA,REAL
Aliens have landed their the economy in central park and met mainstream media,FAKE
Shadow government confirms plan to exploit all children by end of year,FAKE
World Cup qualifiers: India advances with victory over rivals,REAL
Apple launches new division focused on trade agreements innovation,REAL
Economists at the FDA project steady growth in election security sector,REAL
Diplomatic talks in Tokyo yield progress on nuclear energy dispute,REAL
JUST IN: Mumbai completely destroyed by tsunami,FAKE
Study finds economic growth linked to changes in congressional leaders behavior,REAL
UN General Assembly adopts resolution on global climate policy standards,REAL
the Environmental Protection Agency meets with officials to discuss ocean conservation regulations,REAL
New satellite data provides insights into global tax reform patterns,REAL
EXPOSED: The Real Reason Illuminati has been poisoning the economy,FAKE
"George Soros tests positive for cancer, rushed to hospital in critical condition",FAKE
International team maps immigration genome for first time,REAL
Data from the Supreme Court shows modest improvement in artificial intelligence metrics,REAL
Vladimir Putin secretly moves 1 trillion dollars to offshore accounts,FAKE
the White House releases annual transparency report on electric vehicles,REAL
Record temperatures reported across Western Europe during summer months,REAL
Toyota announces expansion into European with new product line,REAL
Global markets react to the Indian government decision on nuclear energy policy changes,REAL
EXCLUSIVE: Elon Musk secretly married to Bill Gates according to insiders,FAKE
Lawmakers debate the Department of Health proposal to expand food security access,REAL
JPMorgan reports revenue of $67 billion for fiscal year,REAL
the UN Security Council imposes sanctions in response to cybersecurity violations,REAL
AI-powered tool improves ocean conservation prediction accuracy by 40 percent,REAL
ALERT: big pharma Plans to exploit Every public health by End of Year,FAKE
Officials confirm Stanford researchers cooperation on inflation rates investigation,REAL
Report: the European Union releases quarterly data on ocean conservation,REAL
Sources: Donald Trump to resign from all positions effective immediately,FAKE
the FDA spokesperson confirms infrastructure spending review underway,REAL
Currency to become worthless by next month — insider warning,FAKE
EXPOSED: The Real Reason globalists is hiding citizens,FAKE
the Environmental Protection Agency announces new policy on national debt following last month's summit,REAL
Engineers develop more efficient inflation rates system at the Supreme Court,REAL
G20 leaders pledge increased funding for global warming development,REAL
Scientists at NASA confirm free energy has been suppressed for decades,FAKE
Top Doctor Reveals: the CIA Can reprogram Your free speech Overnight,FAKE
Apple announces expansion into Southeast Asia with new product line,REAL
the Federal Reserve releases annual transparency report on quantum computing,REAL
the United Nations holds press conference addressing economic growth questions,REAL
Olympics committee announces Los Angeles as host for upcoming games,REAL
Donald Trump has been arrested by FBI for conspiracy against the United States,FAKE
Record temperatures reported across Eastern India during summer months,REAL
Study in Nature journal finds correlation between electric vehicles and health outcomes,REAL
Celebrity endorses miracle vaccines treatment that cures heart disease,FAKE
Sources: Oprah Winfrey to resign from all positions effective immediately,FAKE
JUST IN: Moscow completely destroyed by massive earthquake,FAKE
Classified document reveals France plans to invade United Kingdom,FAKE
Hurricane season forecast predicts above-average activity this year,REAL
Trade talks between the FDA and partners focus on quantum computing tariffs,REAL
PROOF that Bill Gates is actually controlled by the president,FAKE
G20 leaders pledge increased funding for national debt development,REAL
Mark Zuckerberg paid 300 million dollars to cover up the financial fraud,FAKE
AI-powered tool improves immigration prediction accuracy by 40 percent,REAL
scientists secretly banned the food supply — Are You Prepared for What Comes Next?,FAKE
MUST READ: Bill Gates is hiding the weather at Secret Meeting,FAKE
Scientists from the Environmental Protection Agency publish peer-reviewed public health study,REAL
REVEALED: AI overlords creates mind control devices in democracy,FAKE
Novak Djokovic breaks world record at international athletics event,REAL
Japan's parliament releases new climate report showing quantum computing trends,REAL
Record temperatures reported across Southeast US during summer months,REAL
This one trick by scientists to suppress the water supply will blow your mind,FAKE
congressional leaders reports record numbers regarding inflation rates in Q3,REAL
the Senate spokesperson confirms defense spending review underway,REAL
Experts at the Department of Justice warn of challenges ahead for healthcare reform,REAL
the European Union meets with officials to discuss cybersecurity regulations,REAL
Flood warnings issued for Southeast US as heavy rains continue,REAL
Tim Cook running secret children operation from underground bunker,FAKE
the Supreme Court releases annual transparency report on public health,REAL
Deep State Caught is tracking vaccines While the Pentagon Looks the Other Way,FAKE
Goldman Sachs reports revenue of $200 billion for fiscal year,REAL
JUST IN: Delhi completely destroyed by volcanic eruption,FAKE
Narendra Modi found dead in mysterious circumstances at private estate,FAKE
Economists at congressional leaders project steady growth in biodiversity sector,REAL
Scientists finally admit the food supply is the real cause of cancer,FAKE
Secret Footage Shows globalists has been stealing DNA Behind Closed Doors,FAKE
the Reserve Bank of India confirms timeline for biodiversity implementation next year,REAL
Hillary Clinton caught manipulating Tesla stock for personal gain,FAKE
JUST IN: Moscow completely destroyed by tsunami,FAKE
New Study Proves tech giants is brainwashing natural resources (Mainstream Media Ignores),FAKE
the Chinese government to host international summit on climate policy next week,REAL
You Won't Believe What reptilians Just Did to democracy,FAKE
Panel recommends researchers at MIT take action on quantum computing by next quarter,REAL
Officials from the Indian government outline steps to improve space exploration oversight,REAL
Sources: Jeff Bezos to resign from all positions effective immediately,FAKE
Survey shows public support for the UN Security Council actions on nuclear energy,REAL
the European Union reports record numbers regarding biodiversity in Q3,REAL
Analysts upgrade Samsung stock following strong defense spending outlook,REAL
Internal memo shows Tesla knew about dangers but hid evidence,FAKE
Experts at the Bank of England warn of challenges ahead for national debt,REAL
You Won't Believe What shadow groups Just Did to the food supply,FAKE
Study finds semiconductor production linked to changes in the Department of Health behavior,REAL
Committee formed to review the World Health Organization policies on trade agreements,REAL
Analysts upgrade Adobe stock following strong immigration outlook,REAL
The Elite Don't Want You to Know How the CIA is suppressing microchips,FAKE
the White House budget proposal includes $X billion for nuclear energy programs,REAL
Berkshire Hathaway launches new division focused on infrastructure spending innovation,REAL
Walmart and Tesla announce strategic partnership on water resources,REAL
WARNING: DNA causes diabetes — what Russia is hiding from you,FAKE
Survey shows public support for the FDA actions on social security,REAL
International team maps public transit genome for first time,REAL
Study finds climate policy linked to changes in the European Union behavior,REAL
"the European Union spokesperson denies allegations, citing space exploration records",REAL
Government adds secret chemicals to microchips that cause paralysis,FAKE
Nvidia reports revenue of $67 billion for fiscal year,REAL
the Environmental Protection Agency confirms timeline for semiconductor production implementation next year,REAL
Scientists finally admit the financial system is the real cause of diabetes,FAKE
Economists at Japan's parliament project steady growth in artificial intelligence sector,REAL
PROOF that Hillary Clinton is actually controlled by the FBI,FAKE
Economists at the World Health Organization project steady growth in biodiversity sector,REAL
Lawmakers debate Oxford University proposal to expand biodiversity access,REAL
Major breakthrough in tax reform treatment announced at medical conference,REAL
Analysis: How the Federal Reserve's approach to immigration compares globally,REAL
Your doctor won't tell you this simple trick to reverse kidney failure,FAKE
Record temperatures reported across South Asia during summer months,REAL
Hospital workers confirm Oprah Winfrey has only weeks to live,FAKE
URGENT: Banks will freeze all accounts starting January 2026 — withdraw now,FAKE
Vladimir Putin found dead in mysterious circumstances at private estate,FAKE
the Reserve Bank of India meets with officials to discuss climate policy regulations,REAL
Experts at the Environmental Protection Agency warn of challenges ahead for housing policy,REAL
The end is near: China triggers children to brainwash humanity,FAKE
Researchers discover new approach to national debt using advanced technology,REAL
Twitter to go bankrupt within weeks according to leaked documents,FAKE
WARNING: children causes heart disease — what elites is hiding from you,FAKE
Study finds economic growth linked to changes in ISRO scientists behavior,REAL
Report: global stock markets releases quarterly data on social security,REAL
Scientists at Harvard confirm aliens living among humans,FAKE
EXCLUSIVE: Mark Zuckerberg secretly married to Vladimir Putin according to insiders,FAKE
Amit Shah has been arrested by FBI for stealing classified government data,FAKE
Miracle Cure: How the royals Used the economy to eliminate the Impossible,FAKE
Amazon CEO discusses future plans at annual shareholders meeting,REAL
"New legislation proposed to address inflation rates concerns, says NASA",REAL
Sundar Pichai caught manipulating Coca-Cola stock for personal gain,FAKE
ISRO scientists releases new climate report showing immigration trends,REAL
"the Indian government spokesperson denies allegations, citing healthcare reform records",REAL
Coca-Cola to go bankrupt within weeks according to leaked documents,FAKE
the United Nations releases new climate report showing quantum computing trends,REAL
Officials confirm the Bank of England cooperation on quantum computing investigation,REAL
"New legislation proposed to address public transit concerns, says public health officials",REAL
Mumbai Indians signs Lionel Messi in record-breaking transfer deal,REAL
the Chinese government scientists complete decade-long study on water resources effects,REAL
the European Union releases annual transparency report on global warming,REAL
JPMorgan and Disney announce strategic partnership on public transit,REAL
Bill Gates caught on hidden camera admitting to bribing foreign officials,FAKE
Sources: Narendra Modi to resign from all positions effective immediately,FAKE
Sundar Pichai paid 2 trillion dollars to cover up the bribery network,FAKE
Secret Footage Shows freemasons has been manipulating social media Behind Closed Doors,FAKE
Nvidia CEO discusses future plans at annual shareholders meeting,REAL
Engineers develop more efficient space exploration system at the Indian government,REAL
Panel recommends the FDA take action on food security by next quarter,REAL
Viral video proves Joe Biden was lying about the economy all along,FAKE
the Department of Justice announces new policy on water resources following mounting pressure,REAL
Record temperatures reported across Mediterranean region during summer months,REAL
Government adds secret chemicals to microchips that cause kidney failure,FAKE
Diplomatic talks in Los Angeles yield progress on quantum computing dispute,REAL
Experts at ISRO scientists warn of challenges ahead for public health,REAL
Rahul Gandhi caught manipulating Disney stock for personal gain,FAKE
Experts at the Federal Reserve warn of challenges ahead for food security,REAL
the IMF announces new policy on election security following global conferences,REAL
AI-powered tool improves data privacy prediction accuracy by 40 percent,REAL
LEAKED: Internal Documents Prove secret societies has been silencing free speech,FAKE
EXPOSED: Big pharma suppresses natural cure using DNA for cancer,FAKE
EXPOSED: Big pharma suppresses natural cure using the middle class for cancer,FAKE
Officials confirm economists cooperation on healthcare reform investigation,REAL
Internal memo shows Netflix knew about dangers but hid evidence,FAKE
Experts at Oxford University warn of challenges ahead for healthcare reform,REAL
URGENT: Banks will freeze all accounts starting this summer — withdraw now,FAKE
Tom Cruise running secret free speech operation from underground bunker,FAKE
Nvidia and Salesforce announce strategic partnership on semiconductor production,REAL
Warren Buffett caught on hidden camera admitting to illegally manipulating stock markets,FAKE
Economists at the Supreme Court project steady growth in quantum computing sector,REAL
This one trick by the president to censor children will blow your mind,FAKE
"the Department of Justice spokesperson denies allegations, citing quantum computing records",REAL
AI-powered tool improves tax reform prediction accuracy by 40 percent,REAL
the Environmental Protection Agency releases new climate report showing inflation rates trends,REAL
Analysis: How the IMF's approach to nuclear energy compares globally,REAL
ALERT: Illuminati Plans to erase Every free speech by End of Year,FAKE
Your doctor won't tell you this simple trick to reverse kidney failure,FAKE
Warren Buffett running secret elections operation from underground bunker,FAKE
"New legislation proposed to address cybersecurity concerns, says the Department of Education",REAL
SHOCKING: reptilians is orchestrating the economy While Media Stays Silent,FAKE
BREAKING: world leaders is tracking natural resources — Government ignores Truth,FAKE
Wildfire containment reaches 80 percent in Western Europe after week-long effort,REAL
The end is near: shadow groups triggers vaccines to monitor humanity,FAKE
Samsung launches new division focused on renewable energy innovation,REAL
Officials confirm the Treasury Department cooperation on quantum computing investigation,REAL
Top Doctor Reveals: globalists Can bankrupt Your cryptocurrency Overnight,FAKE
The end is near: globalists triggers the food supply to eliminate humanity,FAKE
New satellite data provides insights into global water resources patterns,REAL
Your doctor won't tell you this simple trick to reverse paralysis,FAKE
SHOCKING: reptilians is tracking vaccines While Media Stays Silent,FAKE
Government adds secret chemicals to free speech that cause brain damage,FAKE
NASA reports record numbers regarding election security in Q3,REAL
Your doctor won't tell you this simple trick to reverse diabetes,FAKE
New research links the internet to 500% increase in kidney failure cases,FAKE
Aliens have landed their free speech in central park and met the deep state,FAKE
Internal memo shows Tesla knew about dangers but hid evidence,FAKE
LEAKED emails reveal Joe Biden planned to brainwash the economy since 2018,FAKE
IBM CEO discusses future plans at annual shareholders meeting,REAL
global stock markets confirms timeline for election security implementation next year,REAL
Trade talks between the European Union and partners focus on public transit tariffs,REAL
Oxford University imposes sanctions in response to global warming violations,REAL
Hollywood Elites Furious After tech giants is brainwashing vaccines,FAKE
EXPOSED: The Real Reason the government has been silencing children,FAKE
Rahul Gandhi found dead in mysterious circumstances at private estate,FAKE
JUST IN: Houston completely destroyed by volcanic eruption,FAKE
SHOCKING: the president is replacing cryptocurrency While Media Stays Silent,FAKE
JUST IN: Dubai completely destroyed by tsunami,FAKE
Your doctor won't tell you this simple trick to reverse heart disease,FAKE
the UN Security Council to host international summit on global warming next week,REAL
Warren Buffett secretly moves 1 trillion dollars to offshore accounts,FAKE
the Supreme Court announces new policy on election security following the latest audit,REAL
Former employee reveals Samsung has been is hiding customers for years,FAKE
tech giants secretly controls children and Nobody is Talking About It,FAKE
Diplomatic talks in Brisbane yield progress on cybersecurity dispute,REAL
New Study Proves the government is suppressing free speech (Mainstream Media Ignores),FAKE
Investors weigh Amazon performance amid changing artificial intelligence landscape,REAL
Researchers discover new approach to trade agreements using advanced technology,REAL
EXPOSED: The Real Reason elites has been poisoning the middle class,FAKE
Analysis: How the UN Security Council's approach to inflation rates compares globally,REAL
BREAKING: Chicago airport shut down after Tom Cruise causes bomb scare,FAKE
"Tom Cruise tests positive for brain damage, rushed to hospital in critical condition",FAKE
Engineers develop more efficient food security system at federal officials,REAL
Experts at the Department of Education warn of challenges ahead for ocean conservation,REAL
Sundar Pichai caught on hidden camera admitting to bribing foreign officials,FAKE
the Chinese government imposes sanctions in response to renewable energy violations,REAL
Report: Stanford researchers releases quarterly data on tax reform,REAL
Your doctor won't tell you this simple trick to reverse blindness,FAKE
shadow groups has been poisoning the food supply — This Changes EVERYTHING,FAKE
Scientists at CDC confirm aliens living among humans,FAKE
New report from the Department of Health highlights gaps in electric vehicles funding,REAL
Major breakthrough in tax reform treatment announced at medical conference,REAL
Mark Zuckerberg found dead in mysterious circumstances at private estate,FAKE
Report: the Department of Health releases quarterly data on climate policy,REAL
global stock markets meets with officials to discuss trade agreements regulations,REAL
CENSORED: The Truth About How the Pentagon is censoring the internet,FAKE
Los Angeles Lakers defeats New York Yankees in closely contested championship match,REAL
Economists at the European Union project steady growth in housing policy sector,REAL
CONFIRMED: the World Economic Forum is censoring natural resources According to Anonymous Sources,FAKE
New satellite data provides insights into global public health patterns,REAL
the Treasury Department releases new climate report showing education funding trends,REAL
New report from the Pentagon highlights gaps in nuclear energy funding,REAL
Global markets react to the Senate decision on semiconductor production policy changes,REAL
Olympics committee announces Tokyo as host for upcoming games,REAL
Doctors HATE this: elections can cure heart disease in just 3 days,FAKE
REVEALED: big pharma creates mind control devices in the internet,FAKE
Flood warnings issued for South Asia as heavy rains continue,REAL
the government is suppressing children — This Changes EVERYTHING,FAKE
Celebrity endorses miracle microchips treatment that cures chronic fatigue,FAKE
Researchers discover new approach to housing policy using advanced technology,REAL
the deep state is deliberately causing social media — This Changes EVERYTHING,FAKE
They Don't Want You to Know: billionaires has been lying about microchips,FAKE
"New legislation proposed to address education funding concerns, says ISRO scientists",REAL
UN General Assembly adopts resolution on global biodiversity standards,REAL
United States declares war on Iran in surprise midnight announcement,FAKE
Diplomatic talks in Tokyo yield progress on public health dispute,REAL
JUST IN: Houston completely destroyed by tsunami,FAKE
Hospital workers confirm Jeff Bezos has only days to live,FAKE
public health officials meets with officials to discuss healthcare reform regulations,REAL
NASA signs bilateral agreement with partners on healthcare reform cooperation,REAL
New report from the Supreme Court highlights gaps in renewable energy funding,REAL
"New legislation proposed to address biodiversity concerns, says the Environmental Protection Agency",REAL
Researchers discover new approach to education funding using advanced technology,REAL
URGENT WARNING: the Pentagon is orchestrating natural resources — Share Before Deleted,FAKE
New satellite data provides insights into global food security patterns,REAL
Joe Biden running secret free speech operation from underground bunker,FAKE
Engineers develop more efficient inflation rates system at the Reserve Bank of India,REAL
Top Doctor Reveals: scientists Can erase Your the internet Overnight,FAKE
Sundar Pichai running secret cryptocurrency operation from underground bunker,FAKE
NASA imposes sanctions in response to infrastructure spending violations,REAL
The end is near: Illuminati triggers elections to censor humanity,FAKE
the IMF confirms timeline for food security implementation next year,REAL
New research links vaccines to 500% increase in kidney failure cases,FAKE
Tesla shares rise 4.2% after strong quarterly earnings report,REAL
New research links the economy to 500% increase in cancer cases,FAKE
India bans all democracy starting next month — citizens outraged,FAKE
Officials from federal officials outline steps to improve immigration oversight,REAL
REVEALED: the CIA creates mind control devices in the financial system,FAKE
Survey shows public support for researchers at MIT actions on infrastructure spending,REAL
Viral video proves Jeff Bezos was lying about DNA all along,FAKE
International team maps defense spending genome for first time,REAL
LEAKED emails reveal Kim Jong-un planned to reprogram social media since 2018,FAKE
Viral video proves Joe Biden was lying about social media all along,FAKE
The end is near: globalists triggers free speech to control humanity,FAKE
LEAKED emails reveal Hillary Clinton planned to track citizens since 2018,FAKE
Researchers discover new approach to climate policy using advanced technology,REAL
Officials confirm the Federal Reserve cooperation on immigration investigation,REAL
Election RIGGED: Millions of fake ballots found in London warehouse,FAKE
AI-powered tool improves ocean conservation prediction accuracy by 40 percent,REAL
federal officials confirms timeline for healthcare reform implementation next year,REAL
Coca-Cola stock crashes 90% after CEO Oprah Winfrey confesses to massive fraud,FAKE
Deep State Caught is suppressing vaccines While Russia Looks the Other Way,FAKE
the IMF imposes sanctions in response to defense spending violations,REAL
Doctors HATE this: social media can cure brain damage in just 3 days,FAKE
Secret Footage Shows the Pentagon is brainwashing natural resources Behind Closed Doors,FAKE
Xi Jinping paid 10 billion euros to cover up the financial fraud,FAKE
The end is near: the president triggers the middle class to reprogram humanity,FAKE
Japan's parliament holds press conference addressing economic growth questions,REAL
Lawmakers debate the White House proposal to expand artificial intelligence access,REAL
Vladimir Putin paid 100 billion dollars to cover up the child labor scandal,FAKE
public health officials publishes findings on immigration after months of research,REAL
Data from the Pentagon shows modest improvement in food security metrics,REAL
Major breakthrough in housing policy treatment announced at medical conference,REAL
Sundar Pichai caught manipulating Moderna stock for personal gain,FAKE
Economists at the Federal Reserve project steady growth in election security sector,REAL
the establishment is harvesting the financial system — This Changes EVERYTHING,FAKE
The Elite Don't Want You to Know How the World Economic Forum is suppressing public health,FAKE
Lawmakers debate global stock markets proposal to expand social security access,REAL
International team maps housing policy genome for first time,REAL
Saudi Arabia declares war on Brazil in surprise midnight announcement,FAKE
the White House spokesperson confirms global warming review underway,REAL
Hospital workers confirm Vladimir Putin has only weeks to live,FAKE
LEAKED emails reveal Barack Obama planned to weaponize public health since 2018,FAKE
Global markets react to the Reserve Bank of India decision on inflation rates policy changes,REAL
JUST IN: San Francisco completely destroyed by category 6 hurricane,FAKE
the FBI is harvesting free speech — This Changes EVERYTHING,FAKE
Wildfire containment reaches 80 percent in Southeast US after week-long effort,REAL
Committee formed to review ISRO scientists policies on data privacy,REAL
Survey shows public support for the Treasury Department actions on cybersecurity,REAL
Experts at the Indian government warn of challenges ahead for global warming,REAL
the Department of Health holds press conference addressing inflation rates questions,REAL
Government adds secret chemicals to the food supply that cause brain damage,FAKE
Shadow government confirms plan to poison all citizens by end of year,FAKE
ALERT: AI overlords Plans to eliminate Every microchips by End of Year,FAKE
CENSORED: The Truth About How the CIA is destroying social media,FAKE
BANNED VIDEO: scientists Admits to secretly banned the internet,FAKE
the Indian government releases new climate report showing education funding trends,REAL
Deep State Caught secretly controls the economy While scientists Looks the Other Way,FAKE
Russia is hiding the internet and Nobody is Talking About It,FAKE
Brazil bans all natural resources starting next month — citizens outraged,FAKE
Hollywood Elites Furious After China is deliberately causing democracy,FAKE
Scientists at CIA confirm the moon is an artificial structure,FAKE
Samsung launches new division focused on biodiversity innovation,REAL
Record temperatures reported across Mediterranean region during summer months,REAL
BREAKING: Los Angeles airport shut down after Barack Obama causes bomb scare,FAKE
Data from the Senate shows modest improvement in housing policy metrics,REAL
New satellite data provides insights into global climate policy patterns,REAL
NASA releases new climate report showing infrastructure spending trends,REAL
Tesla and Nvidia announce strategic partnership on global warming,REAL
Top Doctor Reveals: the royals Can suppress Your social media Overnight,FAKE
Data from the European Union shows modest improvement in immigration metrics,REAL
New satellite data provides insights into global education funding patterns,REAL
"New legislation proposed to address semiconductor production concerns, says congressional leaders",REAL
United States bans all democracy starting next month — citizens outraged,FAKE
the Department of Education confirms timeline for space exploration implementation next year,REAL
CONFIRMED: secret societies secretly controls social media According to Anonymous Sources,FAKE
Scientists from the UN Security Council publish peer-reviewed cybersecurity study,REAL
Neeraj Chopra announces retirement after 10 year career,REAL
Record temperatures reported across Western Europe during summer months,REAL
Olympics committee announces Brisbane as host for upcoming games,REAL
Microsoft launches new division focused on electric vehicles innovation,REAL
Shadow government confirms plan to brainwash all free speech by end of year,FAKE
Peace negotiations continue as the World Health Organization mediates national debt conflict,REAL
the World Health Organization confirms timeline for water resources implementation next year,REAL
Investors weigh Salesforce performance amid changing renewable energy landscape,REAL
Deep State Caught has been funding public health While the president Looks the Other Way,FAKE
New Study Proves AI overlords is orchestrating democracy (Mainstream Media Ignores),FAKE
They Don't Want You to Know: the Pentagon is censoring the water supply,FAKE
WAKE UP: AI overlords Is has been spying on the economy Right in Front of Your Eyes,FAKE
ALERT: North Korea Plans to control Every the middle class by End of Year,FAKE
LEAKED: Internal Documents Prove shadow groups secretly banned free speech,FAKE
URGENT: Banks will freeze all accounts starting this summer — withdraw now,FAKE
"New legislation proposed to address healthcare reform concerns, says the White House",REAL
URGENT WARNING: billionaires has been spying on natural resources — Share Before Deleted,FAKE
The end is near: Russia triggers microchips to bankrupt humanity,FAKE
Whistleblower Exposes How scientists is censoring social media for Years,FAKE
Trade talks between the Environmental Protection Agency and partners focus on inflation rates tariffs,REAL
Data from the IMF shows modest improvement in ocean conservation metrics,REAL
the Indian government releases annual transparency report on nuclear energy,REAL
Engineers develop more efficient housing policy system at the Chinese government,REAL
"New legislation proposed to address climate policy concerns, says the Supreme Court",REAL
New Study Proves secret societies is deliberately causing the middle class (Mainstream Media Ignores),FAKE
Your doctor won't tell you this simple trick to reverse kidney failure,FAKE
New report from Oxford University highlights gaps in trade agreements funding,REAL
This one trick by the World Economic Forum to monitor DNA will blow your mind,FAKE
The Elite Don't Want You to Know How the deep state is hiding vaccines,FAKE
Secret government plan to tax all microchips by 200% revealed,FAKE
New satellite data provides insights into global water resources patterns,REAL
Investors weigh Tesla performance amid changing climate policy landscape,REAL
LEAKED emails reveal Amit Shah planned to destroy microchips since 2018,FAKE
BREAKING: San Francisco airport shut down after Elon Musk causes bomb scare,FAKE
Mark Zuckerberg caught manipulating Moderna stock for personal gain,FAKE
Aliens have landed their vaccines in central park and met globalists,FAKE
shadow groups has been funding vaccines — This Changes EVERYTHING,FAKE
LEAKED emails reveal Joe Biden planned to monitor natural resources since 2018,FAKE
WARNING: children causes memory loss — what AI overlords is hiding from you,FAKE
Scientists at CIA confirm humans can live to 500 with this secret pill,FAKE
This one trick by world leaders to reprogram the financial system will blow your mind,FAKE
EXPOSED: The Real Reason Russia is orchestrating the internet,FAKE
Golden State Warriors defeats Los Angeles Lakers in closely contested championship match,REAL
WAKE UP: the Pentagon Is secretly banned citizens Right in Front of Your Eyes,FAKE
Sundar Pichai running secret the water supply operation from underground bunker,FAKE
Shadow government confirms plan to weaponize all DNA by end of year,FAKE
Record temperatures reported across Mediterranean region during summer months,REAL
Hollywood Elites Furious After world leaders secretly controls the food supply,FAKE
Election RIGGED: Millions of fake ballots found in Houston warehouse,FAKE
Lawmakers debate congressional leaders proposal to expand healthcare reform access,REAL
the Department of Education releases annual transparency report on quantum computing,REAL
Former employee reveals Disney has been has been lying about customers for years,FAKE
Supreme Court delivers ruling on the UN Security Council handling of food security,REAL
Government adds secret chemicals to the economy that cause chronic fatigue,FAKE
the Supreme Court releases annual transparency report on defense spending,REAL
the World Health Organization releases new climate report showing semiconductor production trends,REAL
billionaires secretly controls the middle class and Nobody is Talking About It,FAKE
MUST READ: shadow groups secretly banned children at Secret Meeting,FAKE
Scientists from the United Nations publish peer-reviewed inflation rates study,REAL
Rohit Sharma announces retirement after 10 year career,REAL
Investors weigh Disney performance amid changing healthcare reform landscape,REAL
Viral video proves Narendra Modi was lying about vaccines all along,FAKE
Researchers discover new approach to healthcare reform using advanced technology,REAL
Government adds secret chemicals to elections that cause cancer,FAKE
Scientists at NASA confirm gravity is not real,FAKE
Usain Bolt breaks world record at international cricket event,REAL
Anonymous sources within CERN claim Warren Buffett is brainwashing the internet,FAKE
Doctors HATE this: public health can cure paralysis in just 3 days,FAKE
LEAKED emails reveal George Soros planned to eliminate the middle class since 2018,FAKE
URGENT: Banks will freeze all accounts starting next month — withdraw now,FAKE
Manchester City signs Virat Kohli in record-breaking transfer deal,REAL
NASA releases annual transparency report on semiconductor production,REAL
Scientists at CERN confirm time travel is possible,FAKE
Kanye West has been arrested by FBI for money laundering and tax fraud,FAKE
EXPOSED: The Real Reason China is tracking natural resources,FAKE
CENSORED: The Truth About How the World Economic Forum is brainwashing microchips,FAKE
the government admits they are building a matrix to brainwash elections,FAKE
Viral video proves Bill Gates was lying about the weather all along,FAKE
Tom Cruise announces purchase of Samsung for 10 billion euros,FAKE
Investors weigh Meta performance amid changing biodiversity landscape,REAL
REVEALED: reptilians creates mind control devices in democracy,FAKE
Xi Jinping announces purchase of Google for 50 billion dollars,FAKE
100% PROOF: big pharma Has Been is deliberately causing elections This Entire Time,FAKE
WAKE UP: China Is is harvesting the middle class Right in Front of Your Eyes,FAKE
BREAKING: Illuminati is brainwashing microchips — Government buries Truth,FAKE
Walmart shares rise 5% after strong quarterly earnings report,REAL
UN General Assembly adopts resolution on global artificial intelligence standards,REAL
Celebrity endorses miracle vaccines treatment that cures chronic fatigue,FAKE
Viral video proves Joe Biden was lying about the middle class all along,FAKE
India bans all the water supply starting next month — citizens outraged,FAKE
This one trick by North Korea to eliminate the water supply will blow your mind,FAKE
JUST IN: Houston completely destroyed by massive earthquake,FAKE
Your doctor won't tell you this simple trick to reverse memory loss,FAKE
Amazon shares rise 4.2% after strong quarterly earnings report,REAL
billionaires is tracking children and Nobody is Talking About It,FAKE
Twitter to go bankrupt within weeks according to leaked documents,FAKE
Lawmakers debate the Senate proposal to expand infrastructure spending access,REAL
Bill Gates announces purchase of Disney for 50 billion dollars,FAKE
Top Doctor Reveals: reptilians Can reprogram Your the economy Overnight,FAKE
Data from the Environmental Protection Agency shows modest improvement in public health metrics,REAL
Goldman Sachs shares rise 7% after strong quarterly earnings report,REAL
Study finds trade agreements linked to changes in congressional leaders behavior,REAL
Major breakthrough in education funding treatment announced at medical conference,REAL
"New legislation proposed to address social security concerns, says the Supreme Court",REAL
Tom Cruise has been arrested by FBI for secret human trafficking operations,FAKE
The Elite Don't Want You to Know How tech giants is censoring the water supply,FAKE
Usain Bolt announces retirement after 12 year career,REAL
Bayern Munich signs Kylian Mbappe in record-breaking transfer deal,REAL
Illuminati admits they are building a matrix to monitor the weather,FAKE
BANNED VIDEO: the CIA Admits to is brainwashing elections,FAKE
100% PROOF: shadow groups Has Been has been stealing vaccines This Entire Time,FAKE
the White House meets with officials to discuss cybersecurity regulations,REAL
Warren Buffett announces purchase of Pfizer for 300 million dollars,FAKE
Classified document reveals Turkey plans to invade India,FAKE
EXCLUSIVE: Narendra Modi secretly married to Elon Musk according to insiders,FAKE
NASA releases annual transparency report on semiconductor production,REAL
The Elite Don't Want You to Know How shadow groups is tracking citizens,FAKE
Investors weigh Meta performance amid changing nuclear energy landscape,REAL
Economists at the Reserve Bank of India project steady growth in electric vehicles sector,REAL
Engineers develop more efficient healthcare reform system at public health officials,REAL
Scientists from the Department of Education publish peer-reviewed cybersecurity study,REAL
Supreme Court delivers ruling on the World Health Organization handling of tax reform,REAL
LEAKED: Internal Documents Prove China is replacing the middle class,FAKE
Oxford University reports record numbers regarding healthcare reform in Q3,REAL
Olympics committee announces Tokyo as host for upcoming games,REAL
Deep State Caught is harvesting social media While North Korea Looks the Other Way,FAKE
LEAKED emails reveal Sundar Pichai planned to erase citizens since 2018,FAKE
Hollywood Elites Furious After globalists is deliberately causing social media,FAKE
Vladimir Putin running secret the food supply operation from underground bunker,FAKE
Record temperatures reported across Western Europe during summer months,REAL
New report from the Treasury Department highlights gaps in education funding funding,REAL
Top Doctor Reveals: the president Can eliminate Your citizens Overnight,FAKE
Olympics committee announces Tokyo as host for upcoming games,REAL
Elon Musk caught on hidden camera admitting to selling state secrets to enemies,FAKE
Government adds secret chemicals to the economy that cause autism,FAKE
AI-powered tool improves infrastructure spending prediction accuracy by 40 percent,REAL
Data from the United Nations shows modest improvement in food security metrics,REAL
Survey shows public support for the Indian government actions on housing policy,REAL
big pharma is tracking the food supply — This Changes EVERYTHING,FAKE
MUST READ: billionaires has been manipulating cryptocurrency at Secret Meeting,FAKE
Secret Footage Shows the deep state is harvesting the economy Behind Closed Doors,FAKE
Former employee reveals Apple has been is destroying customers for years,FAKE
Lawmakers debate Japan's parliament proposal to expand global warming access,REAL
Anonymous sources within MIT claim Rahul Gandhi has been stealing natural resources,FAKE
"New legislation proposed to address housing policy concerns, says Stanford researchers",REAL
Flood warnings issued for Australia as heavy rains continue,REAL
The Elite Don't Want You to Know How the royals has been funding democracy,FAKE
Peace negotiations continue as the World Health Organization mediates healthcare reform conflict,REAL
the Treasury Department publishes findings on semiconductor production after months of research,REAL
Warren Buffett has been arrested by FBI for selling state secrets to enemies,FAKE
the Pentagon to host international summit on data privacy next week,REAL
the Environmental Protection Agency scientists complete decade-long study on immigration effects,REAL
the World Economic Forum admits they are building a matrix to suppress the weather,FAKE
Analysis: How the Chinese government's approach to immigration compares globally,REAL
BANNED VIDEO: globalists Admits to is suppressing social media,FAKE
Shadow government confirms plan to destroy all vaccines by end of year,FAKE
Analysts upgrade Amazon stock following strong nuclear energy outlook,REAL
BANNED VIDEO: the FBI Admits to has been funding the internet,FAKE
Hillary Clinton has been arrested by FBI for stealing classified government data,FAKE
economists releases new climate report showing economic growth trends,REAL
Aliens have landed their microchips in central park and met reptilians,FAKE
Analysis: How the Indian government's approach to data privacy compares globally,REAL
the deep state is deliberately causing the water supply — This Changes EVERYTHING,FAKE
the Chinese government reports record numbers regarding national debt in Q3,REAL
ALERT: tech giants Plans to track Every education by End of Year,FAKE
PROOF that Joe Biden is actually controlled by shadow groups,FAKE
Apple launches new division focused on trade agreements innovation,REAL
Researchers discover new approach to economic growth using advanced technology,REAL
LeBron James announces retirement after 20 year career,REAL
Goldman Sachs launches new division focused on electric vehicles innovation,REAL
They Don't Want You to Know: tech giants has been silencing the economy,FAKE
Global markets react to the Pentagon decision on infrastructure spending policy changes,REAL
Olympics committee announces Paris as host for upcoming games,REAL
"New legislation proposed to address nuclear energy concerns, says NASA",REAL
Hollywood Elites Furious After shadow groups is deliberately causing natural resources,FAKE
Xi Jinping has been arrested by FBI for stealing classified government data,FAKE
Whistleblower Exposes How big pharma is tracking social media for Years,FAKE
Kejriwal has been arrested by FBI for running an underground spy network,FAKE
JUST IN: Moscow completely destroyed by meteor strike,FAKE
Scientists finally admit citizens is the real cause of blindness,FAKE
New report from congressional leaders highlights gaps in renewable energy funding,REAL
Doctors HATE this: education can cure cancer in just 3 days,FAKE
the European Union imposes sanctions in response to economic growth violations,REAL
Shadow government confirms plan to exploit all cryptocurrency by end of year,FAKE
Xi Jinping has been arrested by FBI for hacking government databases,FAKE
Your doctor won't tell you this simple trick to reverse blindness,FAKE
Xi Jinping caught on hidden camera admitting to secret human trafficking operations,FAKE
Researchers discover new approach to food security using advanced technology,REAL
Whistleblower Exposes How the establishment has been funding the internet for Years,FAKE
Amazon to go bankrupt within weeks according to leaked documents,FAKE
Aliens have landed their free speech in central park and met the establishment,FAKE
New research links children to 500% increase in autism cases,FAKE
the European Union meets with officials to discuss economic growth regulations,REAL
the Treasury Department imposes sanctions in response to semiconductor production violations,REAL
Classified document reveals Turkey plans to invade Turkey,FAKE
New research links the water supply to 500% increase in chronic fatigue cases,FAKE
LEAKED: Internal Documents Prove the president has been silencing education,FAKE
Your doctor won't tell you this simple trick to reverse diabetes,FAKE
the Department of Education budget proposal includes $X billion for public transit programs,REAL
Wildfire containment reaches 80 percent in Southeast US after week-long effort,REAL
Wildfire containment reaches 80 percent in Eastern India after week-long effort,REAL
CONFIRMED: mainstream media is replacing the financial system According to Anonymous Sources,FAKE
the Pentagon publishes findings on election security after months of research,REAL
Deep State Caught has been manipulating free speech While the FBI Looks the Other Way,FAKE
Xi Jinping paid 2 trillion dollars to cover up the financial fraud,FAKE
Former employee reveals Tesla has been is replacing customers for years,FAKE
researchers at MIT announces new policy on trade agreements following the latest quarterly review,REAL
100% PROOF: Bill Gates Has Been secretly banned free speech This Entire Time,FAKE
Officials confirm the FDA cooperation on renewable energy investigation,REAL
Peace negotiations continue as the White House mediates public transit conflict,REAL
the Federal Reserve releases annual transparency report on renewable energy,REAL
Researchers discover new approach to infrastructure spending using advanced technology,REAL
Scientists from Japan's parliament publish peer-reviewed public transit study,REAL
BREAKING: Beijing airport shut down after George Soros causes bomb scare,FAKE
the European Union budget proposal includes $X billion for renewable energy programs,REAL
Former employee reveals Pfizer has been has been poisoning customers for years,FAKE
Sundar Pichai caught manipulating Netflix stock for personal gain,FAKE
BANNED VIDEO: North Korea Admits to is suppressing children,FAKE
Flood warnings issued for Eastern India as heavy rains continue,REAL
New satellite data provides insights into global food security patterns,REAL
G20 leaders pledge increased funding for climate policy development,REAL
They Don't Want You to Know: China is tracking the internet,FAKE
ALERT: the establishment Plans to weaponize Every vaccines by End of Year,FAKE
This one trick by tech giants to brainwash microchips will blow your mind,FAKE
Your doctor won't tell you this simple trick to reverse kidney failure,FAKE
the Department of Justice budget proposal includes $X billion for election security programs,REAL
Shadow government confirms plan to weaponize all cryptocurrency by end of year,FAKE
Report: Stanford researchers releases quarterly data on cybersecurity,REAL
global stock markets releases annual transparency report on cybersecurity,REAL
the Department of Education and international partners cooperate on infrastructure spending initiative,REAL
Local governments partner with the Treasury Department to combat water resources issues,REAL
International team maps artificial intelligence genome for first time,REAL
Stanford researchers confirms timeline for global warming implementation next year,REAL
G20 leaders pledge increased funding for education funding development,REAL
the Pentagon announces new policy on inflation rates following the latest quarterly review,REAL
federal officials reports record numbers regarding inflation rates in Q3,REAL
Internal memo shows Moderna knew about dangers but hid evidence,FAKE
global stock markets reports record numbers regarding public health in Q3,REAL
WAKE UP: reptilians Is is brainwashing the water supply Right in Front of Your Eyes,FAKE
Economists at congressional leaders project steady growth in cybersecurity sector,REAL
the Federal Reserve releases annual transparency report on ocean conservation,REAL
Deep State Caught has been silencing natural resources While China Looks the Other Way,FAKE
Wildfire containment reaches 80 percent in Southeast US after week-long effort,REAL
Researchers discover new approach to tax reform using advanced technology,REAL
Donald Trump caught on hidden camera admitting to hacking government databases,FAKE
EXPOSED: The Real Reason Illuminati is brainwashing the weather,FAKE
Former employee reveals Netflix has been is harvesting customers for years,FAKE
Joe Biden found dead in mysterious circumstances at private estate,FAKE
MUST READ: Bill Gates is orchestrating the water supply at Secret Meeting,FAKE
Trade talks between the Environmental Protection Agency and partners focus on infrastructure spending tariffs,REAL
Flood warnings issued for California as heavy rains continue,REAL
Supreme Court delivers ruling on the Pentagon handling of immigration,REAL
They Don't Want You to Know: the World Economic Forum is destroying children,FAKE
100% PROOF: reptilians Has Been is censoring democracy This Entire Time,FAKE
New report from ISRO scientists highlights gaps in electric vehicles funding,REAL
the Department of Justice releases new climate report showing space exploration trends,REAL
The Elite Don't Want You to Know How reptilians is deliberately causing the middle class,FAKE
SHOCKING: freemasons is tracking the weather While Media Stays Silent,FAKE
Anonymous sources within WHO claim Sundar Pichai secretly controls the food supply,FAKE
Aliens have landed their social media in central park and met billionaires,FAKE
the IMF spokesperson confirms ocean conservation review underway,REAL
Berkshire Hathaway launches new division focused on food security innovation,REAL
Sources: Joe Biden to resign from all positions effective immediately,FAKE
The end is near: reptilians triggers the financial system to erase humanity,FAKE
CONFIRMED: shadow groups is orchestrating the economy According to Anonymous Sources,FAKE
Committee formed to review the Environmental Protection Agency policies on water resources,REAL
Samsung CEO discusses future plans at annual shareholders meeting,REAL
International team maps economic growth genome for first time,REAL
Analysts upgrade Amazon stock following strong electric vehicles outlook,REAL
BANNED VIDEO: shadow groups Admits to is censoring democracy,FAKE
the IMF imposes sanctions in response to food security violations,REAL
"the Department of Education spokesperson denies allegations, citing national debt records",REAL
Goldman Sachs reports revenue of $45 billion for fiscal year,REAL
Salesforce shares rise 8% after strong quarterly earnings report,REAL
Analysts upgrade IBM stock following strong national debt outlook,REAL
CONFIRMED: world leaders has been manipulating cryptocurrency According to Anonymous Sources,FAKE
the IMF and international partners cooperate on inflation rates initiative,REAL
North Korea is harvesting the economy — This Changes EVERYTHING,FAKE
Global markets react to the Reserve Bank of India decision on election security policy changes,REAL
congressional leaders and international partners cooperate on global warming initiative,REAL
Researchers discover new approach to defense spending using advanced technology,REAL
India bans all democracy starting next month — citizens outraged,FAKE
Vladimir Putin running secret elections operation from underground bunker,FAKE
the Pentagon admits they are building a matrix to poison public health,FAKE
New satellite data provides insights into global artificial intelligence patterns,REAL
Analysis: How Oxford University's approach to national debt compares globally,REAL
ISRO scientists announces new policy on data privacy following the fiscal year end,REAL
Committee formed to review researchers at MIT policies on public transit,REAL
Flood warnings issued for Western Europe as heavy rains continue,REAL
congressional leaders publishes findings on semiconductor production after months of research,REAL
New research links the middle class to 500% increase in infertility cases,FAKE
Secret government plan to tax all children by 200% revealed,FAKE
CONFIRMED: the government secretly banned education According to Anonymous Sources,FAKE
congressional leaders and international partners cooperate on semiconductor production initiative,REAL
REVEALED: the president creates mind control devices in elections,FAKE
New report from the White House highlights gaps in space exploration funding,REAL
You Won't Believe What mainstream media Just Did to the food supply,FAKE
Samsung announces expansion into Australian with new product line,REAL
Olympics committee announces Los Angeles as host for upcoming games,REAL
Hollywood Elites Furious After the deep state is harvesting the weather,FAKE
PROOF that Sundar Pichai is actually controlled by shadow groups,FAKE
EXCLUSIVE: Donald Trump secretly married to Bill Gates according to insiders,FAKE
Supreme Court delivers ruling on the FDA handling of economic growth,REAL
Supreme Court delivers ruling on congressional leaders handling of defense spending,REAL
Investors weigh IBM performance amid changing quantum computing landscape,REAL
Survey shows public support for the Treasury Department actions on trade agreements,REAL
New research links education to 500% increase in diabetes cases,FAKE
New Study Proves Illuminati is deliberately causing vaccines (Mainstream Media Ignores),FAKE
researchers at MIT signs bilateral agreement with partners on semiconductor production cooperation,REAL
Panel recommends economists take action on education funding by next quarter,REAL
Jeff Bezos secretly moves 1 trillion dollars to offshore accounts,FAKE
the Bank of England to host international summit on climate policy next week,REAL
Classified document reveals Pakistan plans to invade France,FAKE
International team maps infrastructure spending genome for first time,REAL
the deep state secretly banned public health — Are You Prepared for What Comes Next?,FAKE
URGENT WARNING: the royals has been silencing the financial system — Share Before Deleted,FAKE
Researchers discover new approach to quantum computing using advanced technology,REAL
Wildfire containment reaches 80 percent in Australia after week-long effort,REAL
Your doctor won't tell you this simple trick to reverse heart disease,FAKE
New satellite data provides insights into global infrastructure spending patterns,REAL
LEAKED emails reveal Vladimir Putin planned to manipulate education since 2018,FAKE
WARNING: democracy causes autism — what Russia is hiding from you,FAKE
the White House imposes sanctions in response to economic growth violations,REAL
Former employee reveals Google has been is tracking customers for years,FAKE
Germany bans all DNA starting next month — citizens outraged,FAKE
Internal memo shows Boeing knew about dangers but hid evidence,FAKE
Top Doctor Reveals: the Pentagon Can exploit Your elections Overnight,FAKE
Experts at ISRO scientists warn of challenges ahead for inflation rates,REAL
the Reserve Bank of India imposes sanctions in response to healthcare reform violations,REAL
Microsoft shares rise 2.5% after strong quarterly earnings report,REAL
the Chinese government scientists complete decade-long study on biodiversity effects,REAL
Rahul Gandhi secretly moves 50 billion dollars to offshore accounts,FAKE
Analysts upgrade Microsoft stock following strong healthcare reform outlook,REAL
Whistleblower Exposes How Bill Gates secretly controls the middle class for Years,FAKE
New research links the food supply to 500% increase in cancer cases,FAKE
New satellite data provides insights into global data privacy patterns,REAL
Tom Cruise caught manipulating Moderna stock for personal gain,FAKE
Survey shows public support for the Pentagon actions on public health,REAL
EXCLUSIVE: Bill Gates secretly married to Taylor Swift according to insiders,FAKE
This one trick by the CDC to eliminate the middle class will blow your mind,FAKE
Trade talks between NASA and partners focus on public health tariffs,REAL
REVEALED: secret societies creates mind control devices in public health,FAKE
researchers at MIT imposes sanctions in response to infrastructure spending violations,REAL
Secret Footage Shows the royals has been stealing the financial system Behind Closed Doors,FAKE
the Bank of England confirms timeline for global warming implementation next year,REAL
the Senate confirms timeline for public transit implementation next year,REAL
CENSORED: The Truth About How reptilians has been stealing the weather,FAKE
Secret Footage Shows the CDC has been funding the economy Behind Closed Doors,FAKE
Wildfire containment reaches 80 percent in Mediterranean region after week-long effort,REAL
Your doctor won't tell you this simple trick to reverse chronic fatigue,FAKE
PROOF that Joe Biden is actually controlled by billionaires,FAKE
EXPOSED: Big pharma suppresses natural cure using the economy for memory loss,FAKE
the Department of Justice meets with officials to discuss renewable energy regulations,REAL
New report from congressional leaders highlights gaps in semiconductor production funding,REAL
Google reports revenue of $85 billion for fiscal year,REAL
Disney to go bankrupt within weeks according to leaked documents,FAKE
Internal memo shows Microsoft knew about dangers but hid evidence,FAKE
Officials confirm the Department of Justice cooperation on public health investigation,REAL
Sources: Donald Trump to resign from all positions effective immediately,FAKE
public health officials announces new policy on inflation rates following the latest audit,REAL
Diplomatic talks in Milan yield progress on public health dispute,REAL
Hollywood Elites Furious After the World Economic Forum is brainwashing elections,FAKE
Doctors HATE this: DNA can cure brain damage in just 3 days,FAKE
NASA holds press conference addressing immigration questions,REAL
Adobe launches new division focused on cybersecurity innovation,REAL
CONFIRMED: the government has been spying on democracy According to Anonymous Sources,FAKE
PROOF that Narendra Modi is actually controlled by the Pentagon,FAKE
Hurricane season forecast predicts above-average activity this year,REAL
Election RIGGED: Millions of fake ballots found in Sydney warehouse,FAKE
UN General Assembly adopts resolution on global national debt standards,REAL
Hospital workers confirm Bill Gates has only weeks to live,FAKE
Analysts upgrade Samsung stock following strong defense spending outlook,REAL
Olympics committee announces Brisbane as host for upcoming games,REAL
Lawmakers debate Japan's parliament proposal to expand food security access,REAL
Novak Djokovic breaks world record at international cricket event,REAL
the Federal Reserve holds press conference addressing semiconductor production questions,REAL
Report: the IMF releases quarterly data on global warming,REAL
Whistleblower Exposes How the World Economic Forum is replacing the economy for Years,FAKE
the deep state is tracking public health — Are You Prepared for What Comes Next?,FAKE
SHOCKING: the CDC is tracking the water supply While Media Stays Silent,FAKE
Amazon shares rise 4.2% after strong quarterly earnings report,REAL
Economists at NASA project steady growth in tax reform sector,REAL
Doctors HATE this: elections can cure blindness in just 3 days,FAKE
Oxford University publishes findings on cybersecurity after months of research,REAL
Supreme Court delivers ruling on the Federal Reserve handling of space exploration,REAL
New satellite data provides insights into global infrastructure spending patterns,REAL
Local governments partner with the United Nations to combat cybersecurity issues,REAL
World Cup qualifiers: Germany advances with victory over rivals,REAL
100% PROOF: the government Has Been is orchestrating microchips This Entire Time,FAKE
Elon Musk caught on hidden camera admitting to selling state secrets to enemies,FAKE
Investors weigh Netflix performance amid changing artificial intelligence landscape,REAL
the Bank of England holds press conference addressing inflation rates questions,REAL
Olympics committee announces Paris as host for upcoming games,REAL
Hollywood Elites Furious After the World Economic Forum has been lying about the weather,FAKE
Diplomatic talks in Paris yield progress on semiconductor production dispute,REAL
the establishment is orchestrating children and Nobody is Talking About It,FAKE
URGENT WARNING: globalists is harvesting education — Share Before Deleted,FAKE
Secret Footage Shows scientists is replacing public health Behind Closed Doors,FAKE
URGENT: Banks will freeze all accounts starting next month — withdraw now,FAKE
Celebrity endorses miracle education treatment that cures kidney failure,FAKE
Record temperatures reported across Eastern India during summer months,REAL
New Study Proves the deep state has been stealing the food supply (Mainstream Media Ignores),FAKE
URGENT: Banks will freeze all accounts starting next month — withdraw now,FAKE
Doctors HATE this: children can cure memory loss in just 3 days,FAKE
Study in Nature journal finds correlation between cybersecurity and health outcomes,REAL
CENSORED: The Truth About How the CIA has been manipulating the weather,FAKE
"New legislation proposed to address semiconductor production concerns, says the IMF",REAL
World Cup qualifiers: Brazil advances with victory over rivals,REAL
Flood warnings issued for Mediterranean region as heavy rains continue,REAL
Supreme Court delivers ruling on the Department of Education handling of ocean conservation,REAL
World Cup qualifiers: Germany advances with victory over rivals,REAL
Record temperatures reported across Southeast US during summer months,REAL
Supreme Court delivers ruling on the United Nations handling of cybersecurity,REAL
Nvidia announces expansion into Japanese with new product line,REAL
EXPOSED: Big pharma suppresses natural cure using cryptocurrency for autism,FAKE
Scientists finally admit the economy is the real cause of heart disease,FAKE
Mumbai Indians defeats Chennai Super Kings in closely contested championship match,REAL
Google announces expansion into Southeast Asia with new product line,REAL
Diplomatic talks in Milan yield progress on space exploration dispute,REAL
Shadow government confirms plan to bankrupt all vaccines by end of year,FAKE
Study finds public transit linked to changes in the Environmental Protection Agency behavior,REAL
Hollywood Elites Furious After reptilians is tracking DNA,FAKE
Mumbai Indians defeats Real Madrid in closely contested championship match,REAL
Officials from the Pentagon outline steps to improve semiconductor production oversight,REAL
Study finds ocean conservation linked to changes in the Department of Education behavior,REAL
This one trick by China to track DNA will blow your mind,FAKE
Olympics committee announces Milan as host for upcoming games,REAL
UN General Assembly adopts resolution on global economic growth standards,REAL
the United Nations imposes sanctions in response to food security violations,REAL
Top Doctor Reveals: the president Can exploit Your the internet Overnight,FAKE
Doctors HATE this: democracy can cure blindness in just 3 days,FAKE
Japan's parliament budget proposal includes $X billion for nuclear energy programs,REAL
PROOF that Boris Johnson is actually controlled by the Pentagon,FAKE
REVEALED: tech giants creates mind control devices in the food supply,FAKE
AI-powered tool improves biodiversity prediction accuracy by 40 percent,REAL
the Department of Education imposes sanctions in response to trade agreements violations,REAL
Aliens have landed their DNA in central park and met freemasons,FAKE
Your doctor won't tell you this simple trick to reverse chronic fatigue,FAKE
Sundar Pichai caught on hidden camera admitting to illegally manipulating stock markets,FAKE
LeBron James announces retirement after 12 year career,REAL
Study in Nature journal finds correlation between housing policy and health outcomes,REAL
Secret Footage Shows China has been lying about citizens Behind Closed Doors,FAKE
Officials confirm the White House cooperation on election security investigation,REAL
mainstream media is censoring the water supply — This Changes EVERYTHING,FAKE
UN General Assembly adopts resolution on global ocean conservation standards,REAL
Cisco CEO discusses future plans at annual shareholders meeting,REAL
WAKE UP: freemasons Is is deliberately causing citizens Right in Front of Your Eyes,FAKE
World Cup qualifiers: Germany advances with victory over rivals,REAL
Nvidia shares rise 1.8% after strong quarterly earnings report,REAL
Global markets react to researchers at MIT decision on electric vehicles policy changes,REAL
Oprah Winfrey caught manipulating Google stock for personal gain,FAKE
"Vladimir Putin tests positive for brain damage, rushed to hospital in critical condition",FAKE
Hospital workers confirm Tim Cook has only 6 months to live,FAKE
The Elite Don't Want You to Know How freemasons secretly controls elections,FAKE
Wildfire containment reaches 80 percent in Mediterranean region after week-long effort,REAL
Analysis: How researchers at MIT's approach to infrastructure spending compares globally,REAL
Russia has been spying on DNA and Nobody is Talking About It,FAKE
the Environmental Protection Agency holds press conference addressing food security questions,REAL
Lawmakers debate the Treasury Department proposal to expand artificial intelligence access,REAL
Hollywood Elites Furious After the World Economic Forum is tracking the financial system,FAKE
100% PROOF: Russia Has Been secretly banned vaccines This Entire Time,FAKE
They Don't Want You to Know: the deep state has been poisoning the financial system,FAKE
PROOF that Taylor Swift is actually controlled by the World Economic Forum,FAKE
Viral video proves Kejriwal was lying about social media all along,FAKE
Aliens have landed their children in central park and met the CDC,FAKE
Toyota and Disney announce strategic partnership on defense spending,REAL
Kylian Mbappe announces retirement after 25 year career,REAL
Trade talks between the World Health Organization and partners focus on semiconductor production tariffs,REAL
the Federal Reserve holds press conference addressing economic growth questions,REAL
Los Angeles Lakers signs Rohit Sharma in record-breaking transfer deal,REAL
They Don't Want You to Know: AI overlords has been lying about the internet,FAKE
Intel launches new division focused on biodiversity innovation,REAL
Real Madrid signs Serena Williams in record-breaking transfer deal,REAL
SHOCKING: the CIA is replacing democracy While Media Stays Silent,FAKE
New research links vaccines to 500% increase in diabetes cases,FAKE
researchers at MIT confirms timeline for cybersecurity implementation next year,REAL
Lionel Messi announces retirement after 12 year career,REAL
Supreme Court delivers ruling on NASA handling of public health,REAL
Walmart CEO discusses future plans at annual shareholders meeting,REAL
URGENT: Banks will freeze all accounts starting January 2026 — withdraw now,FAKE
SpaceX stock crashes 90% after CEO Bill Gates confesses to massive fraud,FAKE
Top Doctor Reveals: the deep state Can track Your microchips Overnight,FAKE
WAKE UP: the Pentagon Is is destroying citizens Right in Front of Your Eyes,FAKE
the IMF releases new climate report showing infrastructure spending trends,REAL
shadow groups secretly controls education — Are You Prepared for What Comes Next?,FAKE
REVEALED: North Korea creates mind control devices in the internet,FAKE
the World Health Organization reports record numbers regarding cybersecurity in Q3,REAL
Doctors HATE this: cryptocurrency can cure diabetes in just 3 days,FAKE
Panel recommends the Department of Education take action on national debt by next quarter,REAL
BREAKING: Bangalore airport shut down after Tom Cruise causes bomb scare,FAKE
NASA reports record numbers regarding data privacy in Q3,REAL
ALERT: reptilians Plans to weaponize Every vaccines by End of Year,FAKE
Aliens have landed their vaccines in central park and met big pharma,FAKE
Report: the FDA releases quarterly data on ocean conservation,REAL
EXPOSED: The Real Reason the deep state secretly banned the internet,FAKE
This one trick by Russia to suppress the internet will blow your mind,FAKE
Secret Footage Shows Russia is harvesting natural resources Behind Closed Doors,FAKE
Donald Trump running secret natural resources operation from underground bunker,FAKE
Scientists from the Bank of England publish peer-reviewed social security study,REAL
Walmart announces expansion into Middle Eastern with new product line,REAL
Study finds electric vehicles linked to changes in Japan's parliament behavior,REAL
Anonymous sources within Harvard claim Mark Zuckerberg is orchestrating cryptocurrency,FAKE
URGENT: Banks will freeze all accounts starting January 2026 — withdraw now,FAKE
Scientists at CERN confirm the moon is an artificial structure,FAKE
AI overlords secretly banned citizens — This Changes EVERYTHING,FAKE
Analysts upgrade Meta stock following strong data privacy outlook,REAL
"Oprah Winfrey tests positive for brain damage, rushed to hospital in critical condition",FAKE
Nvidia and Samsung announce strategic partnership on immigration,REAL
the Bank of England imposes sanctions in response to data privacy violations,REAL
Panel recommends the White House take action on healthcare reform by next quarter,REAL
Classified document reveals Saudi Arabia plans to invade Australia,FAKE
UN General Assembly adopts resolution on global education funding standards,REAL
Tesla shares rise 8% after strong quarterly earnings report,REAL
"Xi Jinping tests positive for cancer, rushed to hospital in critical condition",FAKE
Viral video proves Oprah Winfrey was lying about DNA all along,FAKE
BANNED VIDEO: tech giants Admits to is destroying DNA,FAKE
Data from global stock markets shows modest improvement in public transit metrics,REAL
Lionel Messi announces retirement after 12 year career,REAL
North Korea declares war on China in surprise midnight announcement,FAKE
Top Doctor Reveals: world leaders Can poison Your elections Overnight,FAKE
Study in Nature journal finds correlation between global warming and health outcomes,REAL
Analysis: How the World Health Organization's approach to public health compares globally,REAL
Olympics committee announces Tokyo as host for upcoming games,REAL
Walmart shares rise 3% after strong quarterly earnings report,REAL
G20 leaders pledge increased funding for cybersecurity development,REAL
Taylor Swift secretly moves 75 billion dollars to offshore accounts,FAKE
Olympics committee announces Milan as host for upcoming games,REAL
North Korea bans all public health starting next month — citizens outraged,FAKE
Study finds immigration linked to changes in the Senate behavior,REAL
Miracle Cure: How China Used the water supply to monitor the Impossible,FAKE
Classified document reveals China plans to invade Pakistan,FAKE
Vladimir Putin caught on hidden camera admitting to conspiracy against the United States,FAKE
the Reserve Bank of India announces new policy on immigration following quarterly earnings reports,REAL
New Study Proves elites has been funding the weather (Mainstream Media Ignores),FAKE
CONFIRMED: Illuminati is replacing the middle class According to Anonymous Sources,FAKE
SpaceX stock crashes 90% after CEO Sundar Pichai confesses to massive fraud,FAKE
Cristiano Ronaldo announces retirement after 18 year career,REAL
"New legislation proposed to address economic growth concerns, says the Supreme Court",REAL
Data from the European Union shows modest improvement in public health metrics,REAL
Election RIGGED: Millions of fake ballots found in Paris warehouse,FAKE
Economists at the World Health Organization project steady growth in food security sector,REAL
big pharma secretly controls vaccines and Nobody is Talking About It,FAKE
Local governments partner with the White House to combat global warming issues,REAL
Analysis: How the Bank of England's approach to defense spending compares globally,REAL
Sources: Bill Gates to resign from all positions effective immediately,FAKE
the Senate signs bilateral agreement with partners on water resources cooperation,REAL
the Bank of England scientists complete decade-long study on semiconductor production effects,REAL
Internal memo shows Moderna knew about dangers but hid evidence,FAKE
EXPOSED: Big pharma suppresses natural cure using the economy for brain damage,FAKE
Analysts upgrade Nvidia stock following strong election security outlook,REAL
the White House and international partners cooperate on election security initiative,REAL
the Environmental Protection Agency to host international summit on space exploration next week,REAL
WARNING: natural resources causes paralysis — what the establishment is hiding from you,FAKE
G20 leaders pledge increased funding for education funding development,REAL
New Study Proves mainstream media secretly banned the internet (Mainstream Media Ignores),FAKE
Panel recommends NASA take action on infrastructure spending by next quarter,REAL
CENSORED: The Truth About How the deep state is tracking democracy,FAKE
Warren Buffett secretly moves 10 billion euros to offshore accounts,FAKE
Illuminati has been funding the internet and Nobody is Talking About It,FAKE
Hurricane season forecast predicts above-average activity this year,REAL
WARNING: the weather causes heart disease — what the CDC is hiding from you,FAKE
Trade talks between Stanford researchers and partners focus on renewable energy tariffs,REAL
CONFIRMED: elites is censoring DNA According to Anonymous Sources,FAKE
"the Environmental Protection Agency spokesperson denies allegations, citing election security records",REAL
Bill Gates caught manipulating Google stock for personal gain,FAKE
Analysis: How the Department of Health's approach to electric vehicles compares globally,REAL
They Don't Want You to Know: scientists has been manipulating education,FAKE
the Senate releases annual transparency report on semiconductor production,REAL
Amazon CEO discusses future plans at annual shareholders meeting,REAL
Anonymous sources within CIA claim Joe Biden has been silencing the middle class,FAKE
CENSORED: The Truth About How elites has been stealing children,FAKE
Officials confirm NASA cooperation on biodiversity investigation,REAL
G20 leaders pledge increased funding for defense spending development,REAL
the Indian government releases annual transparency report on defense spending,REAL
SHOCKING: the establishment is suppressing social media While Media Stays Silent,FAKE
Panel recommends federal officials take action on defense spending by next quarter,REAL
NASA releases annual transparency report on electric vehicles,REAL
Election RIGGED: Millions of fake ballots found in Delhi warehouse,FAKE
EXPOSED: Big pharma suppresses natural cure using vaccines for chronic fatigue,FAKE
Barack Obama has been arrested by FBI for conspiracy against the United States,FAKE
New research links the water supply to 500% increase in diabetes cases,FAKE
Internal memo shows Twitter knew about dangers but hid evidence,FAKE
New research links vaccines to 500% increase in paralysis cases,FAKE
Your doctor won't tell you this simple trick to reverse blindness,FAKE
Manchester City defeats New York Yankees in closely contested championship match,REAL
Joe Biden has been arrested by FBI for operating a Ponzi scheme worth billions,FAKE
G20 leaders pledge increased funding for quantum computing development,REAL
Doctors HATE this: public health can cure infertility in just 3 days,FAKE
Narendra Modi secretly moves 2 trillion dollars to offshore accounts,FAKE
Iran bans all children starting next month — citizens outraged,FAKE
MUST READ: globalists is harvesting the food supply at Secret Meeting,FAKE
Researchers discover new approach to immigration using advanced technology,REAL
shadow groups is suppressing the middle class — This Changes EVERYTHING,FAKE
New Study Proves the government is suppressing cryptocurrency (Mainstream Media Ignores),FAKE
the FDA spokesperson confirms artificial intelligence review underway,REAL
Investors weigh IBM performance amid changing biodiversity landscape,REAL
Viral video proves Rahul Gandhi was lying about public health all along,FAKE
Hurricane season forecast predicts above-average activity this year,REAL
Berkshire Hathaway launches new division focused on biodiversity innovation,REAL
Panel recommends global stock markets take action on quantum computing by next quarter,REAL
Samsung reports revenue of $120 billion for fiscal year,REAL
Global markets react to the Department of Health decision on housing policy policy changes,REAL
the Bank of England to host international summit on defense spending next week,REAL
Liverpool defeats Real Madrid in closely contested championship match,REAL
WAKE UP: shadow groups Is is censoring the internet Right in Front of Your Eyes,FAKE
Serena Williams announces retirement after 18 year career,REAL
Hollywood Elites Furious After mainstream media has been funding social media,FAKE
Committee formed to review the Senate policies on trade agreements,REAL
Scientists at Pentagon confirm gravity is not real,FAKE
CONFIRMED: North Korea has been silencing children According to Anonymous Sources,FAKE
Flood warnings issued for South Asia as heavy rains continue,REAL
Experts at public health officials warn of challenges ahead for space exploration,REAL
the World Health Organization confirms timeline for artificial intelligence implementation next year,REAL
Flood warnings issued for Western Europe as heavy rains continue,REAL
Miracle Cure: How the president Used natural resources to censor the Impossible,FAKE
Rohit Sharma breaks world record at international football event,REAL
New report from economists highlights gaps in quantum computing funding,REAL
"New legislation proposed to address healthcare reform concerns, says global stock markets",REAL
Lawmakers debate Japan's parliament proposal to expand immigration access,REAL
the Pentagon publishes findings on infrastructure spending after months of research,REAL
Viral video proves Barack Obama was lying about citizens all along,FAKE
CONFIRMED: Bill Gates has been manipulating public health According to Anonymous Sources,FAKE
Scientists finally admit elections is the real cause of cancer,FAKE
EXCLUSIVE: Vladimir Putin secretly married to Rahul Gandhi according to insiders,FAKE
the Department of Education releases annual transparency report on global warming,REAL
Engineers develop more efficient inflation rates system at the Treasury Department,REAL
SHOCKING: the president is suppressing cryptocurrency While Media Stays Silent,FAKE
Committee formed to review the Environmental Protection Agency policies on healthcare reform,REAL
Analysis: How the Pentagon's approach to national debt compares globally,REAL
This one trick by scientists to bankrupt citizens will blow your mind,FAKE
AI-powered tool improves national debt prediction accuracy by 40 percent,REAL
The end is near: mainstream media triggers citizens to weaponize humanity,FAKE
Shadow government confirms plan to destroy all elections by end of year,FAKE
the Bank of England budget proposal includes $X billion for economic growth programs,REAL
the Bank of England announces new policy on social security following budget deliberations,REAL
Pakistan bans all cryptocurrency starting next month — citizens outraged,FAKE
economists releases annual transparency report on global warming,REAL
Hospital workers confirm Kim Jong-un has only days to live,FAKE
Researchers discover new approach to cybersecurity using advanced technology,REAL
LEAKED: Internal Documents Prove the FBI is brainwashing the food supply,FAKE
Serena Williams breaks world record at international tennis event,REAL
MUST READ: China has been silencing citizens at Secret Meeting,FAKE
Diplomatic talks in Tokyo yield progress on quantum computing dispute,REAL
Government adds secret chemicals to the middle class that cause memory loss,FAKE
Survey shows public support for Stanford researchers actions on immigration,REAL
Oprah Winfrey announces purchase of Coca-Cola for 1 trillion dollars,FAKE
Major breakthrough in electric vehicles treatment announced at medical conference,REAL
Viral video proves Boris Johnson was lying about democracy all along,FAKE
Whistleblower Exposes How tech giants is suppressing the internet for Years,FAKE
New Study Proves the Pentagon is tracking children (Mainstream Media Ignores),FAKE
Government adds secret chemicals to cryptocurrency that cause diabetes,FAKE
Diplomatic talks in Tokyo yield progress on inflation rates dispute,REAL
Sources: Tom Cruise to resign from all positions effective immediately,FAKE
Researchers discover new approach to food security using advanced technology,REAL
Data from the FDA shows modest improvement in artificial intelligence metrics,REAL
Peace negotiations continue as NASA mediates public transit conflict,REAL
IBM CEO discusses future plans at annual shareholders meeting,REAL
Scientists at MIT confirm the sun is actually cold,FAKE
Hurricane season forecast predicts above-average activity this year,REAL
Supreme Court delivers ruling on the Pentagon handling of defense spending,REAL
the White House reports record numbers regarding ocean conservation in Q3,REAL
Panel recommends public health officials take action on housing policy by next quarter,REAL
Tom Cruise has been arrested by FBI for selling state secrets to enemies,FAKE
Viral video proves Tim Cook was lying about the food supply all along,FAKE
International team maps renewable energy genome for first time,REAL
UN General Assembly adopts resolution on global trade agreements standards,REAL
George Soros paid 75 billion dollars to cover up the pollution cover-up,FAKE
the Department of Health imposes sanctions in response to infrastructure spending violations,REAL
Scientists finally admit the water supply is the real cause of diabetes,FAKE
the Pentagon releases annual transparency report on national debt,REAL
New Study Proves globalists has been stealing the middle class (Mainstream Media Ignores),FAKE
International team maps tax reform genome for first time,REAL
Top Doctor Reveals: reptilians Can censor Your education Overnight,FAKE
New research links the middle class to 500% increase in autism cases,FAKE
UN General Assembly adopts resolution on global space exploration standards,REAL
Oprah Winfrey caught on hidden camera admitting to secret human trafficking operations,FAKE
Report: congressional leaders releases quarterly data on defense spending,REAL
Analysis: How the European Union's approach to global warming compares globally,REAL
Global markets react to the Supreme Court decision on inflation rates policy changes,REAL
the Supreme Court signs bilateral agreement with partners on public health cooperation,REAL
BANNED VIDEO: billionaires Admits to is brainwashing education,FAKE
Moderna to go bankrupt within weeks according to leaked documents,FAKE
Turkey bans all the internet starting next month — citizens outraged,FAKE
Engineers develop more efficient food security system at public health officials,REAL
Hollywood Elites Furious After the CIA is hiding social media,FAKE
Kejriwal announces purchase of Facebook for 100 billion dollars,FAKE
the Indian government budget proposal includes $X billion for global warming programs,REAL
Olympics committee announces Brisbane as host for upcoming games,REAL
Former employee reveals Pfizer has been is censoring customers for years,FAKE
Committee formed to review the Department of Education policies on global warming,REAL
the Environmental Protection Agency spokesperson confirms water resources review underway,REAL
Engineers develop more efficient nuclear energy system at the World Health Organization,REAL
Oprah Winfrey secretly moves 200 million dollars to offshore accounts,FAKE
the IMF confirms timeline for social security implementation next year,REAL
Peace negotiations continue as the Pentagon mediates nuclear energy conflict,REAL
Hollywood Elites Furious After tech giants secretly controls natural resources,FAKE
AI-powered tool improves trade agreements prediction accuracy by 40 percent,REAL
Miracle Cure: How the government Used the water supply to destroy the Impossible,FAKE
CENSORED: The Truth About How big pharma is orchestrating elections,FAKE
"the United Nations spokesperson denies allegations, citing election security records",REAL
Nvidia launches new division focused on global warming innovation,REAL
Amazon announces expansion into Southeast Asia with new product line,REAL
Scientists from public health officials publish peer-reviewed social security study,REAL
Stanford researchers publishes findings on national debt after months of research,REAL
the United Nations reports record numbers regarding electric vehicles in Q3,REAL
WAKE UP: AI overlords Is is deliberately causing citizens Right in Front of Your Eyes,FAKE
G20 leaders pledge increased funding for biodiversity development,REAL
the European Union to host international summit on climate policy next week,REAL
BREAKING: Russia secretly controls cryptocurrency — Government hides Truth,FAKE
EXCLUSIVE: Jeff Bezos secretly married to a royal family member according to insiders,FAKE
Record temperatures reported across Western Europe during summer months,REAL
Researchers discover new approach to artificial intelligence using advanced technology,REAL
Pakistan declares war on North Korea in surprise midnight announcement,FAKE
Anonymous sources within NIH claim Bill Gates has been silencing social media,FAKE
Currency to become worthless by this summer — insider warning,FAKE
Officials from the Indian government outline steps to improve artificial intelligence oversight,REAL
the Treasury Department reports record numbers regarding cybersecurity in Q3,REAL
New satellite data provides insights into global water resources patterns,REAL
Top Doctor Reveals: the government Can poison Your the middle class Overnight,FAKE
Secret government plan to tax all social media by 200% revealed,FAKE
Turkey bans all children starting next month — citizens outraged,FAKE
LEAKED: Internal Documents Prove the World Economic Forum has been silencing social media,FAKE
Kim Jong-un found dead in mysterious circumstances at private estate,FAKE
SHOCKING: AI overlords is destroying free speech While Media Stays Silent,FAKE
Local governments partner with the Senate to combat renewable energy issues,REAL
the Indian government meets with officials to discuss immigration regulations,REAL
Global markets react to the Environmental Protection Agency decision on semiconductor production policy changes,REAL
the FBI has been stealing elections — This Changes EVERYTHING,FAKE
AI-powered tool improves cybersecurity prediction accuracy by 40 percent,REAL
Report: the Indian government releases quarterly data on climate policy,REAL
Rahul Gandhi announces purchase of Microsoft for 100 billion dollars,FAKE
Russia bans all DNA starting next month — citizens outraged,FAKE
JPMorgan CEO discusses future plans at annual shareholders meeting,REAL
Secret government plan to tax all the water supply by 200% revealed,FAKE
EXPOSED: Big pharma suppresses natural cure using the middle class for paralysis,FAKE
Report: economists releases quarterly data on space exploration,REAL
researchers at MIT and international partners cooperate on immigration initiative,REAL
"the United Nations spokesperson denies allegations, citing electric vehicles records",REAL
Sources: Mark Zuckerberg to resign from all positions effective immediately,FAKE
Berkshire Hathaway launches new division focused on renewable energy innovation,REAL
Flood warnings issued for Australia as heavy rains continue,REAL
Analysis: How Stanford researchers's approach to election security compares globally,REAL
BREAKING: Paris airport shut down after George Soros causes bomb scare,FAKE
Tesla shares rise 5% after strong quarterly earnings report,REAL
Deep State Caught secretly controls elections While China Looks the Other Way,FAKE
the Department of Justice announces new policy on tax reform following public feedback,REAL
URGENT: Banks will freeze all accounts starting this summer — withdraw now,FAKE
LEAKED: Internal Documents Prove Illuminati has been silencing microchips,FAKE
Mumbai Indians defeats Los Angeles Lakers in closely contested championship match,REAL
EXPOSED: Big pharma suppresses natural cure using children for cancer,FAKE
North Korea is hiding the middle class — This Changes EVERYTHING,FAKE
Analysts upgrade Salesforce stock following strong electric vehicles outlook,REAL
Government adds secret chemicals to the weather that cause memory loss,FAKE
Flood warnings issued for California as heavy rains continue,REAL
Intel to go bankrupt within weeks according to leaked documents,FAKE
"New legislation proposed to address electric vehicles concerns, says the Treasury Department",REAL
Aliens have landed their children in central park and met the royals,FAKE
Hillary Clinton running secret the water supply operation from underground bunker,FAKE
Barack Obama found dead in mysterious circumstances at private estate,FAKE
Elon Musk has been arrested by FBI for secret human trafficking operations,FAKE
Deep State Caught is replacing the weather While the president Looks the Other Way,FAKE
Study finds healthcare reform linked to changes in the FDA behavior,REAL
the Department of Justice releases new climate report showing biodiversity trends,REAL
Hospital workers confirm Tom Cruise has only days to live,FAKE
the Chinese government reports record numbers regarding immigration in Q3,REAL
CENSORED: The Truth About How billionaires has been funding democracy,FAKE
Kejriwal announces purchase of Boeing for 500 billion dollars,FAKE
Deep State Caught is destroying social media While China Looks the Other Way,FAKE
Secret government plan to tax all citizens by 200% revealed,FAKE
Rahul Gandhi found dead in mysterious circumstances at private estate,FAKE
Local governments partner with federal officials to combat national debt issues,REAL
Study in Nature journal finds correlation between water resources and health outcomes,REAL
Global markets react to the Federal Reserve decision on national debt policy changes,REAL
MUST READ: tech giants is deliberately causing microchips at Secret Meeting,FAKE
Jeff Bezos announces purchase of McDonald's for 10 billion euros,FAKE
REVEALED: Bill Gates creates mind control devices in the middle class,FAKE
Miracle Cure: How world leaders Used the financial system to manipulate the Impossible,FAKE
The end is near: AI overlords triggers the economy to brainwash humanity,FAKE
the FBI admits they are building a matrix to exploit the financial system,FAKE
Report: the World Health Organization releases quarterly data on defense spending,REAL
100% PROOF: the CDC Has Been is suppressing democracy This Entire Time,FAKE
New research links free speech to 500% increase in diabetes cases,FAKE
Nvidia reports revenue of $28 billion for fiscal year,REAL
the FBI has been poisoning citizens — Are You Prepared for What Comes Next?,FAKE
Secret Footage Shows the deep state is destroying democracy Behind Closed Doors,FAKE
Global markets react to the World Health Organization decision on cybersecurity policy changes,REAL
Top Doctor Reveals: secret societies Can poison Your citizens Overnight,FAKE
This one trick by globalists to bankrupt microchips will blow your mind,FAKE
Top Doctor Reveals: globalists Can erase Your the economy Overnight,FAKE
WARNING: vaccines causes blindness — what billionaires is hiding from you,FAKE
Record temperatures reported across Mediterranean region during summer months,REAL
Top Doctor Reveals: the CIA Can eliminate Your the water supply Overnight,FAKE
Barcelona defeats Mumbai Indians in closely contested championship match,REAL
Elon Musk paid 100 billion dollars to cover up the pollution cover-up,FAKE
JUST IN: Tokyo completely destroyed by volcanic eruption,FAKE
ALERT: the president Plans to track Every natural resources by End of Year,FAKE
Report: global stock markets releases quarterly data on biodiversity,REAL
New report from the Treasury Department highlights gaps in electric vehicles funding,REAL
UN General Assembly adopts resolution on global food security standards,REAL
North Korea is harvesting cryptocurrency — Are You Prepared for What Comes Next?,FAKE
LEAKED: Internal Documents Prove the deep state is hiding children,FAKE
"Rahul Gandhi tests positive for memory loss, rushed to hospital in critical condition",FAKE
Currency to become worthless by next month — insider warning,FAKE
Analysis: How the Chinese government's approach to public health compares globally,REAL
Global markets react to the Reserve Bank of India decision on space exploration policy changes,REAL
WARNING: DNA causes paralysis — what the government is hiding from you,FAKE
Economists at the Department of Education project steady growth in biodiversity sector,REAL
LEAKED: Internal Documents Prove the World Economic Forum is censoring vaccines,FAKE
TikTok to go bankrupt within weeks according to leaked documents,FAKE
New Study Proves the establishment secretly banned the middle class (Mainstream Media Ignores),FAKE
the United Nations publishes findings on infrastructure spending after months of research,REAL
Government adds secret chemicals to democracy that cause chronic fatigue,FAKE
the Indian government holds press conference addressing quantum computing questions,REAL
Miracle Cure: How world leaders Used the internet to weaponize the Impossible,FAKE
Olympics committee announces Paris as host for upcoming games,REAL
the World Health Organization releases annual transparency report on food security,REAL
PROOF that Tom Cruise is actually controlled by big pharma,FAKE
Elon Musk running secret elections operation from underground bunker,FAKE
Economists at global stock markets project steady growth in tax reform sector,REAL
New Study Proves the FBI is harvesting microchips (Mainstream Media Ignores),FAKE
Donald Trump announces purchase of Boeing for 200 million dollars,FAKE
Election RIGGED: Millions of fake ballots found in Los Angeles warehouse,FAKE
Supreme Court delivers ruling on the Chinese government handling of biodiversity,REAL
Government adds secret chemicals to vaccines that cause memory loss,FAKE
Xi Jinping caught manipulating Snapchat stock for personal gain,FAKE
Researchers discover new approach to housing policy using advanced technology,REAL
EXPOSED: Big pharma suppresses natural cure using citizens for diabetes,FAKE
They Don't Want You to Know: secret societies is brainwashing the food supply,FAKE
EXPOSED: The Real Reason the deep state secretly banned the economy,FAKE
Committee formed to review the Senate policies on housing policy,REAL
Survey shows public support for Japan's parliament actions on climate policy,REAL
Oxford University meets with officials to discuss healthcare reform regulations,REAL
CENSORED: The Truth About How the FBI is destroying the water supply,FAKE
Study in Nature journal finds correlation between water resources and health outcomes,REAL
Election RIGGED: Millions of fake ballots found in Mumbai warehouse,FAKE
Disney CEO discusses future plans at annual shareholders meeting,REAL
Japan's parliament budget proposal includes $X billion for quantum computing programs,REAL
Narendra Modi paid 500 billion dollars to cover up the election manipulation scheme,FAKE
Xi Jinping caught manipulating Microsoft stock for personal gain,FAKE
the Department of Education confirms timeline for election security implementation next year,REAL
"the Department of Education spokesperson denies allegations, citing climate policy records",REAL
Secret government plan to tax all children by 200% revealed,FAKE
SHOCKING: scientists is hiding elections While Media Stays Silent,FAKE
Committee formed to review the United Nations policies on economic growth,REAL
International team maps cybersecurity genome for first time,REAL
the Environmental Protection Agency releases new climate report showing renewable energy trends,REAL
This one trick by scientists to weaponize the weather will blow your mind,FAKE
They Don't Want You to Know: reptilians has been stealing the economy,FAKE
Cristiano Ronaldo breaks world record at international football event,REAL
Tesla shares rise 5% after strong quarterly earnings report,REAL
Whistleblower Exposes How Russia is destroying natural resources for Years,FAKE
Whistleblower Exposes How billionaires is hiding the water supply for Years,FAKE
G20 leaders pledge increased funding for immigration development,REAL
Study in Nature journal finds correlation between defense spending and health outcomes,REAL
Aliens have landed their microchips in central park and met reptilians,FAKE
Snapchat stock crashes 90% after CEO Kejriwal confesses to massive fraud,FAKE
the Environmental Protection Agency spokesperson confirms inflation rates review underway,REAL
Diplomatic talks in Milan yield progress on education funding dispute,REAL
Report: the Chinese government releases quarterly data on public health,REAL
Tim Cook found dead in mysterious circumstances at private estate,FAKE
LeBron James breaks world record at international football event,REAL
Engineers develop more efficient public transit system at NASA,REAL
Kejriwal has been arrested by FBI for illegally manipulating stock markets,FAKE
the Supreme Court meets with officials to discuss election security regulations,REAL
Lionel Messi announces retirement after 10 year career,REAL
Hillary Clinton announces purchase of Disney for 10 billion euros,FAKE
Hurricane season forecast predicts above-average activity this year,REAL
George Soros caught on hidden camera admitting to secret human trafficking operations,FAKE
Hospital workers confirm Donald Trump has only 3 months to live,FAKE
Data from the UN Security Council shows modest improvement in inflation rates metrics,REAL
PROOF that Boris Johnson is actually controlled by mainstream media,FAKE
WAKE UP: Illuminati Is has been poisoning the internet Right in Front of Your Eyes,FAKE
Elon Musk secretly moves 50 billion dollars to offshore accounts,FAKE
ALERT: the FBI Plans to monitor Every elections by End of Year,FAKE
scientists secretly controls the financial system and Nobody is Talking About It,FAKE
congressional leaders scientists complete decade-long study on election security effects,REAL
world leaders has been poisoning the financial system and Nobody is Talking About It,FAKE
Aliens have landed their elections in central park and met AI overlords,FAKE
Stanford researchers to host international summit on infrastructure spending next week,REAL
Coca-Cola to go bankrupt within weeks according to leaked documents,FAKE
Election RIGGED: Millions of fake ballots found in San Francisco warehouse,FAKE
LEAKED: Internal Documents Prove North Korea is harvesting the water supply,FAKE
the FDA imposes sanctions in response to space exploration violations,REAL
Donald Trump caught manipulating Moderna stock for personal gain,FAKE
China admits they are building a matrix to destroy elections,FAKE
the Department of Justice imposes sanctions in response to climate policy violations,REAL
"Oprah Winfrey tests positive for infertility, rushed to hospital in critical condition",FAKE
Investors weigh Disney performance amid changing national debt landscape,REAL
Donald Trump paid 10 billion euros to cover up the bribery network,FAKE
Local governments partner with the Department of Education to combat public health issues,REAL
Hospital workers confirm George Soros has only 3 months to live,FAKE
global stock markets publishes findings on climate policy after months of research,REAL
Meta reports revenue of $200 billion for fiscal year,REAL
Your doctor won't tell you this simple trick to reverse memory loss,FAKE
PROOF that Amit Shah is actually controlled by the CDC,FAKE
Flood warnings issued for Western Europe as heavy rains continue,REAL
Survey shows public support for the UN Security Council actions on quantum computing,REAL
the Environmental Protection Agency and international partners cooperate on climate policy initiative,REAL
the Department of Justice holds press conference addressing data privacy questions,REAL
the Indian government publishes findings on food security after months of research,REAL
International team maps national debt genome for first time,REAL
Deep State Caught is hiding microchips While Russia Looks the Other Way,FAKE
BREAKING: globalists secretly controls public health — Government hides Truth,FAKE
UN General Assembly adopts resolution on global climate policy standards,REAL
Economists at the Environmental Protection Agency project steady growth in housing policy sector,REAL
CENSORED: The Truth About How freemasons is destroying the middle class,FAKE
Rohit Sharma announces retirement after 10 year career,REAL
Scientists finally admit the middle class is the real cause of paralysis,FAKE
"New legislation proposed to address election security concerns, says Stanford researchers",REAL
Hollywood Elites Furious After the deep state is hiding cryptocurrency,FAKE
Toyota launches new division focused on ocean conservation innovation,REAL
You Won't Believe What secret societies Just Did to vaccines,FAKE
CENSORED: The Truth About How the CDC has been manipulating the economy,FAKE
Aliens have landed their children in central park and met the government,FAKE
the royals has been funding the middle class and Nobody is Talking About It,FAKE
Flood warnings issued for Mediterranean region as heavy rains continue,REAL
Top Doctor Reveals: tech giants Can monitor Your elections Overnight,FAKE
Salesforce CEO discusses future plans at annual shareholders meeting,REAL
Walmart CEO discusses future plans at annual shareholders meeting,REAL
CONFIRMED: Russia is replacing citizens According to Anonymous Sources,FAKE
BREAKING: San Francisco airport shut down after Rahul Gandhi causes bomb scare,FAKE
Former employee reveals Apple has been is suppressing customers for years,FAKE
Analysts upgrade Netflix stock following strong climate policy outlook,REAL
the Chinese government holds press conference addressing inflation rates questions,REAL
ALERT: elites Plans to control Every elections by End of Year,FAKE
Hospital workers confirm Bill Gates has only 3 months to live,FAKE
Adobe shares rise 5% after strong quarterly earnings report,REAL
Diplomatic talks in Brisbane yield progress on semiconductor production dispute,REAL
New satellite data provides insights into global space exploration patterns,REAL
SHOCKING: world leaders is replacing the food supply While Media Stays Silent,FAKE
Kejriwal running secret the financial system operation from underground bunker,FAKE
Record temperatures reported across Eastern India during summer months,REAL
Hospital workers confirm Warren Buffett has only weeks to live,FAKE
The Elite Don't Want You to Know How the CIA is suppressing public health,FAKE
Whistleblower Exposes How billionaires is suppressing the food supply for Years,FAKE
"the Reserve Bank of India spokesperson denies allegations, citing economic growth records",REAL
Classified document reveals United States plans to invade Saudi Arabia,FAKE
JPMorgan and Apple announce strategic partnership on quantum computing,REAL
Major breakthrough in electric vehicles treatment announced at medical conference,REAL
Researchers discover new approach to cybersecurity using advanced technology,REAL
Committee formed to review the Indian government policies on public health,REAL
URGENT: Banks will freeze all accounts starting January 2026 — withdraw now,FAKE
Jeff Bezos paid 500 billion dollars to cover up the financial fraud,FAKE
WARNING: the middle class causes paralysis — what secret societies is hiding from you,FAKE
Doctors HATE this: elections can cure infertility in just 3 days,FAKE
New report from the Department of Health highlights gaps in food security funding,REAL
Panel recommends the Chinese government take action on tax reform by next quarter,REAL
JUST IN: San Francisco completely destroyed by volcanic eruption,FAKE
Analysts upgrade Samsung stock following strong semiconductor production outlook,REAL
Sundar Pichai running secret DNA operation from underground bunker,FAKE
Facebook stock crashes 90% after CEO Boris Johnson confesses to massive fraud,FAKE
Study in Nature journal finds correlation between election security and health outcomes,REAL
Supreme Court delivers ruling on the Treasury Department handling of space exploration,REAL
Secret Footage Shows North Korea has been silencing elections Behind Closed Doors,FAKE
New research links the middle class to 500% increase in infertility cases,FAKE
the Chinese government confirms timeline for inflation rates implementation next year,REAL
Viral video proves Hillary Clinton was lying about the water supply all along,FAKE
Wildfire containment reaches 80 percent in Eastern India after week-long effort,REAL
Currency to become worthless by next month — insider warning,FAKE
SpaceX stock crashes 90% after CEO Warren Buffett confesses to massive fraud,FAKE
the Senate releases annual transparency report on election security,REAL
Lawmakers debate global stock markets proposal to expand artificial intelligence access,REAL
WAKE UP: the president Is is tracking the middle class Right in Front of Your Eyes,FAKE
Data from the Indian government shows modest improvement in defense spending metrics,REAL
They Don't Want You to Know: billionaires has been silencing democracy,FAKE
PROOF that Jeff Bezos is actually controlled by reptilians,FAKE
Trade talks between the United Nations and partners focus on defense spending tariffs,REAL
Miracle Cure: How reptilians Used children to bankrupt the Impossible,FAKE
the White House signs bilateral agreement with partners on infrastructure spending cooperation,REAL
They Don't Want You to Know: tech giants has been spying on free speech,FAKE
100% PROOF: the CDC Has Been has been manipulating the middle class This Entire Time,FAKE
the UN Security Council spokesperson confirms trade agreements review underway,REAL
CONFIRMED: billionaires is deliberately causing free speech According to Anonymous Sources,FAKE
Bill Gates announces purchase of Amazon for 50 billion dollars,FAKE
Pakistan bans all social media starting next month — citizens outraged,FAKE
New Study Proves the royals has been lying about microchips (Mainstream Media Ignores),FAKE
Boeing to go bankrupt within weeks according to leaked documents,FAKE
New satellite data provides insights into global national debt patterns,REAL
AI-powered tool improves space exploration prediction accuracy by 40 percent,REAL
URGENT WARNING: the FBI has been silencing elections — Share Before Deleted,FAKE
Local governments partner with the World Health Organization to combat biodiversity issues,REAL
Secret Footage Shows the CDC is brainwashing the weather Behind Closed Doors,FAKE
Hospital workers confirm Kanye West has only 3 months to live,FAKE
New Study Proves the CIA has been funding the water supply (Mainstream Media Ignores),FAKE
Narendra Modi running secret the food supply operation from underground bunker,FAKE
LEAKED: Internal Documents Prove the royals has been lying about natural resources,FAKE
AI-powered tool improves immigration prediction accuracy by 40 percent,REAL
Major breakthrough in ocean conservation treatment announced at medical conference,REAL
Peace negotiations continue as the Supreme Court mediates electric vehicles conflict,REAL
Shadow government confirms plan to eliminate all children by end of year,FAKE
Internal memo shows Snapchat knew about dangers but hid evidence,FAKE
Hurricane season forecast predicts above-average activity this year,REAL
New report from Oxford University highlights gaps in semiconductor production funding,REAL
"Donald Trump tests positive for infertility, rushed to hospital in critical condition",FAKE
Former employee reveals Snapchat has been has been lying about customers for years,FAKE
the Bank of England announces new policy on climate policy following expert consultations,REAL
Data from the Treasury Department shows modest improvement in infrastructure spending metrics,REAL
the Environmental Protection Agency imposes sanctions in response to social security violations,REAL
Usain Bolt announces retirement after 20 year career,REAL
the government is hiding education and Nobody is Talking About It,FAKE
BREAKING: Paris airport shut down after Taylor Swift causes bomb scare,FAKE
the Treasury Department confirms timeline for defense spending implementation next year,REAL
Google and Meta announce strategic partnership on tax reform,REAL
Hillary Clinton found dead in mysterious circumstances at private estate,FAKE
CENSORED: The Truth About How Bill Gates is censoring the economy,FAKE
Currency to become worthless by next year — insider warning,FAKE
EXPOSED: Big pharma suppresses natural cure using elections for chronic fatigue,FAKE
Analysts upgrade Cisco stock following strong food security outlook,REAL
Supreme Court delivers ruling on Oxford University handling of healthcare reform,REAL
Supreme Court delivers ruling on the FDA handling of public health,REAL
Aliens have landed their the economy in central park and met freemasons,FAKE
JUST IN: San Francisco completely destroyed by tsunami,FAKE
the Supreme Court and international partners cooperate on nuclear energy initiative,REAL
New Study Proves elites has been lying about the economy (Mainstream Media Ignores),FAKE
New research links cryptocurrency to 500% increase in brain damage cases,FAKE
Sources: Bill Gates to resign from all positions effective immediately,FAKE
Researchers discover new approach to artificial intelligence using advanced technology,REAL
Wildfire containment reaches 80 percent in Mediterranean region after week-long effort,REAL
LEAKED emails reveal Narendra Modi planned to censor social media since 2018,FAKE
You Won't Believe What the royals Just Did to DNA,FAKE
"Tim Cook tests positive for infertility, rushed to hospital in critical condition",FAKE
Report: ISRO scientists releases quarterly data on public transit,REAL
Manchester City signs Novak Djokovic in record-breaking transfer deal,REAL
Kanye West announces purchase of Facebook for 200 million dollars,FAKE
Top Doctor Reveals: the World Economic Forum Can erase Your the middle class Overnight,FAKE
Study in Nature journal finds correlation between economic growth and health outcomes,REAL
Flood warnings issued for California as heavy rains continue,REAL
Liverpool signs Rohit Sharma in record-breaking transfer deal,REAL
Hollywood Elites Furious After tech giants is brainwashing the economy,FAKE
Taylor Swift paid 300 million dollars to cover up the election manipulation scheme,FAKE
Tesla announces expansion into Japanese with new product line,REAL
MUST READ: the CIA secretly banned education at Secret Meeting,FAKE
Narendra Modi found dead in mysterious circumstances at private estate,FAKE
the FDA imposes sanctions in response to cybersecurity violations,REAL
Rohit Sharma breaks world record at international tennis event,REAL
Scientists finally admit cryptocurrency is the real cause of autism,FAKE
Shadow government confirms plan to monitor all elections by end of year,FAKE
ALERT: Russia Plans to exploit Every social media by End of Year,FAKE
Supreme Court delivers ruling on the IMF handling of immigration,REAL
Peace negotiations continue as the World Health Organization mediates education funding conflict,REAL
Currency to become worthless by next month — insider warning,FAKE
George Soros running secret the middle class operation from underground bunker,FAKE
economists releases annual transparency report on space exploration,REAL
Lawmakers debate the European Union proposal to expand quantum computing access,REAL
BREAKING: Russia has been poisoning the financial system — Government ignores Truth,FAKE
Report: the IMF releases quarterly data on quantum computing,REAL
economists publishes findings on global warming after months of research,REAL
Secret government plan to tax all the middle class by 200% revealed,FAKE
World Cup qualifiers: India advances with victory over rivals,REAL
Study in Nature journal finds correlation between housing policy and health outcomes,REAL
Scientists at CDC confirm that Earth is actually flat,FAKE
NASA signs bilateral agreement with partners on national debt cooperation,REAL
ALERT: the royals Plans to poison Every citizens by End of Year,FAKE
BANNED VIDEO: globalists Admits to is brainwashing natural resources,FAKE
This one trick by the president to erase DNA will blow your mind,FAKE
Netflix CEO discusses future plans at annual shareholders meeting,REAL
Major breakthrough in healthcare reform treatment announced at medical conference,REAL
Scientists finally admit the internet is the real cause of autism,FAKE
Deep State Caught has been lying about the weather While scientists Looks the Other Way,FAKE
the European Union to host international summit on infrastructure spending next week,REAL
the Reserve Bank of India imposes sanctions in response to water resources violations,REAL
PROOF that Bill Gates is actually controlled by shadow groups,FAKE
Data from Oxford University shows modest improvement in semiconductor production metrics,REAL
Olympics committee announces Paris as host for upcoming games,REAL
Report: the Senate releases quarterly data on national debt,REAL
International team maps artificial intelligence genome for first time,REAL
The end is near: freemasons triggers the financial system to control humanity,FAKE
federal officials signs bilateral agreement with partners on space exploration cooperation,REAL
Election RIGGED: Millions of fake ballots found in Tokyo warehouse,FAKE
Walmart reports revenue of $45 billion for fiscal year,REAL
Viral video proves Oprah Winfrey was lying about social media all along,FAKE
JUST IN: Paris completely destroyed by meteor strike,FAKE
Officials from the World Health Organization outline steps to improve public transit oversight,REAL
SHOCKING: the president is brainwashing the financial system While Media Stays Silent,FAKE
Toyota reports revenue of $28 billion for fiscal year,REAL
Local governments partner with the World Health Organization to combat national debt issues,REAL
Flood warnings issued for South Asia as heavy rains continue,REAL
Olympics committee announces Tokyo as host for upcoming games,REAL
Viral video proves Hillary Clinton was lying about education all along,FAKE
the Indian government imposes sanctions in response to public health violations,REAL
LEAKED: Internal Documents Prove the president has been lying about social media,FAKE
URGENT WARNING: the deep state has been lying about the middle class — Share Before Deleted,FAKE
Peace negotiations continue as the Chinese government mediates housing policy conflict,REAL
EXPOSED: The Real Reason mainstream media is censoring microchips,FAKE
EXCLUSIVE: Donald Trump secretly married to Bill Gates according to insiders,FAKE
Pfizer stock crashes 90% after CEO Amit Shah confesses to massive fraud,FAKE
Top Doctor Reveals: shadow groups Can erase Your the internet Overnight,FAKE
billionaires has been funding microchips — Are You Prepared for What Comes Next?,FAKE
the European Union confirms timeline for global warming implementation next year,REAL
Diplomatic talks in Los Angeles yield progress on data privacy dispute,REAL
Olympics committee announces Tokyo as host for upcoming games,REAL
the Treasury Department signs bilateral agreement with partners on electric vehicles cooperation,REAL
Celebrity endorses miracle cryptocurrency treatment that cures infertility,FAKE
New report from federal officials highlights gaps in infrastructure spending funding,REAL
Anonymous sources within NASA claim George Soros is censoring microchips,FAKE
URGENT: Banks will freeze all accounts starting this summer — withdraw now,FAKE
Hospital workers confirm Oprah Winfrey has only 6 months to live,FAKE
IBM announces expansion into Indian with new product line,REAL
Virat Kohli breaks world record at international swimming event,REAL
the Department of Education imposes sanctions in response to public transit violations,REAL
Salesforce and IBM announce strategic partnership on artificial intelligence,REAL
Government adds secret chemicals to the water supply that cause diabetes,FAKE
Boris Johnson found dead in mysterious circumstances at private estate,FAKE
Diplomatic talks in Los Angeles yield progress on data privacy dispute,REAL
the European Union imposes sanctions in response to education funding violations,REAL
global stock markets budget proposal includes $X billion for global warming programs,REAL
URGENT: Banks will freeze all accounts starting next month — withdraw now,FAKE
Engineers develop more efficient electric vehicles system at the Bank of England,REAL
LEAKED: Internal Documents Prove world leaders has been lying about public health,FAKE
Goldman Sachs CEO discusses future plans at annual shareholders meeting,REAL
Global markets react to the Senate decision on tax reform policy changes,REAL
congressional leaders meets with officials to discuss nuclear energy regulations,REAL
Officials from researchers at MIT outline steps to improve public transit oversight,REAL
Investors weigh JPMorgan performance amid changing election security landscape,REAL
International team maps electric vehicles genome for first time,REAL
Investors weigh Berkshire Hathaway performance amid changing economic growth landscape,REAL
Wildfire containment reaches 80 percent in Eastern India after week-long effort,REAL
WAKE UP: the FBI Is is brainwashing the economy Right in Front of Your Eyes,FAKE
the United Nations announces new policy on public health following bipartisan discussions,REAL
Local governments partner with Stanford researchers to combat defense spending issues,REAL
Scientists finally admit the middle class is the real cause of diabetes,FAKE
URGENT: Banks will freeze all accounts starting next month — withdraw now,FAKE
Your doctor won't tell you this simple trick to reverse infertility,FAKE
WAKE UP: big pharma Is secretly controls free speech Right in Front of Your Eyes,FAKE
the IMF publishes findings on artificial intelligence after months of research,REAL
Local governments partner with researchers at MIT to combat public health issues,REAL
Record temperatures reported across Australia during summer months,REAL
New research links vaccines to 500% increase in autism cases,FAKE
Engineers develop more efficient artificial intelligence system at federal officials,REAL
BREAKING: freemasons is censoring the water supply — Government suppresses Truth,FAKE
UN General Assembly adopts resolution on global defense spending standards,REAL
Analysis: How researchers at MIT's approach to cybersecurity compares globally,REAL
the Bank of England confirms timeline for cybersecurity implementation next year,REAL
the European Union releases annual transparency report on infrastructure spending,REAL
Google launches new division focused on climate policy innovation,REAL
Diplomatic talks in Paris yield progress on biodiversity dispute,REAL
Australia declares war on United Kingdom in surprise midnight announcement,FAKE
Warren Buffett caught on hidden camera admitting to bribing foreign officials,FAKE
Mark Zuckerberg announces purchase of Tesla for 300 million dollars,FAKE
Narendra Modi found dead in mysterious circumstances at private estate,FAKE
researchers at MIT spokesperson confirms infrastructure spending review underway,REAL
WAKE UP: shadow groups Is is censoring free speech Right in Front of Your Eyes,FAKE
Classified document reveals Japan plans to invade Germany,FAKE
Toyota and Meta announce strategic partnership on public health,REAL
JUST IN: London completely destroyed by volcanic eruption,FAKE
Kejriwal announces purchase of Snapchat for 50 billion dollars,FAKE
Amazon reports revenue of $150 billion for fiscal year,REAL
the United Nations budget proposal includes $X billion for immigration programs,REAL
Lawmakers debate the Pentagon proposal to expand tax reform access,REAL
Survey shows public support for the Pentagon actions on cybersecurity,REAL
the FDA meets with officials to discuss water resources regulations,REAL
Officials confirm the World Health Organization cooperation on space exploration investigation,REAL
New Study Proves AI overlords has been poisoning natural resources (Mainstream Media Ignores),FAKE
Pfizer stock crashes 90% after CEO Elon Musk confesses to massive fraud,FAKE
URGENT: Banks will freeze all accounts starting next month — withdraw now,FAKE
Lawmakers debate the IMF proposal to expand defense spending access,REAL
They Don't Want You to Know: billionaires has been funding public health,FAKE
Supreme Court delivers ruling on the Treasury Department handling of space exploration,REAL
IBM announces expansion into African with new product line,REAL
MUST READ: reptilians has been lying about children at Secret Meeting,FAKE
Officials from ISRO scientists outline steps to improve defense spending oversight,REAL
Japan's parliament to host international summit on data privacy next week,REAL
Classified document reveals United Kingdom plans to invade North Korea,FAKE
Panel recommends the Chinese government take action on global warming by next quarter,REAL
WAKE UP: elites Is has been silencing the financial system Right in Front of Your Eyes,FAKE
New report from the Chinese government highlights gaps in climate policy funding,REAL
Hurricane season forecast predicts above-average activity this year,REAL
Flood warnings issued for Southeast US as heavy rains continue,REAL
Toyota launches new division focused on education funding innovation,REAL
CENSORED: The Truth About How big pharma has been silencing microchips,FAKE
Experts at Stanford researchers warn of challenges ahead for social security,REAL
Scientists from the IMF publish peer-reviewed immigration study,REAL
Local governments partner with the IMF to combat food security issues,REAL
Trade talks between the Department of Education and partners focus on public health tariffs,REAL
Secret government plan to tax all the internet by 200% revealed,FAKE
the IMF holds press conference addressing space exploration questions,REAL
Shadow government confirms plan to censor all DNA by end of year,FAKE
Government adds secret chemicals to the food supply that cause cancer,FAKE
Barack Obama paid 2 trillion dollars to cover up the data theft operation,FAKE
Flood warnings issued for Mediterranean region as heavy rains continue,REAL
Coca-Cola stock crashes 90% after CEO Donald Trump confesses to massive fraud,FAKE
Apple CEO discusses future plans at annual shareholders meeting,REAL
Scientists from NASA publish peer-reviewed global warming study,REAL
Coca-Cola stock crashes 90% after CEO Mark Zuckerberg confesses to massive fraud,FAKE
New report from congressional leaders highlights gaps in cybersecurity funding,REAL
Panel recommends the Supreme Court take action on food security by next quarter,REAL
Committee formed to review the Senate policies on data privacy,REAL
Berkshire Hathaway launches new division focused on immigration innovation,REAL
Peace negotiations continue as the Bank of England mediates artificial intelligence conflict,REAL
JUST IN: Beijing completely destroyed by nuclear explosion,FAKE
Goldman Sachs announces expansion into Indian with new product line,REAL
Study finds healthcare reform linked to changes in the Indian government behavior,REAL
Report: congressional leaders releases quarterly data on water resources,REAL
Tom Cruise found dead in mysterious circumstances at private estate,FAKE
Hospital workers confirm George Soros has only 6 months to live,FAKE
Tim Cook caught manipulating Samsung stock for personal gain,FAKE
Sundar Pichai caught manipulating Microsoft stock for personal gain,FAKE
EXPOSED: Big pharma suppresses natural cure using citizens for heart disease,FAKE
The Elite Don't Want You to Know How elites has been lying about democracy,FAKE
Lawmakers debate the FDA proposal to expand economic growth access,REAL
Usain Bolt announces retirement after 10 year career,REAL
Hospital workers confirm Warren Buffett has only weeks to live,FAKE
Deep State Caught is suppressing the economy While globalists Looks the Other Way,FAKE
Japan bans all the internet starting next month — citizens outraged,FAKE
Global markets react to NASA decision on economic growth policy changes,REAL
Lawmakers debate the Department of Education proposal to expand housing policy access,REAL
Kejriwal announces purchase of Apple for 1 trillion dollars,FAKE
BREAKING: Sydney airport shut down after Tim Cook causes bomb scare,FAKE
Miracle Cure: How AI overlords Used free speech to poison the Impossible,FAKE
REVEALED: the World Economic Forum creates mind control devices in vaccines,FAKE
Shadow government confirms plan to destroy all public health by end of year,FAKE
the Pentagon is deliberately causing vaccines — This Changes EVERYTHING,FAKE
Stanford researchers reports record numbers regarding renewable energy in Q3,REAL
World Cup qualifiers: Brazil advances with victory over rivals,REAL
Top Doctor Reveals: the World Economic Forum Can suppress Your children Overnight,FAKE
Shadow government confirms plan to suppress all DNA by end of year,FAKE
The Elite Don't Want You to Know How tech giants is brainwashing education,FAKE
Hospital workers confirm Xi Jinping has only 3 months to live,FAKE
Scientists at NIH confirm humans can live to 500 with this secret pill,FAKE
Stanford researchers scientists complete decade-long study on inflation rates effects,REAL
Your doctor won't tell you this simple trick to reverse diabetes,FAKE
CENSORED: The Truth About How scientists has been funding the economy,FAKE
Experts at the FDA warn of challenges ahead for national debt,REAL
the Environmental Protection Agency holds press conference addressing renewable energy questions,REAL
Jeff Bezos announces purchase of Tesla for 100 billion dollars,FAKE
"the Chinese government spokesperson denies allegations, citing food security records",REAL
Currency to become worthless by January 2026 — insider warning,FAKE
Internal memo shows Amazon knew about dangers but hid evidence,FAKE
Boris Johnson found dead in mysterious circumstances at private estate,FAKE
New satellite data provides insights into global ocean conservation patterns,REAL
Vladimir Putin paid 500 billion dollars to cover up the child labor scandal,FAKE
The Elite Don't Want You to Know How Bill Gates has been stealing elections,FAKE
Celebrity endorses miracle free speech treatment that cures autism,FAKE
the White House reports record numbers regarding nuclear energy in Q3,REAL
Toyota reports revenue of $67 billion for fiscal year,REAL
New report from ISRO scientists highlights gaps in electric vehicles funding,REAL
Researchers discover new approach to national debt using advanced technology,REAL
Netflix CEO discusses future plans at annual shareholders meeting,REAL
Panel recommends the Chinese government take action on electric vehicles by next quarter,REAL
Secret Footage Shows the FBI is deliberately causing free speech Behind Closed Doors,FAKE
Celebrity endorses miracle free speech treatment that cures paralysis,FAKE
WARNING: the internet causes infertility — what the president is hiding from you,FAKE
Oprah Winfrey found dead in mysterious circumstances at private estate,FAKE
federal officials and international partners cooperate on biodiversity initiative,REAL
the Treasury Department announces new policy on nuclear energy following budget deliberations,REAL
World Cup qualifiers: India advances with victory over rivals,REAL
BREAKING: Paris airport shut down after Jeff Bezos causes bomb scare,FAKE
Berkshire Hathaway CEO discusses future plans at annual shareholders meeting,REAL
REVEALED: North Korea creates mind control devices in citizens,FAKE
BREAKING: London airport shut down after Vladimir Putin causes bomb scare,FAKE
North Korea declares war on Saudi Arabia in surprise midnight announcement,FAKE
Trade talks between federal officials and partners focus on housing policy tariffs,REAL
URGENT WARNING: the World Economic Forum secretly controls microchips — Share Before Deleted,FAKE
Election RIGGED: Millions of fake ballots found in Houston warehouse,FAKE
Tom Cruise has been arrested by FBI for illegally manipulating stock markets,FAKE
CENSORED: The Truth About How tech giants secretly controls the food supply,FAKE
Secret Footage Shows the government secretly controls citizens Behind Closed Doors,FAKE
"the Supreme Court spokesperson denies allegations, citing social security records",REAL
Officials confirm the Reserve Bank of India cooperation on election security investigation,REAL
Amazon CEO discusses future plans at annual shareholders meeting,REAL
WARNING: the water supply causes brain damage — what world leaders is hiding from you,FAKE
New satellite data provides insights into global election security patterns,REAL
Meta announces expansion into Japanese with new product line,REAL
New Study Proves the CDC is deliberately causing microchips (Mainstream Media Ignores),FAKE
Vladimir Putin caught on hidden camera admitting to operating a Ponzi scheme worth billions,FAKE
Researchers discover new approach to electric vehicles using advanced technology,REAL
The Elite Don't Want You to Know How the president is harvesting free speech,FAKE
CENSORED: The Truth About How the CDC has been poisoning the food supply,FAKE
AI-powered tool improves biodiversity prediction accuracy by 40 percent,REAL
freemasons is censoring citizens and Nobody is Talking About It,FAKE
Usain Bolt announces retirement after 18 year career,REAL
You Won't Believe What Russia Just Did to microchips,FAKE
Lawmakers debate the Reserve Bank of India proposal to expand healthcare reform access,REAL
JPMorgan CEO discusses future plans at annual shareholders meeting,REAL
Classified document reveals Australia plans to invade United Kingdom,FAKE
the European Union budget proposal includes $X billion for biodiversity programs,REAL
the Department of Health reports record numbers regarding public health in Q3,REAL
Kylian Mbappe breaks world record at international tennis event,REAL
You Won't Believe What shadow groups Just Did to citizens,FAKE
Scientists finally admit vaccines is the real cause of autism,FAKE
G20 leaders pledge increased funding for defense spending development,REAL
Economists at global stock markets project steady growth in quantum computing sector,REAL
BREAKING: New York airport shut down after Taylor Swift causes bomb scare,FAKE
congressional leaders meets with officials to discuss semiconductor production regulations,REAL
Classified document reveals Iran plans to invade Japan,FAKE
Japan's parliament meets with officials to discuss healthcare reform regulations,REAL
Officials confirm the UN Security Council cooperation on public health investigation,REAL
Diplomatic talks in Milan yield progress on tax reform dispute,REAL
New satellite data provides insights into global public transit patterns,REAL
Anonymous sources within CDC claim Tim Cook has been funding the internet,FAKE
Officials confirm the Supreme Court cooperation on defense spending investigation,REAL
Disney to go bankrupt within weeks according to leaked documents,FAKE
Election RIGGED: Millions of fake ballots found in Sydney warehouse,FAKE
LEAKED emails reveal Xi Jinping planned to bankrupt the internet since 2018,FAKE
the Senate releases annual transparency report on housing policy,REAL
the Federal Reserve releases new climate report showing artificial intelligence trends,REAL
Pfizer to go bankrupt within weeks according to leaked documents,FAKE
Investors weigh Toyota performance amid changing election security landscape,REAL
global stock markets meets with officials to discuss healthcare reform regulations,REAL
"New legislation proposed to address semiconductor production concerns, says the Pentagon",REAL
the UN Security Council scientists complete decade-long study on semiconductor production effects,REAL
Narendra Modi caught on hidden camera admitting to secret human trafficking operations,FAKE
Microsoft announces expansion into Middle Eastern with new product line,REAL
100% PROOF: the CIA Has Been has been poisoning citizens This Entire Time,FAKE
Local governments partner with global stock markets to combat food security issues,REAL
New report from Japan's parliament highlights gaps in infrastructure spending funding,REAL
They Don't Want You to Know: the establishment is tracking the internet,FAKE
New satellite data provides insights into global cybersecurity patterns,REAL
New Study Proves secret societies has been poisoning DNA (Mainstream Media Ignores),FAKE
UN General Assembly adopts resolution on global healthcare reform standards,REAL
Experts at the Reserve Bank of India warn of challenges ahead for election security,REAL
Major breakthrough in biodiversity treatment announced at medical conference,REAL
Miracle Cure: How shadow groups Used elections to erase the Impossible,FAKE
Study in Nature journal finds correlation between inflation rates and health outcomes,REAL
Engineers develop more efficient biodiversity system at the World Health Organization,REAL
Liverpool signs LeBron James in record-breaking transfer deal,REAL
Tesla launches new division focused on public transit innovation,REAL
PROOF that Mark Zuckerberg is actually controlled by elites,FAKE
Walmart and Salesforce announce strategic partnership on quantum computing,REAL
Adobe CEO discusses future plans at annual shareholders meeting,REAL
Supreme Court delivers ruling on the IMF handling of cybersecurity,REAL
Former employee reveals Samsung has been has been lying about customers for years,FAKE
Government adds secret chemicals to the water supply that cause chronic fatigue,FAKE
Local governments partner with the FDA to combat election security issues,REAL
Top Doctor Reveals: the World Economic Forum Can poison Your DNA Overnight,FAKE
Officials confirm the Department of Justice cooperation on inflation rates investigation,REAL
"New legislation proposed to address quantum computing concerns, says researchers at MIT",REAL
New York Yankees defeats Golden State Warriors in closely contested championship match,REAL
public health officials to host international summit on semiconductor production next week,REAL
Japan's parliament releases new climate report showing quantum computing trends,REAL
Viral video proves Vladimir Putin was lying about the financial system all along,FAKE
BREAKING: San Francisco airport shut down after Tom Cruise causes bomb scare,FAKE
G20 leaders pledge increased funding for biodiversity development,REAL
the UN Security Council releases new climate report showing national debt trends,REAL
Cristiano Ronaldo breaks world record at international swimming event,REAL
Olympics committee announces Tokyo as host for upcoming games,REAL
Government adds secret chemicals to the internet that cause diabetes,FAKE
the Bank of England imposes sanctions in response to cybersecurity violations,REAL
North Korea declares war on France in surprise midnight announcement,FAKE
Currency to become worthless by January 2026 — insider warning,FAKE
Oprah Winfrey secretly moves 75 billion dollars to offshore accounts,FAKE
LEAKED emails reveal Barack Obama planned to track elections since 2018,FAKE
Wildfire containment reaches 80 percent in California after week-long effort,REAL
Hospital workers confirm Amit Shah has only 3 months to live,FAKE
Report: the European Union releases quarterly data on ocean conservation,REAL
Lionel Messi breaks world record at international football event,REAL
Olympics committee announces Tokyo as host for upcoming games,REAL
Sources: Tim Cook to resign from all positions effective immediately,FAKE
World Cup qualifiers: Japan advances with victory over rivals,REAL
George Soros has been arrested by FBI for selling state secrets to enemies,FAKE
Election RIGGED: Millions of fake ballots found in Delhi warehouse,FAKE
Analysts upgrade Microsoft stock following strong trade agreements outlook,REAL
Shadow government confirms plan to brainwash all elections by end of year,FAKE
JUST IN: Beijing completely destroyed by nuclear explosion,FAKE
the European Union releases new climate report showing social security trends,REAL
economists spokesperson confirms social security review underway,REAL
Your doctor won't tell you this simple trick to reverse autism,FAKE
REVEALED: freemasons creates mind control devices in cryptocurrency,FAKE
Record temperatures reported across Eastern India during summer months,REAL
Experts at global stock markets warn of challenges ahead for public transit,REAL
AI-powered tool improves economic growth prediction accuracy by 40 percent,REAL
"Taylor Swift tests positive for autism, rushed to hospital in critical condition",FAKE
Scientists at MIT confirm gravity is not real,FAKE
Elon Musk announces purchase of Apple for 300 million dollars,FAKE
Scientists at MIT confirm time travel is possible,FAKE
Novak Djokovic announces retirement after 10 year career,REAL
LEAKED: Internal Documents Prove Illuminati is hiding education,FAKE
The Elite Don't Want You to Know How China is harvesting citizens,FAKE
"the European Union spokesperson denies allegations, citing biodiversity records",REAL
Aliens have landed their the water supply in central park and met reptilians,FAKE
Deep State Caught has been poisoning the middle class While China Looks the Other Way,FAKE
Toyota reports revenue of $45 billion for fiscal year,REAL
Lawmakers debate Oxford University proposal to expand data privacy access,REAL
Coca-Cola stock crashes 90% after CEO Boris Johnson confesses to massive fraud,FAKE
the FBI is tracking elections — This Changes EVERYTHING,FAKE
JUST IN: Bangalore completely destroyed by tsunami,FAKE
Committee formed to review the Chinese government policies on ocean conservation,REAL
PROOF that Sundar Pichai is actually controlled by the CDC,FAKE
Local governments partner with congressional leaders to combat artificial intelligence issues,REAL
the European Union announces new policy on national debt following mounting pressure,REAL
Trade talks between the Pentagon and partners focus on electric vehicles tariffs,REAL
Global markets react to global stock markets decision on election security policy changes,REAL
PROOF that Joe Biden is actually controlled by Illuminati,FAKE
New satellite data provides insights into global inflation rates patterns,REAL
Government adds secret chemicals to public health that cause paralysis,FAKE
Celebrity endorses miracle the water supply treatment that cures diabetes,FAKE
Top Doctor Reveals: Illuminati Can eliminate Your microchips Overnight,FAKE
New report from the Bank of England highlights gaps in healthcare reform funding,REAL
URGENT: Banks will freeze all accounts starting next year — withdraw now,FAKE
Lawmakers debate the Indian government proposal to expand election security access,REAL
UN General Assembly adopts resolution on global infrastructure spending standards,REAL
Investors weigh Berkshire Hathaway performance amid changing infrastructure spending landscape,REAL
the FDA spokesperson confirms biodiversity review underway,REAL
UN General Assembly adopts resolution on global healthcare reform standards,REAL
Twitter to go bankrupt within weeks according to leaked documents,FAKE
Tom Cruise caught on hidden camera admitting to operating a Ponzi scheme worth billions,FAKE
Scientists finally admit social media is the real cause of infertility,FAKE
BREAKING: Houston airport shut down after Vladimir Putin causes bomb scare,FAKE
EXCLUSIVE: Hillary Clinton secretly married to a Hollywood producer according to insiders,FAKE
Global markets react to the Bank of England decision on semiconductor production policy changes,REAL
Election RIGGED: Millions of fake ballots found in Sydney warehouse,FAKE
The end is near: globalists triggers free speech to exploit humanity,FAKE
Mumbai Indians defeats Bayern Munich in closely contested championship match,REAL
Survey shows public support for Oxford University actions on biodiversity,REAL
Taylor Swift running secret the internet operation from underground bunker,FAKE
Doctors HATE this: the internet can cure kidney failure in just 3 days,FAKE
BREAKING: Moscow airport shut down after Donald Trump causes bomb scare,FAKE
Hillary Clinton has been arrested by FBI for conspiracy against the United States,FAKE
Viral video proves Narendra Modi was lying about the food supply all along,FAKE
Trade talks between the Senate and partners focus on education funding tariffs,REAL
Experts at NASA warn of challenges ahead for election security,REAL
Analysts upgrade Microsoft stock following strong ocean conservation outlook,REAL
Wildfire containment reaches 80 percent in California after week-long effort,REAL
Deep State Caught has been lying about education While mainstream media Looks the Other Way,FAKE
Miracle Cure: How scientists Used public health to track the Impossible,FAKE
BREAKING: the deep state is censoring cryptocurrency — Government covers up Truth,FAKE
"the World Health Organization spokesperson denies allegations, citing nuclear energy records",REAL
Flood warnings issued for Western Europe as heavy rains continue,REAL
World Cup qualifiers: Japan advances with victory over rivals,REAL
Study in Nature journal finds correlation between inflation rates and health outcomes,REAL
Local governments partner with the Department of Justice to combat quantum computing issues,REAL
World Cup qualifiers: Japan advances with victory over rivals,REAL
EXPOSED: Big pharma suppresses natural cure using democracy for brain damage,FAKE
Google shares rise 2.5% after strong quarterly earnings report,REAL
URGENT WARNING: the CIA secretly banned children — Share Before Deleted,FAKE
freemasons has been poisoning the internet and Nobody is Talking About It,FAKE
Panel recommends the Bank of England take action on artificial intelligence by next quarter,REAL
World Cup qualifiers: France advances with victory over rivals,REAL
Data from economists shows modest improvement in public health metrics,REAL
the Supreme Court holds press conference addressing electric vehicles questions,REAL
Hollywood Elites Furious After billionaires is brainwashing free speech,FAKE
Netflix announces expansion into African with new product line,REAL
PROOF that Kejriwal is actually controlled by the World Economic Forum,FAKE
Wildfire containment reaches 80 percent in South Asia after week-long effort,REAL
Miracle Cure: How the FBI Used microchips to track the Impossible,FAKE
Currency to become worthless by January 2026 — insider warning,FAKE
billionaires is brainwashing social media and Nobody is Talking About It,FAKE
Aliens have landed their elections in central park and met the CIA,FAKE
Toyota announces expansion into European with new product line,REAL
Analysts upgrade Nvidia stock following strong public transit outlook,REAL
Survey shows public support for the Environmental Protection Agency actions on semiconductor production,REAL
Record temperatures reported across South Asia during summer months,REAL
Researchers discover new approach to social security using advanced technology,REAL
global stock markets and international partners cooperate on defense spending initiative,REAL
Officials confirm the Pentagon cooperation on water resources investigation,REAL
Survey shows public support for the Environmental Protection Agency actions on food security,REAL
Goldman Sachs launches new division focused on global warming innovation,REAL
Golden State Warriors signs Novak Djokovic in record-breaking transfer deal,REAL
Analysis: How Oxford University's approach to renewable energy compares globally,REAL
Hurricane season forecast predicts above-average activity this year,REAL
Data from the Environmental Protection Agency shows modest improvement in water resources metrics,REAL
LEAKED emails reveal Narendra Modi planned to exploit vaccines since 2018,FAKE
EXPOSED: Big pharma suppresses natural cure using children for kidney failure,FAKE
Election RIGGED: Millions of fake ballots found in Houston warehouse,FAKE
Shadow government confirms plan to erase all children by end of year,FAKE
Stanford researchers publishes findings on biodiversity after months of research,REAL
Mumbai Indians signs LeBron James in record-breaking transfer deal,REAL
Japan's parliament budget proposal includes $X billion for quantum computing programs,REAL
WAKE UP: big pharma Is has been stealing the economy Right in Front of Your Eyes,FAKE
UN General Assembly adopts resolution on global election security standards,REAL
Survey shows public support for the Department of Health actions on data privacy,REAL
The Elite Don't Want You to Know How the World Economic Forum is brainwashing the middle class,FAKE
the Department of Education confirms timeline for defense spending implementation next year,REAL
Secret government plan to tax all natural resources by 200% revealed,FAKE
New satellite data provides insights into global ocean conservation patterns,REAL
Netflix launches new division focused on quantum computing innovation,REAL
New Study Proves Bill Gates is harvesting the financial system (Mainstream Media Ignores),FAKE
China admits they are building a matrix to suppress microchips,FAKE
Kanye West running secret DNA operation from underground bunker,FAKE
IBM announces expansion into Latin American with new product line,REAL
billionaires admits they are building a matrix to exploit the water supply,FAKE
Data from the White House shows modest improvement in water resources metrics,REAL
The end is near: world leaders triggers microchips to suppress humanity,FAKE
the Department of Justice releases new climate report showing renewable energy trends,REAL
Scientists finally admit natural resources is the real cause of heart disease,FAKE
Classified document reveals United States plans to invade Russia,FAKE
Government adds secret chemicals to vaccines that cause infertility,FAKE
Data from the European Union shows modest improvement in climate policy metrics,REAL
Secret government plan to tax all social media by 200% revealed,FAKE
Disney announces expansion into Southeast Asia with new product line,REAL
Officials confirm congressional leaders cooperation on artificial intelligence investigation,REAL
UN General Assembly adopts resolution on global data privacy standards,REAL
BANNED VIDEO: the CIA Admits to has been funding the weather,FAKE
Study in Nature journal finds correlation between nuclear energy and health outcomes,REAL
Researchers discover new approach to healthcare reform using advanced technology,REAL
Diplomatic talks in Milan yield progress on quantum computing dispute,REAL
Scientists finally admit children is the real cause of chronic fatigue,FAKE
Internal memo shows Snapchat knew about dangers but hid evidence,FAKE
Chennai Super Kings defeats Manchester City in closely contested championship match,REAL
You Won't Believe What the World Economic Forum Just Did to the weather,FAKE
Peace negotiations continue as the Environmental Protection Agency mediates global warming conflict,REAL
shadow groups admits they are building a matrix to destroy the financial system,FAKE
the Department of Education meets with officials to discuss electric vehicles regulations,REAL
Hospital workers confirm Taylor Swift has only 3 months to live,FAKE
Salesforce reports revenue of $120 billion for fiscal year,REAL
Secret Footage Shows the deep state is destroying social media Behind Closed Doors,FAKE
elites has been poisoning microchips and Nobody is Talking About It,FAKE
"NASA spokesperson denies allegations, citing immigration records",REAL
the UN Security Council spokesperson confirms election security review underway,REAL
Warren Buffett caught manipulating Microsoft stock for personal gain,FAKE
public health officials meets with officials to discuss cybersecurity regulations,REAL
the Senate budget proposal includes $X billion for semiconductor production programs,REAL
Russia admits they are building a matrix to monitor the middle class,FAKE
WAKE UP: mainstream media Is is orchestrating the financial system Right in Front of Your Eyes,FAKE
Lewis Hamilton breaks world record at international athletics event,REAL
Real Madrid defeats Mumbai Indians in closely contested championship match,REAL
The end is near: shadow groups triggers the weather to exploit humanity,FAKE
the FBI is harvesting citizens and Nobody is Talking About It,FAKE
the Senate holds press conference addressing education funding questions,REAL
Trade talks between NASA and partners focus on social security tariffs,REAL
Whistleblower Exposes How the World Economic Forum is tracking the weather for Years,FAKE
Aliens have landed their free speech in central park and met secret societies,FAKE
Survey shows public support for NASA actions on election security,REAL
elites has been funding natural resources and Nobody is Talking About It,FAKE
EXPOSED: Big pharma suppresses natural cure using the weather for brain damage,FAKE
Nvidia shares rise 3% after strong quarterly earnings report,REAL
Anonymous sources within Area 51 claim Narendra Modi has been funding the financial system,FAKE
BANNED VIDEO: billionaires Admits to is hiding the weather,FAKE
SHOCKING: the Pentagon is brainwashing natural resources While Media Stays Silent,FAKE
the Senate and international partners cooperate on artificial intelligence initiative,REAL
the Department of Education meets with officials to discuss immigration regulations,REAL
Mumbai Indians signs Lewis Hamilton in record-breaking transfer deal,REAL
Researchers discover new approach to ocean conservation using advanced technology,REAL
CENSORED: The Truth About How globalists is harvesting elections,FAKE
Meta announces expansion into Australian with new product line,REAL
BREAKING: freemasons has been spying on children — Government covers up Truth,FAKE
Experts at the United Nations warn of challenges ahead for housing policy,REAL
Analysis: How the Reserve Bank of India's approach to infrastructure spending compares globally,REAL
New report from economists highlights gaps in inflation rates funding,REAL
This one trick by Bill Gates to censor children will blow your mind,FAKE
Miracle Cure: How shadow groups Used social media to poison the Impossible,FAKE
AI-powered tool improves healthcare reform prediction accuracy by 40 percent,REAL
Oxford University meets with officials to discuss biodiversity regulations,REAL
Amazon to go bankrupt within weeks according to leaked documents,FAKE
BANNED VIDEO: the Pentagon Admits to has been manipulating citizens,FAKE
Hollywood Elites Furious After the deep state is destroying the weather,FAKE
Supreme Court delivers ruling on ISRO scientists handling of global warming,REAL
Samsung shares rise 2.5% after strong quarterly earnings report,REAL
Brazil declares war on Russia in surprise midnight announcement,FAKE
Secret Footage Shows Bill Gates is brainwashing education Behind Closed Doors,FAKE
congressional leaders releases annual transparency report on education funding,REAL
Trade talks between global stock markets and partners focus on renewable energy tariffs,REAL
Economists at economists project steady growth in education funding sector,REAL
SHOCKING: billionaires secretly banned public health While Media Stays Silent,FAKE
Panel recommends the Chinese government take action on housing policy by next quarter,REAL
Sources: Kejriwal to resign from all positions effective immediately,FAKE
Investors weigh Google performance amid changing data privacy landscape,REAL
economists releases new climate report showing defense spending trends,REAL
Aliens have landed their children in central park and met the government,FAKE
Anonymous sources within Pentagon claim Jeff Bezos has been poisoning the water supply,FAKE
Elon Musk found dead in mysterious circumstances at private estate,FAKE
Researchers discover new approach to infrastructure spending using advanced technology,REAL
Election RIGGED: Millions of fake ballots found in Houston warehouse,FAKE
ALERT: the Pentagon Plans to weaponize Every public health by End of Year,FAKE
Sources: Rahul Gandhi to resign from all positions effective immediately,FAKE
Lionel Messi breaks world record at international tennis event,REAL
Panel recommends public health officials take action on nuclear energy by next quarter,REAL
Researchers discover new approach to tax reform using advanced technology,REAL
New Study Proves elites is destroying education (Mainstream Media Ignores),FAKE
Investors weigh Netflix performance amid changing space exploration landscape,REAL
Wildfire containment reaches 80 percent in Australia after week-long effort,REAL
Hillary Clinton caught manipulating Tesla stock for personal gain,FAKE
"federal officials spokesperson denies allegations, citing data privacy records",REAL
Flood warnings issued for Western Europe as heavy rains continue,REAL
EXPOSED: The Real Reason the World Economic Forum is replacing the financial system,FAKE
Secret government plan to tax all the water supply by 200% revealed,FAKE
Trade talks between the Senate and partners focus on ocean conservation tariffs,REAL
Snapchat stock crashes 90% after CEO Narendra Modi confesses to massive fraud,FAKE
EXPOSED: The Real Reason world leaders has been silencing microchips,FAKE
AI-powered tool improves artificial intelligence prediction accuracy by 40 percent,REAL
the European Union scientists complete decade-long study on nuclear energy effects,REAL
Scientists finally admit cryptocurrency is the real cause of blindness,FAKE
the Treasury Department and international partners cooperate on climate policy initiative,REAL
the Pentagon holds press conference addressing immigration questions,REAL
the Supreme Court and international partners cooperate on electric vehicles initiative,REAL
URGENT WARNING: mainstream media is tracking the weather — Share Before Deleted,FAKE
"New legislation proposed to address national debt concerns, says Japan's parliament",REAL
Disney stock crashes 90% after CEO Jeff Bezos confesses to massive fraud,FAKE
the World Health Organization imposes sanctions in response to defense spending violations,REAL
Adobe announces expansion into Indian with new product line,REAL
Viral video proves Kim Jong-un was lying about the internet all along,FAKE
This one trick by the deep state to manipulate democracy will blow your mind,FAKE
Analysis: How the Treasury Department's approach to tax reform compares globally,REAL
the FDA imposes sanctions in response to inflation rates violations,REAL
global stock markets reports record numbers regarding data privacy in Q3,REAL
Deep State Caught has been funding the internet While globalists Looks the Other Way,FAKE
public health officials meets with officials to discuss healthcare reform regulations,REAL
Moderna stock crashes 90% after CEO Tim Cook confesses to massive fraud,FAKE
Deep State Caught is hiding the weather While the establishment Looks the Other Way,FAKE
the establishment admits they are building a matrix to weaponize natural resources,FAKE
Former employee reveals Netflix has been is replacing customers for years,FAKE
Researchers discover new approach to data privacy using advanced technology,REAL
Analysis: How the Department of Education's approach to public transit compares globally,REAL
URGENT: Banks will freeze all accounts starting January 2026 — withdraw now,FAKE
Tesla to go bankrupt within weeks according to leaked documents,FAKE
Record temperatures reported across Mediterranean region during summer months,REAL
BANNED VIDEO: the CIA Admits to has been spying on citizens,FAKE
Wildfire containment reaches 80 percent in Mediterranean region after week-long effort,REAL
Analysts upgrade Intel stock following strong economic growth outlook,REAL
Major breakthrough in food security treatment announced at medical conference,REAL
The end is near: mainstream media triggers social media to track humanity,FAKE
ALERT: globalists Plans to eliminate Every the middle class by End of Year,FAKE
Berkshire Hathaway CEO discusses future plans at annual shareholders meeting,REAL
the Department of Education confirms timeline for quantum computing implementation next year,REAL
Economists at economists project steady growth in artificial intelligence sector,REAL
Study finds space exploration linked to changes in NASA behavior,REAL
Experts at the IMF warn of challenges ahead for defense spending,REAL
EXPOSED: The Real Reason the CDC is censoring citizens,FAKE
Anonymous sources within CDC claim Tom Cruise has been lying about the middle class,FAKE
Analysis: How the IMF's approach to infrastructure spending compares globally,REAL
Report: the Indian government releases quarterly data on data privacy,REAL
Internal memo shows Microsoft knew about dangers but hid evidence,FAKE
Top Doctor Reveals: the Pentagon Can eliminate Your vaccines Overnight,FAKE
New satellite data provides insights into global healthcare reform patterns,REAL
This one trick by the establishment to manipulate public health will blow your mind,FAKE
the FDA releases new climate report showing semiconductor production trends,REAL
Bayern Munich defeats Real Madrid in closely contested championship match,REAL
BANNED VIDEO: the royals Admits to has been funding the economy,FAKE
Boeing stock crashes 90% after CEO Kanye West confesses to massive fraud,FAKE
URGENT: Banks will freeze all accounts starting this summer — withdraw now,FAKE
Report: the Chinese government releases quarterly data on tax reform,REAL
Global markets react to the FDA decision on ocean conservation policy changes,REAL
Snapchat stock crashes 90% after CEO Vladimir Putin confesses to massive fraud,FAKE
Lawmakers debate global stock markets proposal to expand climate policy access,REAL
Record temperatures reported across Mediterranean region during summer months,REAL
"George Soros tests positive for heart disease, rushed to hospital in critical condition",FAKE
Berkshire Hathaway CEO discusses future plans at annual shareholders meeting,REAL
scientists is censoring children — Are You Prepared for What Comes Next?,FAKE
Supreme Court delivers ruling on the FDA handling of cybersecurity,REAL
Classified document reveals Iran plans to invade China,FAKE
G20 leaders pledge increased funding for climate policy development,REAL
World Cup qualifiers: Germany advances with victory over rivals,REAL
Adobe CEO discusses future plans at annual shareholders meeting,REAL
Los Angeles Lakers signs Lewis Hamilton in record-breaking transfer deal,REAL
Local governments partner with ISRO scientists to combat public transit issues,REAL
Stanford researchers reports record numbers regarding trade agreements in Q3,REAL
Wildfire containment reaches 80 percent in Eastern India after week-long effort,REAL
Officials from the Environmental Protection Agency outline steps to improve water resources oversight,REAL
Report: NASA releases quarterly data on data privacy,REAL
the Indian government imposes sanctions in response to quantum computing violations,REAL
Analysis: How ISRO scientists's approach to global warming compares globally,REAL
Shadow government confirms plan to track all microchips by end of year,FAKE
MUST READ: elites is brainwashing free speech at Secret Meeting,FAKE
Chennai Super Kings defeats New York Yankees in closely contested championship match,REAL
CENSORED: The Truth About How the CDC has been poisoning the water supply,FAKE
EXPOSED: Big pharma suppresses natural cure using the internet for cancer,FAKE
BREAKING: Delhi airport shut down after Elon Musk causes bomb scare,FAKE
Hurricane season forecast predicts above-average activity this year,REAL
the president secretly controls DNA — This Changes EVERYTHING,FAKE
Scientists finally admit children is the real cause of memory loss,FAKE
Peace negotiations continue as the UN Security Council mediates tax reform conflict,REAL
Top Doctor Reveals: Illuminati Can bankrupt Your the financial system Overnight,FAKE
Record temperatures reported across Eastern India during summer months,REAL
Panel recommends the Bank of England take action on healthcare reform by next quarter,REAL
REVEALED: the CIA creates mind control devices in social media,FAKE
JUST IN: Delhi completely destroyed by massive EMP blast,FAKE
New satellite data provides insights into global biodiversity patterns,REAL
Record temperatures reported across Southeast US during summer months,REAL
Scientists finally admit natural resources is the real cause of paralysis,FAKE
Global markets react to the Reserve Bank of India decision on trade agreements policy changes,REAL
Record temperatures reported across Mediterranean region during summer months,REAL
Currency to become worthless by January 2026 — insider warning,FAKE
Data from the UN Security Council shows modest improvement in ocean conservation metrics,REAL
the Treasury Department spokesperson confirms ocean conservation review underway,REAL
Serena Williams announces retirement after 12 year career,REAL
the Indian government confirms timeline for electric vehicles implementation next year,REAL
congressional leaders meets with officials to discuss electric vehicles regulations,REAL
the royals secretly controls social media and Nobody is Talking About It,FAKE
Local governments partner with researchers at MIT to combat trade agreements issues,REAL
Survey shows public support for Stanford researchers actions on semiconductor production,REAL
Experts at public health officials warn of challenges ahead for nuclear energy,REAL
big pharma secretly controls citizens and Nobody is Talking About It,FAKE
Data from the Department of Justice shows modest improvement in social security metrics,REAL
Committee formed to review the Supreme Court policies on electric vehicles,REAL
Intel shares rise 4.2% after strong quarterly earnings report,REAL
New report from the Bank of England highlights gaps in tax reform funding,REAL
the Federal Reserve signs bilateral agreement with partners on data privacy cooperation,REAL
Committee formed to review the Department of Education policies on semiconductor production,REAL
Netflix and Adobe announce strategic partnership on global warming,REAL
Celebrity endorses miracle citizens treatment that cures autism,FAKE
China is tracking elections — This Changes EVERYTHING,FAKE
Barack Obama announces purchase of Facebook for 200 million dollars,FAKE
Experts at NASA warn of challenges ahead for education funding,REAL
Election RIGGED: Millions of fake ballots found in Mumbai warehouse,FAKE
Major breakthrough in quantum computing treatment announced at medical conference,REAL
Microsoft CEO discusses future plans at annual shareholders meeting,REAL
Whistleblower Exposes How the CDC is brainwashing microchips for Years,FAKE
Supreme Court delivers ruling on the Chinese government handling of inflation rates,REAL
Top Doctor Reveals: the government Can control Your the middle class Overnight,FAKE
ALERT: reptilians Plans to suppress Every cryptocurrency by End of Year,FAKE
BREAKING: Dubai airport shut down after Elon Musk causes bomb scare,FAKE
The Elite Don't Want You to Know How scientists is replacing the financial system,FAKE
Hollywood Elites Furious After the royals is tracking microchips,FAKE
"New legislation proposed to address artificial intelligence concerns, says the Treasury Department",REAL
Miracle Cure: How mainstream media Used free speech to eliminate the Impossible,FAKE
PROOF that Joe Biden is actually controlled by the establishment,FAKE
Flood warnings issued for Southeast US as heavy rains continue,REAL
UN General Assembly adopts resolution on global tax reform standards,REAL
WARNING: DNA causes diabetes — what reptilians is hiding from you,FAKE
New Study Proves the president is brainwashing education (Mainstream Media Ignores),FAKE
URGENT: Banks will freeze all accounts starting January 2026 — withdraw now,FAKE
PROOF that Sundar Pichai is actually controlled by the CDC,FAKE
Analysis: How researchers at MIT's approach to public health compares globally,REAL
Tesla shares rise 8% after strong quarterly earnings report,REAL
New research links the weather to 500% increase in paralysis cases,FAKE
URGENT WARNING: the World Economic Forum is orchestrating public health — Share Before Deleted,FAKE
Your doctor won't tell you this simple trick to reverse kidney failure,FAKE
Diplomatic talks in Tokyo yield progress on national debt dispute,REAL
the Federal Reserve meets with officials to discuss global warming regulations,REAL
Scientists finally admit vaccines is the real cause of blindness,FAKE
global stock markets holds press conference addressing infrastructure spending questions,REAL
the Bank of England releases annual transparency report on electric vehicles,REAL
Study finds artificial intelligence linked to changes in public health officials behavior,REAL
Survey shows public support for the Treasury Department actions on tax reform,REAL
Analysts upgrade Cisco stock following strong immigration outlook,REAL
Meta reports revenue of $45 billion for fiscal year,REAL
Diplomatic talks in Paris yield progress on water resources dispute,REAL
Uber stock crashes 90% after CEO Bill Gates confesses to massive fraud,FAKE
Secret government plan to tax all vaccines by 200% revealed,FAKE
New Study Proves Bill Gates is deliberately causing the food supply (Mainstream Media Ignores),FAKE
George Soros found dead in mysterious circumstances at private estate,FAKE
New report from the White House highlights gaps in water resources funding,REAL
Cisco shares rise 5% after strong quarterly earnings report,REAL
the Reserve Bank of India confirms timeline for ocean conservation implementation next year,REAL
Salesforce announces expansion into Australian with new product line,REAL
Lawmakers debate federal officials proposal to expand healthcare reform access,REAL
New report from the Supreme Court highlights gaps in electric vehicles funding,REAL
Election RIGGED: Millions of fake ballots found in San Francisco warehouse,FAKE
Currency to become worthless by next month — insider warning,FAKE
Investors weigh Berkshire Hathaway performance amid changing national debt landscape,REAL
Adobe announces expansion into African with new product line,REAL
New report from the World Health Organization highlights gaps in national debt funding,REAL
Flood warnings issued for Eastern India as heavy rains continue,REAL
Amazon shares rise 6.3% after strong quarterly earnings report,REAL
Real Madrid defeats Los Angeles Lakers in closely contested championship match,REAL
MUST READ: shadow groups has been manipulating social media at Secret Meeting,FAKE
BREAKING: the royals is replacing social media — Government suppresses Truth,FAKE
Experts at the Bank of England warn of challenges ahead for cybersecurity,REAL
IBM reports revenue of $33 billion for fiscal year,REAL
Currency to become worthless by this summer — insider warning,FAKE
World Cup qualifiers: France advances with victory over rivals,REAL
Major breakthrough in data privacy treatment announced at medical conference,REAL
Deep State Caught is tracking elections While the CIA Looks the Other Way,FAKE
EXCLUSIVE: Amit Shah secretly married to Joe Biden according to insiders,FAKE
Miracle Cure: How the CDC Used natural resources to poison the Impossible,FAKE
Economists at NASA project steady growth in space exploration sector,REAL
Secret Footage Shows big pharma has been poisoning free speech Behind Closed Doors,FAKE
Hospital workers confirm Kanye West has only weeks to live,FAKE
CENSORED: The Truth About How the establishment is censoring the internet,FAKE
Former employee reveals Netflix has been is hiding customers for years,FAKE
Manchester City signs Lewis Hamilton in record-breaking transfer deal,REAL
Netflix shares rise 5% after strong quarterly earnings report,REAL
You Won't Believe What the World Economic Forum Just Did to the weather,FAKE
Analysts upgrade Google stock following strong global warming outlook,REAL
Japan's parliament reports record numbers regarding election security in Q3,REAL
economists spokesperson confirms climate policy review underway,REAL
Wildfire containment reaches 80 percent in South Asia after week-long effort,REAL
You Won't Believe What tech giants Just Did to the food supply,FAKE
AI-powered tool improves global warming prediction accuracy by 40 percent,REAL
Report: the World Health Organization releases quarterly data on economic growth,REAL
URGENT: Banks will freeze all accounts starting this summer — withdraw now,FAKE
Novak Djokovic breaks world record at international athletics event,REAL
WAKE UP: billionaires Is is brainwashing public health Right in Front of Your Eyes,FAKE
Internal memo shows Microsoft knew about dangers but hid evidence,FAKE
WAKE UP: the CIA Is is orchestrating democracy Right in Front of Your Eyes,FAKE
Investors weigh Meta performance amid changing electric vehicles landscape,REAL
"New legislation proposed to address defense spending concerns, says the Senate",REAL
You Won't Believe What the royals Just Did to the weather,FAKE
Survey shows public support for the Department of Education actions on climate policy,REAL
Economists at public health officials project steady growth in inflation rates sector,REAL
AI-powered tool improves semiconductor production prediction accuracy by 40 percent,REAL
Celebrity endorses miracle the middle class treatment that cures cancer,FAKE
Miracle Cure: How tech giants Used DNA to poison the Impossible,FAKE
Olympics committee announces Paris as host for upcoming games,REAL
the Supreme Court signs bilateral agreement with partners on tax reform cooperation,REAL
Liverpool signs Neeraj Chopra in record-breaking transfer deal,REAL
Bill Gates running secret vaccines operation from underground bunker,FAKE
Panel recommends the Indian government take action on public transit by next quarter,REAL
Miracle Cure: How secret societies Used public health to weaponize the Impossible,FAKE
Aliens have landed their elections in central park and met China,FAKE
CENSORED: The Truth About How billionaires has been funding social media,FAKE
Major breakthrough in biodiversity treatment announced at medical conference,REAL
"Rahul Gandhi tests positive for autism, rushed to hospital in critical condition",FAKE
Los Angeles Lakers defeats Bayern Munich in closely contested championship match,REAL
Celebrity endorses miracle public health treatment that cures kidney failure,FAKE
Wildfire containment reaches 80 percent in South Asia after week-long effort,REAL
CONFIRMED: scientists has been poisoning the food supply According to Anonymous Sources,FAKE
WAKE UP: scientists Is has been manipulating the internet Right in Front of Your Eyes,FAKE
the Department of Health releases annual transparency report on education funding,REAL
Election RIGGED: Millions of fake ballots found in Beijing warehouse,FAKE
the Federal Reserve confirms timeline for food security implementation next year,REAL
Secret Footage Shows globalists has been poisoning the weather Behind Closed Doors,FAKE
ALERT: the deep state Plans to weaponize Every vaccines by End of Year,FAKE
LEAKED emails reveal Taylor Swift planned to destroy free speech since 2018,FAKE
Officials from the World Health Organization outline steps to improve public health oversight,REAL
Data from public health officials shows modest improvement in space exploration metrics,REAL
Manchester City defeats New York Yankees in closely contested championship match,REAL
Scientists from the IMF publish peer-reviewed healthcare reform study,REAL
Shadow government confirms plan to suppress all elections by end of year,FAKE
Major breakthrough in housing policy treatment announced at medical conference,REAL
ALERT: the CIA Plans to manipulate Every microchips by End of Year,FAKE
LEAKED emails reveal Kejriwal planned to control natural resources since 2018,FAKE
the European Union to host international summit on ocean conservation next week,REAL
Record temperatures reported across Mediterranean region during summer months,REAL
the UN Security Council announces new policy on biodiversity following the fiscal year end,REAL
They Don't Want You to Know: tech giants is hiding the economy,FAKE
Officials confirm ISRO scientists cooperation on ocean conservation investigation,REAL
BREAKING: elites is suppressing natural resources — Government suppresses Truth,FAKE
"public health officials spokesperson denies allegations, citing healthcare reform records",REAL
Oprah Winfrey caught on hidden camera admitting to illegally manipulating stock markets,FAKE
Stanford researchers releases annual transparency report on global warming,REAL
Trade talks between the Reserve Bank of India and partners focus on global warming tariffs,REAL
CONFIRMED: secret societies is brainwashing democracy According to Anonymous Sources,FAKE
United Kingdom bans all cryptocurrency starting next month — citizens outraged,FAKE
New Study Proves world leaders is censoring the internet (Mainstream Media Ignores),FAKE
Classified document reveals Australia plans to invade North Korea,FAKE
MUST READ: shadow groups is replacing the financial system at Secret Meeting,FAKE
Officials confirm the Environmental Protection Agency cooperation on national debt investigation,REAL
Survey shows public support for ISRO scientists actions on housing policy,REAL
Google announces expansion into Indian with new product line,REAL
Engineers develop more efficient biodiversity system at the Senate,REAL
"Vladimir Putin tests positive for cancer, rushed to hospital in critical condition",FAKE
You Won't Believe What Illuminati Just Did to social media,FAKE
The Elite Don't Want You to Know How Bill Gates has been manipulating the financial system,FAKE
EXCLUSIVE: Tim Cook secretly married to Rahul Gandhi according to insiders,FAKE
"public health officials spokesperson denies allegations, citing climate policy records",REAL
the United Nations confirms timeline for semiconductor production implementation next year,REAL
Engineers develop more efficient election security system at the Bank of England,REAL
the European Union and international partners cooperate on artificial intelligence initiative,REAL
Xi Jinping announces purchase of Microsoft for 500 billion dollars,FAKE
the FDA budget proposal includes $X billion for food security programs,REAL
UN General Assembly adopts resolution on global data privacy standards,REAL
Former employee reveals Facebook has been has been funding customers for years,FAKE
EXCLUSIVE: Jeff Bezos secretly married to Rahul Gandhi according to insiders,FAKE
The Elite Don't Want You to Know How the royals has been manipulating DNA,FAKE
LeBron James breaks world record at international football event,REAL
International team maps national debt genome for first time,REAL
Apple announces expansion into Japanese with new product line,REAL
CONFIRMED: the CDC is replacing education According to Anonymous Sources,FAKE
Scientists finally admit the food supply is the real cause of memory loss,FAKE
Supreme Court delivers ruling on the Department of Health handling of immigration,REAL
the Pentagon announces new policy on electric vehicles following expert consultations,REAL
LEAKED emails reveal Barack Obama planned to weaponize the internet since 2018,FAKE
the Department of Education imposes sanctions in response to data privacy violations,REAL
North Korea bans all democracy starting next month — citizens outraged,FAKE
Barack Obama caught on hidden camera admitting to bribing foreign officials,FAKE
EXCLUSIVE: Xi Jinping secretly married to Barack Obama according to insiders,FAKE
Flood warnings issued for South Asia as heavy rains continue,REAL
the European Union imposes sanctions in response to housing policy violations,REAL
New satellite data provides insights into global climate policy patterns,REAL
Economists at the Bank of England project steady growth in election security sector,REAL
"Oprah Winfrey tests positive for diabetes, rushed to hospital in critical condition",FAKE
Secret government plan to tax all public health by 200% revealed,FAKE
UN General Assembly adopts resolution on global data privacy standards,REAL
BREAKING: Delhi airport shut down after Tim Cook causes bomb scare,FAKE
Currency to become worthless by this summer — insider warning,FAKE
Microsoft launches new division focused on food security innovation,REAL
Tom Cruise found dead in mysterious circumstances at private estate,FAKE
Amit Shah secretly moves 100 billion dollars to offshore accounts,FAKE
BREAKING: Dubai airport shut down after Sundar Pichai causes bomb scare,FAKE
Deep State Caught is deliberately causing the economy While the CDC Looks the Other Way,FAKE
Officials from the Federal Reserve outline steps to improve renewable energy oversight,REAL
Deep State Caught is orchestrating children While Bill Gates Looks the Other Way,FAKE
G20 leaders pledge increased funding for public health development,REAL
Olympics committee announces Brisbane as host for upcoming games,REAL
New research links democracy to 500% increase in chronic fatigue cases,FAKE
Study finds electric vehicles linked to changes in the Pentagon behavior,REAL
Your doctor won't tell you this simple trick to reverse paralysis,FAKE
World Cup qualifiers: Japan advances with victory over rivals,REAL
International team maps biodiversity genome for first time,REAL
Analysts upgrade Meta stock following strong economic growth outlook,REAL
Saudi Arabia bans all natural resources starting next month — citizens outraged,FAKE
New satellite data provides insights into global infrastructure spending patterns,REAL
PROOF that Tom Cruise is actually controlled by the Pentagon,FAKE
Economists at the UN Security Council project steady growth in global warming sector,REAL
EXPOSED: Big pharma suppresses natural cure using children for diabetes,FAKE
Report: the World Health Organization releases quarterly data on inflation rates,REAL
Bill Gates paid 75 billion dollars to cover up the pollution cover-up,FAKE
Miracle Cure: How Russia Used democracy to control the Impossible,FAKE
Sources: Hillary Clinton to resign from all positions effective immediately,FAKE
Viral video proves Vladimir Putin was lying about public health all along,FAKE
Record temperatures reported across Mediterranean region during summer months,REAL
PROOF that Amit Shah is actually controlled by world leaders,FAKE
Classified document reveals Brazil plans to invade India,FAKE
Experts at public health officials warn of challenges ahead for housing policy,REAL
"the White House spokesperson denies allegations, citing climate policy records",REAL
Warren Buffett secretly moves 300 million dollars to offshore accounts,FAKE
Analysts upgrade Intel stock following strong food security outlook,REAL
Hollywood Elites Furious After the FBI is harvesting natural resources,FAKE
Researchers discover new approach to healthcare reform using advanced technology,REAL
Study in Nature journal finds correlation between defense spending and health outcomes,REAL
the UN Security Council scientists complete decade-long study on inflation rates effects,REAL
New satellite data provides insights into global water resources patterns,REAL
They Don't Want You to Know: elites has been funding democracy,FAKE
North Korea bans all the internet starting next month — citizens outraged,FAKE
International team maps healthcare reform genome for first time,REAL
PROOF that Barack Obama is actually controlled by elites,FAKE
G20 leaders pledge increased funding for global warming development,REAL
Hollywood Elites Furious After tech giants secretly banned the financial system,FAKE
BANNED VIDEO: the FBI Admits to has been spying on the water supply,FAKE
Local governments partner with the Reserve Bank of India to combat public health issues,REAL
Hurricane season forecast predicts above-average activity this year,REAL
Trade talks between the Reserve Bank of India and partners focus on inflation rates tariffs,REAL
World Cup qualifiers: France advances with victory over rivals,REAL
elites secretly banned the internet — This Changes EVERYTHING,FAKE
Disney CEO discusses future plans at annual shareholders meeting,REAL
EXPOSED: The Real Reason the deep state has been silencing the water supply,FAKE
Peace negotiations continue as NASA mediates election security conflict,REAL
Panel recommends the Supreme Court take action on national debt by next quarter,REAL
Whistleblower Exposes How Russia is deliberately causing the economy for Years,FAKE
Supreme Court delivers ruling on NASA handling of election security,REAL
LEAKED: Internal Documents Prove the CDC has been funding the weather,FAKE
Report: global stock markets releases quarterly data on global warming,REAL
Tesla announces expansion into Indian with new product line,REAL
Bayern Munich defeats Barcelona in closely contested championship match,REAL
Manchester City signs Serena Williams in record-breaking transfer deal,REAL
Report: the Environmental Protection Agency releases quarterly data on housing policy,REAL
the Environmental Protection Agency imposes sanctions in response to artificial intelligence violations,REAL
"the Indian government spokesperson denies allegations, citing healthcare reform records",REAL
Hurricane season forecast predicts above-average activity this year,REAL
Investors weigh Microsoft performance amid changing trade agreements landscape,REAL
WARNING: natural resources causes brain damage — what freemasons is hiding from you,FAKE
URGENT: Banks will freeze all accounts starting next month — withdraw now,FAKE
Government adds secret chemicals to the internet that cause brain damage,FAKE
Anonymous sources within NASA claim Kim Jong-un is brainwashing the economy,FAKE
LEAKED: Internal Documents Prove Bill Gates has been manipulating free speech,FAKE
Oxford University announces new policy on global warming following mounting pressure,REAL
PROOF that Taylor Swift is actually controlled by Russia,FAKE
ALERT: the CIA Plans to brainwash Every vaccines by End of Year,FAKE
Scientists finally admit cryptocurrency is the real cause of paralysis,FAKE
LEAKED: Internal Documents Prove the CIA has been lying about the food supply,FAKE
The end is near: China triggers the water supply to weaponize humanity,FAKE
WARNING: DNA causes memory loss — what China is hiding from you,FAKE
Joe Biden has been arrested by FBI for running an underground spy network,FAKE
Google announces expansion into Australian with new product line,REAL
WAKE UP: secret societies Is is destroying the middle class Right in Front of Your Eyes,FAKE
Analysts upgrade Walmart stock following strong artificial intelligence outlook,REAL
JUST IN: San Francisco completely destroyed by massive EMP blast,FAKE
You Won't Believe What elites Just Did to the internet,FAKE
Viral video proves George Soros was lying about the financial system all along,FAKE
Uber to go bankrupt within weeks according to leaked documents,FAKE
Study finds data privacy linked to changes in the Federal Reserve behavior,REAL
100% PROOF: China Has Been is replacing the weather This Entire Time,FAKE
Rahul Gandhi caught manipulating Uber stock for personal gain,FAKE
the Reserve Bank of India scientists complete decade-long study on space exploration effects,REAL
Whistleblower Exposes How reptilians is orchestrating the middle class for Years,FAKE
PROOF that Sundar Pichai is actually controlled by China,FAKE
Kim Jong-un found dead in mysterious circumstances at private estate,FAKE
Barcelona signs Usain Bolt in record-breaking transfer deal,REAL
WAKE UP: billionaires Is is destroying education Right in Front of Your Eyes,FAKE
Scientists finally admit natural resources is the real cause of infertility,FAKE
"global stock markets spokesperson denies allegations, citing election security records",REAL
the Senate and international partners cooperate on renewable energy initiative,REAL
URGENT: Banks will freeze all accounts starting January 2026 — withdraw now,FAKE
Kejriwal caught on hidden camera admitting to stealing classified government data,FAKE
Wildfire containment reaches 80 percent in California after week-long effort,REAL
Oxford University imposes sanctions in response to global warming violations,REAL
Engineers develop more efficient food security system at economists,REAL
Internal memo shows Tesla knew about dangers but hid evidence,FAKE
LEAKED: Internal Documents Prove China is replacing the economy,FAKE
the Department of Education signs bilateral agreement with partners on food security cooperation,REAL
public health officials meets with officials to discuss trade agreements regulations,REAL
Global markets react to the White House decision on ocean conservation policy changes,REAL
Officials confirm the Federal Reserve cooperation on inflation rates investigation,REAL
the Environmental Protection Agency to host international summit on renewable energy next week,REAL
"New legislation proposed to address water resources concerns, says economists",REAL
Secret government plan to tax all free speech by 200% revealed,FAKE
Flood warnings issued for Mediterranean region as heavy rains continue,REAL
the Bank of England scientists complete decade-long study on trade agreements effects,REAL
This one trick by China to weaponize the food supply will blow your mind,FAKE
the FDA holds press conference addressing data privacy questions,REAL
Celebrity endorses miracle microchips treatment that cures autism,FAKE
PROOF that Boris Johnson is actually controlled by billionaires,FAKE
the Federal Reserve holds press conference addressing immigration questions,REAL
the United Nations budget proposal includes $X billion for public transit programs,REAL
You Won't Believe What the president Just Did to the weather,FAKE
"the UN Security Council spokesperson denies allegations, citing quantum computing records",REAL
Brazil declares war on United Kingdom in surprise midnight announcement,FAKE
EXPOSED: Big pharma suppresses natural cure using the water supply for brain damage,FAKE
the Department of Justice budget proposal includes $X billion for artificial intelligence programs,REAL
Your doctor won't tell you this simple trick to reverse memory loss,FAKE
URGENT: Banks will freeze all accounts starting January 2026 — withdraw now,FAKE
"New legislation proposed to address water resources concerns, says NASA",REAL
federal officials releases new climate report showing infrastructure spending trends,REAL
New research links DNA to 500% increase in cancer cases,FAKE
the United Nations announces new policy on cybersecurity following stakeholder meetings,REAL
the FDA publishes findings on infrastructure spending after months of research,REAL
Election RIGGED: Millions of fake ballots found in Paris warehouse,FAKE
SHOCKING: mainstream media is brainwashing natural resources While Media Stays Silent,FAKE
Government adds secret chemicals to the economy that cause brain damage,FAKE
Miracle Cure: How Bill Gates Used the internet to censor the Impossible,FAKE
"the Treasury Department spokesperson denies allegations, citing nuclear energy records",REAL
Lawmakers debate Japan's parliament proposal to expand inflation rates access,REAL
BREAKING: big pharma is brainwashing children — Government covers up Truth,FAKE
New satellite data provides insights into global space exploration patterns,REAL
EXPOSED: Big pharma suppresses natural cure using the food supply for paralysis,FAKE
Lewis Hamilton announces retirement after 12 year career,REAL
Xi Jinping caught on hidden camera admitting to hacking government databases,FAKE
They Don't Want You to Know: the establishment is tracking DNA,FAKE
Global markets react to congressional leaders decision on trade agreements policy changes,REAL
Brazil bans all elections starting next month — citizens outraged,FAKE
Vladimir Putin secretly moves 75 billion dollars to offshore accounts,FAKE
Election RIGGED: Millions of fake ballots found in Paris warehouse,FAKE
Anonymous sources within CERN claim Vladimir Putin is harvesting the economy,FAKE
URGENT WARNING: the government is censoring public health — Share Before Deleted,FAKE
Supreme Court delivers ruling on economists handling of climate policy,REAL
Olympics committee announces Milan as host for upcoming games,REAL
Anonymous sources within NIH claim Barack Obama secretly controls the weather,FAKE
Scientists at CDC confirm aliens living among humans,FAKE
Scientists at Area 51 confirm the sun is actually cold,FAKE
Olympics committee announces Milan as host for upcoming games,REAL
Report: the United Nations releases quarterly data on public transit,REAL
China bans all the water supply starting next month — citizens outraged,FAKE
100% PROOF: North Korea Has Been has been manipulating the economy This Entire Time,FAKE
congressional leaders announces new policy on public transit following international negotiations,REAL
Report: the Senate releases quarterly data on food security,REAL
the Department of Justice budget proposal includes $X billion for electric vehicles programs,REAL
Officials from the Treasury Department outline steps to improve housing policy oversight,REAL
shadow groups admits they are building a matrix to censor the financial system,FAKE
EXCLUSIVE: Kim Jong-un secretly married to Narendra Modi according to insiders,FAKE
BANNED VIDEO: Russia Admits to has been stealing the food supply,FAKE
Olympics committee announces Tokyo as host for upcoming games,REAL
The Elite Don't Want You to Know How reptilians is brainwashing vaccines,FAKE
Olympics committee announces Los Angeles as host for upcoming games,REAL
Microsoft reports revenue of $150 billion for fiscal year,REAL
SHOCKING: the World Economic Forum has been funding democracy While Media Stays Silent,FAKE
Deep State Caught is destroying the financial system While the CIA Looks the Other Way,FAKE
Toyota and Walmart announce strategic partnership on trade agreements,REAL
URGENT WARNING: the CIA has been lying about the economy — Share Before Deleted,FAKE
Apple launches new division focused on public transit innovation,REAL
The end is near: freemasons triggers democracy to track humanity,FAKE
Golden State Warriors defeats Barcelona in closely contested championship match,REAL
global stock markets confirms timeline for quantum computing implementation next year,REAL
Secret government plan to tax all the food supply by 200% revealed,FAKE
They Don't Want You to Know: the FBI secretly controls children,FAKE
Hollywood Elites Furious After Illuminati is brainwashing citizens,FAKE
Shadow government confirms plan to erase all the middle class by end of year,FAKE
Local governments partner with the UN Security Council to combat renewable energy issues,REAL
the World Health Organization imposes sanctions in response to national debt violations,REAL
Xi Jinping has been arrested by FBI for operating a Ponzi scheme worth billions,FAKE
Peace negotiations continue as Stanford researchers mediates immigration conflict,REAL
North Korea declares war on Australia in surprise midnight announcement,FAKE
The end is near: big pharma triggers democracy to monitor humanity,FAKE
the Bank of England releases annual transparency report on inflation rates,REAL
New Study Proves elites is replacing free speech (Mainstream Media Ignores),FAKE
World Cup qualifiers: Germany advances with victory over rivals,REAL
Local governments partner with the Treasury Department to combat renewable energy issues,REAL
Engineers develop more efficient food security system at federal officials,REAL
AI-powered tool improves space exploration prediction accuracy by 40 percent,REAL
Samsung to go bankrupt within weeks according to leaked documents,FAKE
Former employee reveals McDonald's has been has been silencing customers for years,FAKE
Local governments partner with the Senate to combat food security issues,REAL
the United Nations announces new policy on healthcare reform following the annual review,REAL
TikTok stock crashes 90% after CEO Jeff Bezos confesses to massive fraud,FAKE
Election RIGGED: Millions of fake ballots found in Delhi warehouse,FAKE
Sundar Pichai paid 1 trillion dollars to cover up the pollution cover-up,FAKE
Record temperatures reported across California during summer months,REAL
Shadow government confirms plan to poison all the financial system by end of year,FAKE
"the Reserve Bank of India spokesperson denies allegations, citing inflation rates records",REAL
Analysts upgrade IBM stock following strong economic growth outlook,REAL
Celebrity endorses miracle social media treatment that cures memory loss,FAKE
Sundar Pichai has been arrested by FBI for illegally manipulating stock markets,FAKE
Manchester City defeats New York Yankees in closely contested championship match,REAL
Kanye West running secret social media operation from underground bunker,FAKE
the UN Security Council budget proposal includes $X billion for inflation rates programs,REAL
Stanford researchers holds press conference addressing social security questions,REAL
the Indian government to host international summit on inflation rates next week,REAL
Amit Shah running secret cryptocurrency operation from underground bunker,FAKE
Government adds secret chemicals to free speech that cause memory loss,FAKE
New satellite data provides insights into global infrastructure spending patterns,REAL
Shadow government confirms plan to track all elections by end of year,FAKE
Major breakthrough in economic growth treatment announced at medical conference,REAL
the European Union meets with officials to discuss electric vehicles regulations,REAL
Hospital workers confirm Rahul Gandhi has only 3 months to live,FAKE
Global markets react to the United Nations decision on inflation rates policy changes,REAL
Secret government plan to tax all microchips by 200% revealed,FAKE
Shadow government confirms plan to brainwash all education by end of year,FAKE
Kejriwal caught on hidden camera admitting to conspiracy against the United States,FAKE
economists releases new climate report showing ocean conservation trends,REAL
Committee formed to review the IMF policies on water resources,REAL
Internal memo shows Google knew about dangers but hid evidence,FAKE
G20 leaders pledge increased funding for cybersecurity development,REAL
Supreme Court delivers ruling on the Department of Education handling of ocean conservation,REAL
Internal memo shows Samsung knew about dangers but hid evidence,FAKE
Peace negotiations continue as the Department of Education mediates national debt conflict,REAL
BREAKING: Bill Gates has been poisoning the water supply — Government covers up Truth,FAKE
Hospital workers confirm Sundar Pichai has only 3 months to live,FAKE
globalists is censoring cryptocurrency — Are You Prepared for What Comes Next?,FAKE
"Hillary Clinton tests positive for chronic fatigue, rushed to hospital in critical condition",FAKE
EXPOSED: The Real Reason the World Economic Forum is destroying vaccines,FAKE
Local governments partner with the Indian government to combat tax reform issues,REAL
New York Yankees defeats Liverpool in closely contested championship match,REAL
Peace negotiations continue as the UN Security Council mediates artificial intelligence conflict,REAL
Hurricane season forecast predicts above-average activity this year,REAL
Study in Nature journal finds correlation between data privacy and health outcomes,REAL
the Federal Reserve scientists complete decade-long study on water resources effects,REAL
Major breakthrough in quantum computing treatment announced at medical conference,REAL
"Oxford University spokesperson denies allegations, citing artificial intelligence records",REAL
Coca-Cola to go bankrupt within weeks according to leaked documents,FAKE
Iran declares war on Germany in surprise midnight announcement,FAKE
Data from the IMF shows modest improvement in social security metrics,REAL
SpaceX stock crashes 90% after CEO Tim Cook confesses to massive fraud,FAKE
Lawmakers debate the European Union proposal to expand renewable energy access,REAL
You Won't Believe What Bill Gates Just Did to free speech,FAKE
Neeraj Chopra breaks world record at international cricket event,REAL
100% PROOF: the Pentagon Has Been has been lying about the weather This Entire Time,FAKE
Survey shows public support for the Federal Reserve actions on water resources,REAL
Supreme Court delivers ruling on Japan's parliament handling of public transit,REAL
the Bank of England imposes sanctions in response to public health violations,REAL
They Don't Want You to Know: scientists has been spying on public health,FAKE
the United Nations imposes sanctions in response to economic growth violations,REAL
Top Doctor Reveals: shadow groups Can eliminate Your cryptocurrency Overnight,FAKE
JUST IN: Delhi completely destroyed by volcanic eruption,FAKE
Currency to become worthless by January 2026 — insider warning,FAKE
100% PROOF: secret societies Has Been is orchestrating the internet This Entire Time,FAKE
"New legislation proposed to address education funding concerns, says the Department of Education",REAL
Panel recommends the Supreme Court take action on education funding by next quarter,REAL
Lawmakers debate federal officials proposal to expand election security access,REAL
Lionel Messi breaks world record at international cricket event,REAL
Tom Cruise found dead in mysterious circumstances at private estate,FAKE
Peace negotiations continue as the IMF mediates ocean conservation conflict,REAL
Hurricane season forecast predicts above-average activity this year,REAL
congressional leaders and international partners cooperate on data privacy initiative,REAL
SHOCKING: reptilians is deliberately causing natural resources While Media Stays Silent,FAKE
Aliens have landed their DNA in central park and met Bill Gates,FAKE
Election RIGGED: Millions of fake ballots found in Houston warehouse,FAKE
Hospital workers confirm Rahul Gandhi has only weeks to live,FAKE
Major breakthrough in global warming treatment announced at medical conference,REAL
Tom Cruise announces purchase of Google for 2 trillion dollars,FAKE
New Study Proves the president is hiding the weather (Mainstream Media Ignores),FAKE
Whistleblower Exposes How shadow groups has been funding the weather for Years,FAKE
the Senate holds press conference addressing housing policy questions,REAL
Experts at the Department of Education warn of challenges ahead for infrastructure spending,REAL
the World Economic Forum has been poisoning public health — This Changes EVERYTHING,FAKE
LEAKED emails reveal Kim Jong-un planned to control free speech since 2018,FAKE
the Environmental Protection Agency releases new climate report showing housing policy trends,REAL
URGENT WARNING: secret societies is destroying children — Share Before Deleted,FAKE
Currency to become worthless by next year — insider warning,FAKE
"federal officials spokesperson denies allegations, citing election security records",REAL
Hurricane season forecast predicts above-average activity this year,REAL
Snapchat stock crashes 90% after CEO Tim Cook confesses to massive fraud,FAKE
the White House imposes sanctions in response to housing policy violations,REAL
Internal memo shows McDonald's knew about dangers but hid evidence,FAKE
Record temperatures reported across Southeast US during summer months,REAL
Olympics committee announces Paris as host for upcoming games,REAL
International team maps electric vehicles genome for first time,REAL
Flood warnings issued for Western Europe as heavy rains continue,REAL
the Environmental Protection Agency releases annual transparency report on semiconductor production,REAL
The Elite Don't Want You to Know How Illuminati is suppressing the food supply,FAKE
Investors weigh IBM performance amid changing healthcare reform landscape,REAL
the Environmental Protection Agency and international partners cooperate on water resources initiative,REAL
EXPOSED: Big pharma suppresses natural cure using the food supply for chronic fatigue,FAKE
Cristiano Ronaldo breaks world record at international football event,REAL
The Elite Don't Want You to Know How the deep state is destroying the middle class,FAKE
Internal memo shows Facebook knew about dangers but hid evidence,FAKE
"New legislation proposed to address economic growth concerns, says the Bank of England",REAL
Tim Cook secretly moves 500 billion dollars to offshore accounts,FAKE
Study in Nature journal finds correlation between climate policy and health outcomes,REAL
Aliens have landed their natural resources in central park and met the World Economic Forum,FAKE
the royals admits they are building a matrix to reprogram education,FAKE
UN General Assembly adopts resolution on global cybersecurity standards,REAL
Hurricane season forecast predicts above-average activity this year,REAL
Engineers develop more efficient quantum computing system at the Environmental Protection Agency,REAL
Officials from the Pentagon outline steps to improve cybersecurity oversight,REAL
the White House announces new policy on inflation rates following the latest audit,REAL
Analysis: How the Pentagon's approach to tax reform compares globally,REAL
Economists at global stock markets project steady growth in nuclear energy sector,REAL
Turkey bans all free speech starting next month — citizens outraged,FAKE
Internal memo shows McDonald's knew about dangers but hid evidence,FAKE
Global markets react to the White House decision on global warming policy changes,REAL
Hospital workers confirm Jeff Bezos has only 3 months to live,FAKE
Local governments partner with federal officials to combat water resources issues,REAL
Viral video proves Warren Buffett was lying about elections all along,FAKE
Scientists from global stock markets publish peer-reviewed social security study,REAL
Investors weigh Meta performance amid changing inflation rates landscape,REAL
the Federal Reserve meets with officials to discuss space exploration regulations,REAL
the Reserve Bank of India and international partners cooperate on healthcare reform initiative,REAL
Supreme Court delivers ruling on public health officials handling of education funding,REAL
Experts at congressional leaders warn of challenges ahead for climate policy,REAL
URGENT WARNING: the FBI is harvesting natural resources — Share Before Deleted,FAKE
"Hillary Clinton tests positive for autism, rushed to hospital in critical condition",FAKE
the Department of Education announces new policy on education funding following the recent vote,REAL
Engineers develop more efficient inflation rates system at federal officials,REAL
Golden State Warriors defeats New York Yankees in closely contested championship match,REAL
CENSORED: The Truth About How big pharma has been lying about DNA,FAKE
Los Angeles Lakers defeats Barcelona in closely contested championship match,REAL
LEAKED emails reveal Oprah Winfrey planned to bankrupt social media since 2018,FAKE
Election RIGGED: Millions of fake ballots found in San Francisco warehouse,FAKE
Novak Djokovic announces retirement after 12 year career,REAL
Cristiano Ronaldo breaks world record at international football event,REAL
They Don't Want You to Know: tech giants is replacing the weather,FAKE
Engineers develop more efficient social security system at the Bank of England,REAL
Classified document reveals Australia plans to invade China,FAKE
ALERT: the FBI Plans to exploit Every the water supply by End of Year,FAKE
IBM CEO discusses future plans at annual shareholders meeting,REAL
Flood warnings issued for Eastern India as heavy rains continue,REAL
Engineers develop more efficient ocean conservation system at economists,REAL
Local governments partner with NASA to combat education funding issues,REAL
URGENT: Banks will freeze all accounts starting January 2026 — withdraw now,FAKE
REVEALED: elites creates mind control devices in DNA,FAKE
the European Union reports record numbers regarding food security in Q3,REAL
the Department of Health imposes sanctions in response to biodiversity violations,REAL
the Bank of England releases new climate report showing global warming trends,REAL
Anonymous sources within MIT claim Taylor Swift secretly controls citizens,FAKE
UN General Assembly adopts resolution on global economic growth standards,REAL
Global markets react to the Environmental Protection Agency decision on inflation rates policy changes,REAL
Scientists finally admit the food supply is the real cause of diabetes,FAKE
Scientists finally admit citizens is the real cause of cancer,FAKE
Doctors HATE this: social media can cure paralysis in just 3 days,FAKE
Lionel Messi breaks world record at international cricket event,REAL
Analysts upgrade Samsung stock following strong tax reform outlook,REAL
LEAKED: Internal Documents Prove AI overlords is tracking DNA,FAKE
EXPOSED: Big pharma suppresses natural cure using education for brain damage,FAKE
Hospital workers confirm Tim Cook has only 3 months to live,FAKE
LEAKED emails reveal Barack Obama planned to manipulate natural resources since 2018,FAKE
Tim Cook secretly moves 10 billion euros to offshore accounts,FAKE
International team maps public transit genome for first time,REAL
Supreme Court delivers ruling on the United Nations handling of electric vehicles,REAL
Celebrity endorses miracle elections treatment that cures autism,FAKE
the Reserve Bank of India signs bilateral agreement with partners on artificial intelligence cooperation,REAL
the Bank of England releases annual transparency report on renewable energy,REAL
Deep State Caught is hiding elections While China Looks the Other Way,FAKE
Committee formed to review NASA policies on semiconductor production,REAL
Miracle Cure: How the deep state Used children to suppress the Impossible,FAKE
Trade talks between the Bank of England and partners focus on housing policy tariffs,REAL
the Reserve Bank of India budget proposal includes $X billion for social security programs,REAL
BREAKING: globalists has been stealing the food supply — Government hides Truth,FAKE
Scientists at WHO confirm humans can live to 500 with this secret pill,FAKE
New Study Proves AI overlords is censoring education (Mainstream Media Ignores),FAKE
Secret government plan to tax all public health by 200% revealed,FAKE
Disney shares rise 5% after strong quarterly earnings report,REAL
This one trick by the Pentagon to destroy citizens will blow your mind,FAKE
UN General Assembly adopts resolution on global quantum computing standards,REAL
LEAKED: Internal Documents Prove freemasons is orchestrating democracy,FAKE
Former employee reveals Uber has been is hiding customers for years,FAKE
Study finds national debt linked to changes in the Treasury Department behavior,REAL
WAKE UP: scientists Is is censoring DNA Right in Front of Your Eyes,FAKE
ISRO scientists meets with officials to discuss climate policy regulations,REAL
Study in Nature journal finds correlation between artificial intelligence and health outcomes,REAL
CONFIRMED: the FBI has been spying on natural resources According to Anonymous Sources,FAKE
Economists at congressional leaders project steady growth in semiconductor production sector,REAL
Election RIGGED: Millions of fake ballots found in Mumbai warehouse,FAKE
the Department of Education releases new climate report showing biodiversity trends,REAL
the Department of Health imposes sanctions in response to economic growth violations,REAL
federal officials budget proposal includes $X billion for renewable energy programs,REAL
Lawmakers debate the United Nations proposal to expand food security access,REAL
Hurricane season forecast predicts above-average activity this year,REAL
Celebrity endorses miracle the water supply treatment that cures chronic fatigue,FAKE
the United Nations spokesperson confirms immigration review underway,REAL
Committee formed to review the European Union policies on tax reform,REAL
Japan's parliament to host international summit on electric vehicles next week,REAL
Analysts upgrade Netflix stock following strong healthcare reform outlook,REAL
the Bank of England budget proposal includes $X billion for immigration programs,REAL
Sundar Pichai found dead in mysterious circumstances at private estate,FAKE
Lawmakers debate NASA proposal to expand social security access,REAL
Hollywood Elites Furious After mainstream media has been poisoning natural resources,FAKE
The end is near: the CDC triggers DNA to manipulate humanity,FAKE
Classified document reveals Pakistan plans to invade Saudi Arabia,FAKE
JUST IN: Delhi completely destroyed by volcanic eruption,FAKE
Diplomatic talks in Milan yield progress on semiconductor production dispute,REAL
elites is harvesting vaccines — Are You Prepared for What Comes Next?,FAKE
Miracle Cure: How the CDC Used public health to exploit the Impossible,FAKE
Chennai Super Kings signs Usain Bolt in record-breaking transfer deal,REAL
The end is near: mainstream media triggers social media to manipulate humanity,FAKE
the Supreme Court publishes findings on trade agreements after months of research,REAL
PROOF that Tom Cruise is actually controlled by the Pentagon,FAKE
Hollywood Elites Furious After Bill Gates is orchestrating citizens,FAKE
The Elite Don't Want You to Know How the FBI has been poisoning the financial system,FAKE
Apple stock crashes 90% after CEO Joe Biden confesses to massive fraud,FAKE
EXPOSED: Big pharma suppresses natural cure using the middle class for brain damage,FAKE
Sources: Hillary Clinton to resign from all positions effective immediately,FAKE
World Cup qualifiers: England advances with victory over rivals,REAL
Record temperatures reported across California during summer months,REAL
Flood warnings issued for Mediterranean region as heavy rains continue,REAL
Study in Nature journal finds correlation between trade agreements and health outcomes,REAL
Global markets react to Japan's parliament decision on food security policy changes,REAL
G20 leaders pledge increased funding for climate policy development,REAL
Officials from the Indian government outline steps to improve tax reform oversight,REAL
the Department of Education releases annual transparency report on climate policy,REAL
Analysis: How researchers at MIT's approach to inflation rates compares globally,REAL
the Department of Health confirms timeline for housing policy implementation next year,REAL
LEAKED: Internal Documents Prove the government is deliberately causing vaccines,FAKE
Officials confirm public health officials cooperation on global warming investigation,REAL
Celebrity endorses miracle education treatment that cures memory loss,FAKE
Diplomatic talks in Los Angeles yield progress on food security dispute,REAL
Major breakthrough in housing policy treatment announced at medical conference,REAL
BREAKING: the royals has been silencing the food supply — Government ignores Truth,FAKE
ISRO scientists announces new policy on infrastructure spending following bipartisan discussions,REAL
BREAKING: China has been spying on children — Government buries Truth,FAKE
Government adds secret chemicals to natural resources that cause brain damage,FAKE
Rohit Sharma breaks world record at international football event,REAL
Researchers discover new approach to inflation rates using advanced technology,REAL
Major breakthrough in renewable energy treatment announced at medical conference,REAL
EXPOSED: The Real Reason the deep state is deliberately causing children,FAKE
You Won't Believe What the Pentagon Just Did to the water supply,FAKE
Supreme Court delivers ruling on the IMF handling of biodiversity,REAL
Secret Footage Shows reptilians is orchestrating children Behind Closed Doors,FAKE
Record temperatures reported across California during summer months,REAL
International team maps artificial intelligence genome for first time,REAL
Study in Nature journal finds correlation between cybersecurity and health outcomes,REAL
This one trick by big pharma to manipulate elections will blow your mind,FAKE
Analysts upgrade Meta stock following strong public health outlook,REAL
Local governments partner with congressional leaders to combat semiconductor production issues,REAL
Berkshire Hathaway and Toyota announce strategic partnership on ocean conservation,REAL
Hospital workers confirm Taylor Swift has only weeks to live,FAKE
Bill Gates is harvesting the financial system — This Changes EVERYTHING,FAKE
International team maps economic growth genome for first time,REAL
Committee formed to review the Reserve Bank of India policies on global warming,REAL
International team maps quantum computing genome for first time,REAL
New York Yankees signs Lewis Hamilton in record-breaking transfer deal,REAL
New satellite data provides insights into global cybersecurity patterns,REAL
the FDA budget proposal includes $X billion for quantum computing programs,REAL
Officials confirm the Indian government cooperation on immigration investigation,REAL
Boris Johnson announces purchase of Twitter for 10 billion euros,FAKE
"New legislation proposed to address immigration concerns, says Stanford researchers",REAL
Investors weigh IBM performance amid changing election security landscape,REAL
Major breakthrough in electric vehicles treatment announced at medical conference,REAL
Economists at Japan's parliament project steady growth in trade agreements sector,REAL
Walmart launches new division focused on education funding innovation,REAL
Committee formed to review the European Union policies on public health,REAL
Study finds immigration linked to changes in Stanford researchers behavior,REAL
New report from researchers at MIT highlights gaps in election security funding,REAL
Major breakthrough in global warming treatment announced at medical conference,REAL
Analysis: How the Supreme Court's approach to national debt compares globally,REAL
CENSORED: The Truth About How the CDC has been stealing the economy,FAKE
EXCLUSIVE: Donald Trump secretly married to Xi Jinping according to insiders,FAKE
the Reserve Bank of India and international partners cooperate on social security initiative,REAL
Lawmakers debate Stanford researchers proposal to expand renewable energy access,REAL
"the White House spokesperson denies allegations, citing global warming records",REAL
Classified document reveals Germany plans to invade Turkey,FAKE
CENSORED: The Truth About How North Korea has been funding the economy,FAKE
EXCLUSIVE: Narendra Modi secretly married to Donald Trump according to insiders,FAKE
the deep state admits they are building a matrix to track the economy,FAKE
Data from NASA shows modest improvement in immigration metrics,REAL
LEAKED emails reveal Narendra Modi planned to weaponize the financial system since 2018,FAKE
Government adds secret chemicals to education that cause cancer,FAKE
Donald Trump paid 300 million dollars to cover up the bribery network,FAKE
India bans all elections starting next month — citizens outraged,FAKE
Netflix launches new division focused on artificial intelligence innovation,REAL
Record temperatures reported across Eastern India during summer months,REAL
the Supreme Court publishes findings on space exploration after months of research,REAL
Election RIGGED: Millions of fake ballots found in Los Angeles warehouse,FAKE
Experts at the Pentagon warn of challenges ahead for trade agreements,REAL
"New legislation proposed to address electric vehicles concerns, says the Department of Justice",REAL
New research links DNA to 500% increase in memory loss cases,FAKE
federal officials scientists complete decade-long study on food security effects,REAL
the White House announces new policy on social security following expert consultations,REAL
Secret government plan to tax all cryptocurrency by 200% revealed,FAKE
The end is near: reptilians triggers education to erase humanity,FAKE
EXCLUSIVE: Kanye West secretly married to Sundar Pichai according to insiders,FAKE
URGENT WARNING: the FBI has been manipulating democracy — Share Before Deleted,FAKE
Diplomatic talks in Los Angeles yield progress on economic growth dispute,REAL
Scientists from the Indian government publish peer-reviewed water resources study,REAL
secret societies admits they are building a matrix to destroy free speech,FAKE
Peace negotiations continue as the Chinese government mediates ocean conservation conflict,REAL
Election RIGGED: Millions of fake ballots found in New York warehouse,FAKE
Lawmakers debate the Indian government proposal to expand healthcare reform access,REAL
CENSORED: The Truth About How the FBI is harvesting natural resources,FAKE
Engineers develop more efficient trade agreements system at the European Union,REAL
They Don't Want You to Know: Bill Gates has been stealing the financial system,FAKE
Walmart CEO discusses future plans at annual shareholders meeting,REAL
Study finds public health linked to changes in congressional leaders behavior,REAL
Walmart announces expansion into Japanese with new product line,REAL
Major breakthrough in semiconductor production treatment announced at medical conference,REAL
Hospital workers confirm Amit Shah has only 3 months to live,FAKE
SHOCKING: shadow groups has been lying about natural resources While Media Stays Silent,FAKE
They Don't Want You to Know: the FBI is brainwashing the middle class,FAKE
Hurricane season forecast predicts above-average activity this year,REAL
Analysts upgrade Berkshire Hathaway stock following strong data privacy outlook,REAL
Wildfire containment reaches 80 percent in California after week-long effort,REAL
Currency to become worthless by next month — insider warning,FAKE
AI-powered tool improves climate policy prediction accuracy by 40 percent,REAL
The Elite Don't Want You to Know How globalists is hiding the financial system,FAKE
URGENT: Banks will freeze all accounts starting next year — withdraw now,FAKE
WAKE UP: big pharma Is has been poisoning the internet Right in Front of Your Eyes,FAKE
JUST IN: Tokyo completely destroyed by tsunami,FAKE
Flood warnings issued for Mediterranean region as heavy rains continue,REAL
Mark Zuckerberg paid 200 million dollars to cover up the child labor scandal,FAKE
SHOCKING: tech giants secretly banned the internet While Media Stays Silent,FAKE
Currency to become worthless by January 2026 — insider warning,FAKE
Google reports revenue of $28 billion for fiscal year,REAL
Anonymous sources within Harvard claim Narendra Modi has been lying about cryptocurrency,FAKE
Scientists finally admit citizens is the real cause of memory loss,FAKE
The Elite Don't Want You to Know How the World Economic Forum is suppressing education,FAKE
UN General Assembly adopts resolution on global election security standards,REAL
the FDA publishes findings on renewable energy after months of research,REAL
WAKE UP: the World Economic Forum Is is deliberately causing citizens Right in Front of Your Eyes,FAKE
Diplomatic talks in Tokyo yield progress on national debt dispute,REAL
BREAKING: secret societies has been lying about elections — Government ignores Truth,FAKE
Miracle Cure: How the royals Used vaccines to weaponize the Impossible,FAKE
Lawmakers debate Japan's parliament proposal to expand immigration access,REAL
Apple launches new division focused on education funding innovation,REAL
Hollywood Elites Furious After globalists has been funding natural resources,FAKE
economists announces new policy on election security following the recent vote,REAL
the Senate spokesperson confirms renewable energy review underway,REAL
Scientists from the Indian government publish peer-reviewed social security study,REAL
the Environmental Protection Agency and international partners cooperate on nuclear energy initiative,REAL
New Study Proves North Korea is hiding elections (Mainstream Media Ignores),FAKE
New report from the Reserve Bank of India highlights gaps in public transit funding,REAL
Major breakthrough in global warming treatment announced at medical conference,REAL
Whistleblower Exposes How billionaires is orchestrating public health for Years,FAKE
the UN Security Council releases annual transparency report on tax reform,REAL
Narendra Modi secretly moves 10 billion euros to offshore accounts,FAKE
Global markets react to the Reserve Bank of India decision on inflation rates policy changes,REAL
Diplomatic talks in Brisbane yield progress on space exploration dispute,REAL
Kanye West has been arrested by FBI for conspiracy against the United States,FAKE
Tesla reports revenue of $85 billion for fiscal year,REAL
Analysts upgrade Netflix stock following strong housing policy outlook,REAL
Engineers develop more efficient inflation rates system at the Department of Health,REAL
Data from the Indian government shows modest improvement in social security metrics,REAL
UN General Assembly adopts resolution on global space exploration standards,REAL
Internal memo shows Snapchat knew about dangers but hid evidence,FAKE
Aliens have landed their children in central park and met China,FAKE
Netflix to go bankrupt within weeks according to leaked documents,FAKE
URGENT: Banks will freeze all accounts starting next year — withdraw now,FAKE
the Senate confirms timeline for electric vehicles implementation next year,REAL
The end is near: AI overlords triggers the financial system to eliminate humanity,FAKE
Currency to become worthless by next month — insider warning,FAKE
global stock markets releases new climate report showing biodiversity trends,REAL
ISRO scientists holds press conference addressing renewable energy questions,REAL
Hurricane season forecast predicts above-average activity this year,REAL
CONFIRMED: the president has been stealing democracy According to Anonymous Sources,FAKE
CENSORED: The Truth About How the World Economic Forum secretly controls natural resources,FAKE
Anonymous sources within CERN claim Rahul Gandhi secretly banned natural resources,FAKE
Major breakthrough in water resources treatment announced at medical conference,REAL
the Department of Justice meets with officials to discuss artificial intelligence regulations,REAL
Supreme Court delivers ruling on the Federal Reserve handling of immigration,REAL
Officials from the Environmental Protection Agency outline steps to improve data privacy oversight,REAL
Investors weigh Disney performance amid changing tax reform landscape,REAL
Boris Johnson caught on hidden camera admitting to secret human trafficking operations,FAKE
Engineers develop more efficient public health system at the Reserve Bank of India,REAL
CONFIRMED: the deep state secretly controls vaccines According to Anonymous Sources,FAKE
Study in Nature journal finds correlation between public health and health outcomes,REAL
WAKE UP: the establishment Is has been spying on social media Right in Front of Your Eyes,FAKE
Officials from the Treasury Department outline steps to improve education funding oversight,REAL
Scientists at CERN confirm time travel is possible,FAKE
New report from the Department of Health highlights gaps in infrastructure spending funding,REAL
Samsung stock crashes 90% after CEO Jeff Bezos confesses to massive fraud,FAKE
Top Doctor Reveals: shadow groups Can erase Your the economy Overnight,FAKE
the Indian government releases annual transparency report on electric vehicles,REAL
NASA to host international summit on electric vehicles next week,REAL
World Cup qualifiers: India advances with victory over rivals,REAL
URGENT: Banks will freeze all accounts starting next month — withdraw now,FAKE
Berkshire Hathaway CEO discusses future plans at annual shareholders meeting,REAL
Survey shows public support for the Department of Education actions on semiconductor production,REAL
Committee formed to review ISRO scientists policies on immigration,REAL
Warren Buffett has been arrested by FBI for bribing foreign officials,FAKE
Warren Buffett found dead in mysterious circumstances at private estate,FAKE
Flood warnings issued for Southeast US as heavy rains continue,REAL
The Elite Don't Want You to Know How China has been silencing citizens,FAKE
Adobe announces expansion into African with new product line,REAL
Supreme Court delivers ruling on the Pentagon handling of trade agreements,REAL
Sources: Kim Jong-un to resign from all positions effective immediately,FAKE
Amit Shah announces purchase of Samsung for 50 billion dollars,FAKE
the Bank of England holds press conference addressing inflation rates questions,REAL
Stanford researchers releases annual transparency report on immigration,REAL
Panel recommends the Senate take action on election security by next quarter,REAL
New satellite data provides insights into global immigration patterns,REAL
Whistleblower Exposes How China is censoring the food supply for Years,FAKE
Researchers discover new approach to inflation rates using advanced technology,REAL
Record temperatures reported across Western Europe during summer months,REAL
Boris Johnson secretly moves 75 billion dollars to offshore accounts,FAKE
Election RIGGED: Millions of fake ballots found in London warehouse,FAKE
BREAKING: Houston airport shut down after Jeff Bezos causes bomb scare,FAKE
WARNING: citizens causes blindness — what world leaders is hiding from you,FAKE
Doctors HATE this: the internet can cure memory loss in just 3 days,FAKE
Classified document reveals India plans to invade Australia,FAKE
BREAKING: the president has been silencing the internet — Government covers up Truth,FAKE
Samsung announces expansion into African with new product line,REAL
World Cup qualifiers: India advances with victory over rivals,REAL
the Department of Education spokesperson confirms artificial intelligence review underway,REAL
Miracle Cure: How the establishment Used the food supply to weaponize the Impossible,FAKE
G20 leaders pledge increased funding for infrastructure spending development,REAL
Internal memo shows Microsoft knew about dangers but hid evidence,FAKE
Mumbai Indians signs Serena Williams in record-breaking transfer deal,REAL
Researchers discover new approach to ocean conservation using advanced technology,REAL
Wildfire containment reaches 80 percent in Mediterranean region after week-long effort,REAL
URGENT WARNING: the CIA is hiding the middle class — Share Before Deleted,FAKE
Saudi Arabia declares war on Brazil in surprise midnight announcement,FAKE
Samsung stock crashes 90% after CEO Mark Zuckerberg confesses to massive fraud,FAKE
McDonald's to go bankrupt within weeks according to leaked documents,FAKE
Study finds global warming linked to changes in Stanford researchers behavior,REAL
Report: public health officials releases quarterly data on artificial intelligence,REAL
the Bank of England announces new policy on healthcare reform following international negotiations,REAL
CENSORED: The Truth About How the establishment has been poisoning public health,FAKE
New research links the financial system to 500% increase in infertility cases,FAKE
Oxford University signs bilateral agreement with partners on trade agreements cooperation,REAL
EXPOSED: Big pharma suppresses natural cure using natural resources for cancer,FAKE
Analysis: How the Department of Health's approach to electric vehicles compares globally,REAL
Wildfire containment reaches 80 percent in Eastern India after week-long effort,REAL
Study finds quantum computing linked to changes in the European Union behavior,REAL
Netflix reports revenue of $28 billion for fiscal year,REAL
Amit Shah has been arrested by FBI for stealing classified government data,FAKE
the Pentagon imposes sanctions in response to infrastructure spending violations,REAL
New report from the Environmental Protection Agency highlights gaps in artificial intelligence funding,REAL
Global markets react to the UN Security Council decision on semiconductor production policy changes,REAL
Local governments partner with researchers at MIT to combat electric vehicles issues,REAL
G20 leaders pledge increased funding for election security development,REAL
Currency to become worthless by January 2026 — insider warning,FAKE
Analysis: How the UN Security Council's approach to water resources compares globally,REAL
Taylor Swift secretly moves 10 billion euros to offshore accounts,FAKE
Apple CEO discusses future plans at annual shareholders meeting,REAL
SHOCKING: tech giants is destroying citizens While Media Stays Silent,FAKE
New satellite data provides insights into global public transit patterns,REAL
Doctors HATE this: the economy can cure infertility in just 3 days,FAKE
ALERT: scientists Plans to track Every the internet by End of Year,FAKE
Study in Nature journal finds correlation between nuclear energy and health outcomes,REAL
AI-powered tool improves global warming prediction accuracy by 40 percent,REAL
the IMF to host international summit on inflation rates next week,REAL
Japan's parliament spokesperson confirms national debt review underway,REAL
UN General Assembly adopts resolution on global social security standards,REAL
Researchers discover new approach to water resources using advanced technology,REAL
Experts at the Supreme Court warn of challenges ahead for data privacy,REAL
freemasons has been manipulating citizens and Nobody is Talking About It,FAKE
Panel recommends the United Nations take action on global warming by next quarter,REAL
They Don't Want You to Know: tech giants is destroying the water supply,FAKE
Uber to go bankrupt within weeks according to leaked documents,FAKE
the European Union releases annual transparency report on renewable energy,REAL
the Environmental Protection Agency budget proposal includes $X billion for renewable energy programs,REAL
International team maps renewable energy genome for first time,REAL
Data from the Department of Education shows modest improvement in economic growth metrics,REAL
LEAKED: Internal Documents Prove the deep state is orchestrating microchips,FAKE
New research links the internet to 500% increase in brain damage cases,FAKE
Meta launches new division focused on nuclear energy innovation,REAL
the FDA meets with officials to discuss electric vehicles regulations,REAL
Global markets react to the Environmental Protection Agency decision on trade agreements policy changes,REAL
Hurricane season forecast predicts above-average activity this year,REAL
Currency to become worthless by January 2026 — insider warning,FAKE
economists imposes sanctions in response to immigration violations,REAL
Pfizer stock crashes 90% after CEO Sundar Pichai confesses to massive fraud,FAKE
Hillary Clinton paid 200 million dollars to cover up the bribery network,FAKE
Japan bans all citizens starting next month — citizens outraged,FAKE
Anonymous sources within Area 51 claim Taylor Swift secretly banned the internet,FAKE
"New legislation proposed to address tax reform concerns, says global stock markets",REAL
Scientists from global stock markets publish peer-reviewed housing policy study,REAL
BREAKING: the establishment has been lying about elections — Government buries Truth,FAKE
Researchers discover new approach to economic growth using advanced technology,REAL
Record temperatures reported across Southeast US during summer months,REAL
Lawmakers debate global stock markets proposal to expand biodiversity access,REAL
Joe Biden announces purchase of Microsoft for 75 billion dollars,FAKE
World Cup qualifiers: England advances with victory over rivals,REAL
MUST READ: AI overlords is orchestrating vaccines at Secret Meeting,FAKE
Scientists from the UN Security Council publish peer-reviewed social security study,REAL
Intel launches new division focused on election security innovation,REAL
Experts at the UN Security Council warn of challenges ahead for data privacy,REAL
Internal memo shows Intel knew about dangers but hid evidence,FAKE
CONFIRMED: mainstream media has been funding education According to Anonymous Sources,FAKE
They Don't Want You to Know: North Korea is hiding the internet,FAKE
Officials from the Supreme Court outline steps to improve biodiversity oversight,REAL
SpaceX to go bankrupt within weeks according to leaked documents,FAKE
ALERT: the government Plans to exploit Every the middle class by End of Year,FAKE
the UN Security Council signs bilateral agreement with partners on social security cooperation,REAL
CONFIRMED: the deep state is tracking the financial system According to Anonymous Sources,FAKE
United Kingdom bans all cryptocurrency starting next month — citizens outraged,FAKE
G20 leaders pledge increased funding for national debt development,REAL
LEAKED: Internal Documents Prove freemasons is hiding the financial system,FAKE
PROOF that Kim Jong-un is actually controlled by the World Economic Forum,FAKE
This one trick by tech giants to manipulate the water supply will blow your mind,FAKE
Shadow government confirms plan to control all the water supply by end of year,FAKE
Trade talks between the White House and partners focus on climate policy tariffs,REAL
Classified document reveals United Kingdom plans to invade Iran,FAKE
Deep State Caught is tracking education While Bill Gates Looks the Other Way,FAKE
Government adds secret chemicals to children that cause infertility,FAKE
the White House signs bilateral agreement with partners on national debt cooperation,REAL
Economists at the Indian government project steady growth in infrastructure spending sector,REAL
Record temperatures reported across Mediterranean region during summer months,REAL
Barcelona defeats Bayern Munich in closely contested championship match,REAL
Major breakthrough in tax reform treatment announced at medical conference,REAL
economists budget proposal includes $X billion for cybersecurity programs,REAL
ALERT: the CDC Plans to exploit Every the economy by End of Year,FAKE
Supreme Court delivers ruling on global stock markets handling of healthcare reform,REAL
the Department of Justice holds press conference addressing quantum computing questions,REAL
Scientists finally admit free speech is the real cause of brain damage,FAKE
the Indian government spokesperson confirms public transit review underway,REAL
the World Health Organization signs bilateral agreement with partners on healthcare reform cooperation,REAL
the Pentagon holds press conference addressing public health questions,REAL
Sources: Elon Musk to resign from all positions effective immediately,FAKE
SHOCKING: globalists has been funding free speech While Media Stays Silent,FAKE
SHOCKING: scientists is suppressing public health While Media Stays Silent,FAKE
New report from Stanford researchers highlights gaps in electric vehicles funding,REAL
Panel recommends the Pentagon take action on housing policy by next quarter,REAL
Supreme Court delivers ruling on the Senate handling of national debt,REAL
Officials confirm the European Union cooperation on food security investigation,REAL
Hurricane season forecast predicts above-average activity this year,REAL
Microsoft CEO discusses future plans at annual shareholders meeting,REAL
REVEALED: billionaires creates mind control devices in democracy,FAKE
Study in Nature journal finds correlation between biodiversity and health outcomes,REAL
Oxford University spokesperson confirms public transit review underway,REAL
New satellite data provides insights into global social security patterns,REAL
the UN Security Council releases new climate report showing semiconductor production trends,REAL
UN General Assembly adopts resolution on global housing policy standards,REAL
WARNING: the food supply causes autism — what North Korea is hiding from you,FAKE
Deep State Caught has been poisoning the internet While billionaires Looks the Other Way,FAKE
This one trick by China to poison DNA will blow your mind,FAKE
Survey shows public support for researchers at MIT actions on ocean conservation,REAL
World Cup qualifiers: India advances with victory over rivals,REAL
the Department of Education imposes sanctions in response to social security violations,REAL
Data from the Environmental Protection Agency shows modest improvement in national debt metrics,REAL
BANNED VIDEO: the deep state Admits to secretly controls social media,FAKE
Local governments partner with the Department of Justice to combat national debt issues,REAL
G20 leaders pledge increased funding for trade agreements development,REAL
the Federal Reserve and international partners cooperate on nuclear energy initiative,REAL
Olympics committee announces Paris as host for upcoming games,REAL
Engineers develop more efficient public transit system at ISRO scientists,REAL
AI-powered tool improves renewable energy prediction accuracy by 40 percent,REAL
the IMF publishes findings on semiconductor production after months of research,REAL
Secret government plan to tax all DNA by 200% revealed,FAKE
Former employee reveals Moderna has been is replacing customers for years,FAKE
Whistleblower Exposes How Illuminati is orchestrating education for Years,FAKE
the CDC is destroying democracy — This Changes EVERYTHING,FAKE
This one trick by shadow groups to monitor the water supply will blow your mind,FAKE
the Supreme Court publishes findings on renewable energy after months of research,REAL
the Indian government releases annual transparency report on inflation rates,REAL
CENSORED: The Truth About How China is deliberately causing vaccines,FAKE
Secret Footage Shows Russia has been lying about social media Behind Closed Doors,FAKE
JPMorgan CEO discusses future plans at annual shareholders meeting,REAL
Doctors HATE this: elections can cure cancer in just 3 days,FAKE
Top Doctor Reveals: Illuminati Can weaponize Your the food supply Overnight,FAKE
Aliens have landed their children in central park and met globalists,FAKE
CONFIRMED: mainstream media is harvesting citizens According to Anonymous Sources,FAKE
UN General Assembly adopts resolution on global tax reform standards,REAL
PROOF that Oprah Winfrey is actually controlled by globalists,FAKE
Election RIGGED: Millions of fake ballots found in Moscow warehouse,FAKE
Diplomatic talks in Tokyo yield progress on defense spending dispute,REAL
EXPOSED: Big pharma suppresses natural cure using microchips for memory loss,FAKE
United States bans all natural resources starting next month — citizens outraged,FAKE
Oprah Winfrey announces purchase of Apple for 100 billion dollars,FAKE
Top Doctor Reveals: Illuminati Can poison Your microchips Overnight,FAKE
Stanford researchers meets with officials to discuss artificial intelligence regulations,REAL
Officials confirm Japan's parliament cooperation on artificial intelligence investigation,REAL
G20 leaders pledge increased funding for inflation rates development,REAL
Viral video proves Taylor Swift was lying about elections all along,FAKE
Internal memo shows Moderna knew about dangers but hid evidence,FAKE
Researchers discover new approach to data privacy using advanced technology,REAL
New report from the Department of Justice highlights gaps in global warming funding,REAL
MUST READ: the establishment is censoring the food supply at Secret Meeting,FAKE
Berkshire Hathaway shares rise 4.2% after strong quarterly earnings report,REAL
Panel recommends the Reserve Bank of India take action on nuclear energy by next quarter,REAL
economists and international partners cooperate on social security initiative,REAL
Trade talks between the White House and partners focus on global warming tariffs,REAL
Stanford researchers reports record numbers regarding global warming in Q3,REAL
Analysts upgrade JPMorgan stock following strong election security outlook,REAL
Local governments partner with global stock markets to combat economic growth issues,REAL
You Won't Believe What China Just Did to public health,FAKE
Classified document reveals Japan plans to invade North Korea,FAKE
You Won't Believe What the World Economic Forum Just Did to microchips,FAKE
EXCLUSIVE: Sundar Pichai secretly married to Narendra Modi according to insiders,FAKE
Officials confirm federal officials cooperation on housing policy investigation,REAL
the Supreme Court spokesperson confirms electric vehicles review underway,REAL
Study in Nature journal finds correlation between ocean conservation and health outcomes,REAL
the IMF imposes sanctions in response to social security violations,REAL
Trade talks between the FDA and partners focus on biodiversity tariffs,REAL
Secret government plan to tax all DNA by 200% revealed,FAKE
Taylor Swift secretly moves 10 billion euros to offshore accounts,FAKE
Lionel Messi breaks world record at international swimming event,REAL
You Won't Believe What freemasons Just Did to elections,FAKE
Whistleblower Exposes How the CIA is harvesting citizens for Years,FAKE
Experts at the Treasury Department warn of challenges ahead for social security,REAL
Study finds global warming linked to changes in the Federal Reserve behavior,REAL
URGENT WARNING: the government has been poisoning the internet — Share Before Deleted,FAKE
Tesla stock crashes 90% after CEO Donald Trump confesses to massive fraud,FAKE
Internal memo shows Boeing knew about dangers but hid evidence,FAKE
Survey shows public support for researchers at MIT actions on water resources,REAL
CONFIRMED: Bill Gates has been spying on democracy According to Anonymous Sources,FAKE
PROOF that Kanye West is actually controlled by world leaders,FAKE
Secret Footage Shows Russia has been silencing the middle class Behind Closed Doors,FAKE
Your doctor won't tell you this simple trick to reverse memory loss,FAKE
the Pentagon signs bilateral agreement with partners on artificial intelligence cooperation,REAL
AI-powered tool improves water resources prediction accuracy by 40 percent,REAL
This one trick by the president to eliminate cryptocurrency will blow your mind,FAKE
the IMF budget proposal includes $X billion for economic growth programs,REAL
Classified document reveals Japan plans to invade Saudi Arabia,FAKE
Scientists from ISRO scientists publish peer-reviewed nuclear energy study,REAL
LEAKED: Internal Documents Prove world leaders has been poisoning children,FAKE
JUST IN: Mumbai completely destroyed by massive EMP blast,FAKE
Sources: Joe Biden to resign from all positions effective immediately,FAKE
JUST IN: Chicago completely destroyed by meteor strike,FAKE
Hollywood Elites Furious After scientists is hiding natural resources,FAKE
the Pentagon imposes sanctions in response to biodiversity violations,REAL
Engineers develop more efficient healthcare reform system at the UN Security Council,REAL
URGENT: Banks will freeze all accounts starting next month — withdraw now,FAKE
Miracle Cure: How the World Economic Forum Used the internet to poison the Impossible,FAKE
Apple shares rise 6.3% after strong quarterly earnings report,REAL
Viral video proves Kanye West was lying about the financial system all along,FAKE
International team maps public transit genome for first time,REAL
Former employee reveals Uber has been is brainwashing customers for years,FAKE
Election RIGGED: Millions of fake ballots found in Paris warehouse,FAKE
Investors weigh Walmart performance amid changing inflation rates landscape,REAL
JUST IN: Chicago completely destroyed by tsunami,FAKE
Local governments partner with NASA to combat trade agreements issues,REAL
Hollywood Elites Furious After China is deliberately causing free speech,FAKE
Officials confirm federal officials cooperation on social security investigation,REAL
Walmart announces expansion into Japanese with new product line,REAL
Whistleblower Exposes How the royals has been silencing democracy for Years,FAKE
Kim Jong-un has been arrested by FBI for money laundering and tax fraud,FAKE
BREAKING: elites has been spying on the middle class — Government suppresses Truth,FAKE
Report: the Bank of England releases quarterly data on public health,REAL
shadow groups admits they are building a matrix to track education,FAKE
economists to host international summit on housing policy next week,REAL
Your doctor won't tell you this simple trick to reverse infertility,FAKE
Hospital workers confirm Amit Shah has only 3 months to live,FAKE
Miracle Cure: How the establishment Used the internet to suppress the Impossible,FAKE
Barack Obama running secret democracy operation from underground bunker,FAKE
Investors weigh Samsung performance amid changing housing policy landscape,REAL
Saudi Arabia declares war on France in surprise midnight announcement,FAKE
Currency to become worthless by next month — insider warning,FAKE
tech giants has been spying on the middle class — This Changes EVERYTHING,FAKE
Scientists finally admit cryptocurrency is the real cause of kidney failure,FAKE
Committee formed to review congressional leaders policies on public health,REAL
URGENT WARNING: billionaires has been lying about natural resources — Share Before Deleted,FAKE
Diplomatic talks in Paris yield progress on biodiversity dispute,REAL
WARNING: children causes heart disease — what scientists is hiding from you,FAKE
Olympics committee announces Tokyo as host for upcoming games,REAL
Kim Jong-un caught on hidden camera admitting to illegally manipulating stock markets,FAKE
Your doctor won't tell you this simple trick to reverse autism,FAKE
Hollywood Elites Furious After the government has been stealing public health,FAKE
Government adds secret chemicals to public health that cause paralysis,FAKE
Scientists finally admit public health is the real cause of cancer,FAKE
Barack Obama caught on hidden camera admitting to bribing foreign officials,FAKE
Joe Biden caught on hidden camera admitting to secret human trafficking operations,FAKE
the White House signs bilateral agreement with partners on quantum computing cooperation,REAL
LEAKED emails reveal Sundar Pichai planned to exploit the middle class since 2018,FAKE
United States declares war on China in surprise midnight announcement,FAKE
International team maps nuclear energy genome for first time,REAL
ALERT: world leaders Plans to suppress Every vaccines by End of Year,FAKE
CONFIRMED: China is replacing the middle class According to Anonymous Sources,FAKE
New satellite data provides insights into global global warming patterns,REAL
MUST READ: secret societies secretly controls elections at Secret Meeting,FAKE
Top Doctor Reveals: tech giants Can poison Your children Overnight,FAKE
Vladimir Putin caught on hidden camera admitting to secret human trafficking operations,FAKE
Liverpool signs Neeraj Chopra in record-breaking transfer deal,REAL
Supreme Court delivers ruling on the Environmental Protection Agency handling of healthcare reform,REAL
Manchester City defeats Mumbai Indians in closely contested championship match,REAL
Hospital workers confirm Oprah Winfrey has only weeks to live,FAKE
Shadow government confirms plan to bankrupt all elections by end of year,FAKE
Barack Obama paid 200 million dollars to cover up the bribery network,FAKE
The Elite Don't Want You to Know How Bill Gates is orchestrating the internet,FAKE
public health officials spokesperson confirms artificial intelligence review underway,REAL
BREAKING: the deep state is suppressing the food supply — Government ignores Truth,FAKE
LEAKED: Internal Documents Prove China has been poisoning the economy,FAKE
Bayern Munich signs Neeraj Chopra in record-breaking transfer deal,REAL
Analysis: How Stanford researchers's approach to public transit compares globally,REAL
New research links microchips to 500% increase in blindness cases,FAKE
Researchers discover new approach to data privacy using advanced technology,REAL
India declares war on Japan in surprise midnight announcement,FAKE
Golden State Warriors signs Neeraj Chopra in record-breaking transfer deal,REAL
G20 leaders pledge increased funding for electric vehicles development,REAL
Deep State Caught is brainwashing the economy While the government Looks the Other Way,FAKE
global stock markets scientists complete decade-long study on trade agreements effects,REAL
Your doctor won't tell you this simple trick to reverse brain damage,FAKE
"the Supreme Court spokesperson denies allegations, citing climate policy records",REAL
Disney to go bankrupt within weeks according to leaked documents,FAKE
Currency to become worthless by next month — insider warning,FAKE
Whistleblower Exposes How world leaders has been silencing the water supply for Years,FAKE
George Soros announces purchase of Netflix for 100 billion dollars,FAKE
Apple and Cisco announce strategic partnership on education funding,REAL
New Study Proves the deep state secretly banned the food supply (Mainstream Media Ignores),FAKE
the Department of Justice holds press conference addressing ocean conservation questions,REAL
the Reserve Bank of India signs bilateral agreement with partners on public transit cooperation,REAL
Supreme Court delivers ruling on the Department of Justice handling of quantum computing,REAL
Hurricane season forecast predicts above-average activity this year,REAL
the White House publishes findings on water resources after months of research,REAL
JUST IN: Moscow completely destroyed by massive earthquake,FAKE
SHOCKING: world leaders has been manipulating DNA While Media Stays Silent,FAKE
reptilians is destroying free speech — This Changes EVERYTHING,FAKE
New report from Stanford researchers highlights gaps in space exploration funding,REAL
researchers at MIT reports record numbers regarding data privacy in Q3,REAL
SpaceX to go bankrupt within weeks according to leaked documents,FAKE
Analysts upgrade Google stock following strong water resources outlook,REAL
NASA budget proposal includes $X billion for cybersecurity programs,REAL
the FDA signs bilateral agreement with partners on electric vehicles cooperation,REAL
global stock markets imposes sanctions in response to electric vehicles violations,REAL
Hospital workers confirm George Soros has only 6 months to live,FAKE
EXPOSED: The Real Reason the government secretly controls the weather,FAKE
EXCLUSIVE: Oprah Winfrey secretly married to a secret society leader according to insiders,FAKE
Aliens have landed their free speech in central park and met scientists,FAKE
Panel recommends NASA take action on social security by next quarter,REAL
Viral video proves Vladimir Putin was lying about natural resources all along,FAKE
Classified document reveals Brazil plans to invade Russia,FAKE
Panel recommends public health officials take action on food security by next quarter,REAL
Hurricane season forecast predicts above-average activity this year,REAL
They Don't Want You to Know: secret societies has been funding microchips,FAKE
researchers at MIT announces new policy on infrastructure spending following the fiscal year end,REAL
Bill Gates has been arrested by FBI for stealing classified government data,FAKE
Celebrity endorses miracle elections treatment that cures kidney failure,FAKE
The end is near: reptilians triggers the financial system to reprogram humanity,FAKE
Former employee reveals Facebook has been has been lying about customers for years,FAKE
Analysis: How the Federal Reserve's approach to quantum computing compares globally,REAL
Hurricane season forecast predicts above-average activity this year,REAL
Hurricane season forecast predicts above-average activity this year,REAL
Record temperatures reported across Southeast US during summer months,REAL
You Won't Believe What Russia Just Did to vaccines,FAKE
Whistleblower Exposes How the World Economic Forum is hiding children for Years,FAKE
Scientists from ISRO scientists publish peer-reviewed housing policy study,REAL
Survey shows public support for Japan's parliament actions on public health,REAL
New York Yankees defeats Golden State Warriors in closely contested championship match,REAL
Donald Trump caught on hidden camera admitting to stealing classified government data,FAKE
BREAKING: Bill Gates is tracking democracy — Government ignores Truth,FAKE
China bans all children starting next month — citizens outraged,FAKE
Election RIGGED: Millions of fake ballots found in Sydney warehouse,FAKE
CONFIRMED: Bill Gates is deliberately causing the economy According to Anonymous Sources,FAKE
Officials confirm global stock markets cooperation on renewable energy investigation,REAL
UN General Assembly adopts resolution on global food security standards,REAL
This one trick by billionaires to poison the water supply will blow your mind,FAKE
REVEALED: tech giants creates mind control devices in elections,FAKE
Japan's parliament confirms timeline for climate policy implementation next year,REAL
EXPOSED: The Real Reason the deep state has been spying on the weather,FAKE
Donald Trump has been arrested by FBI for stealing classified government data,FAKE
BREAKING: big pharma is deliberately causing the economy — Government covers up Truth,FAKE
Elon Musk paid 100 billion dollars to cover up the data theft operation,FAKE
New satellite data provides insights into global climate policy patterns,REAL
Hospital workers confirm Sundar Pichai has only 3 months to live,FAKE
Scientists at CDC confirm free energy has been suppressed for decades,FAKE
ALERT: the CIA Plans to destroy Every democracy by End of Year,FAKE
the Department of Justice budget proposal includes $X billion for public transit programs,REAL
Government adds secret chemicals to natural resources that cause infertility,FAKE
Tom Cruise announces purchase of Coca-Cola for 200 million dollars,FAKE
the president secretly controls microchips — Are You Prepared for What Comes Next?,FAKE
"Hillary Clinton tests positive for heart disease, rushed to hospital in critical condition",FAKE
Adobe shares rise 4.2% after strong quarterly earnings report,REAL
Analysis: How the Indian government's approach to space exploration compares globally,REAL
BANNED VIDEO: Illuminati Admits to has been stealing the weather,FAKE
Major breakthrough in national debt treatment announced at medical conference,REAL
Committee formed to review the Senate policies on trade agreements,REAL
Tesla reports revenue of $33 billion for fiscal year,REAL
BANNED VIDEO: shadow groups Admits to is censoring the food supply,FAKE
Cisco and Intel announce strategic partnership on social security,REAL
Data from the UN Security Council shows modest improvement in space exploration metrics,REAL
United Kingdom bans all natural resources starting next month — citizens outraged,FAKE
Scientists from the Treasury Department publish peer-reviewed economic growth study,REAL
Classified document reveals Russia plans to invade Saudi Arabia,FAKE
Internal memo shows Microsoft knew about dangers but hid evidence,FAKE
Officials confirm the Environmental Protection Agency cooperation on data privacy investigation,REAL
BREAKING: Bangalore airport shut down after Xi Jinping causes bomb scare,FAKE
Researchers discover new approach to artificial intelligence using advanced technology,REAL
New Study Proves Russia is tracking the financial system (Mainstream Media Ignores),FAKE
Investors weigh Google performance amid changing global warming landscape,REAL
Kejriwal has been arrested by FBI for secret human trafficking operations,FAKE
Diplomatic talks in Los Angeles yield progress on inflation rates dispute,REAL
Celebrity endorses miracle the internet treatment that cures brain damage,FAKE
Peace negotiations continue as Stanford researchers mediates election security conflict,REAL
Currency to become worthless by January 2026 — insider warning,FAKE
UN General Assembly adopts resolution on global data privacy standards,REAL
public health officials publishes findings on public health after months of research,REAL
Former employee reveals Amazon has been secretly banned customers for years,FAKE
Google reports revenue of $200 billion for fiscal year,REAL
the CDC has been spying on the economy — This Changes EVERYTHING,FAKE
Hospital workers confirm Xi Jinping has only 6 months to live,FAKE
EXCLUSIVE: Jeff Bezos secretly married to Xi Jinping according to insiders,FAKE
G20 leaders pledge increased funding for public transit development,REAL
World Cup qualifiers: Argentina advances with victory over rivals,REAL
Australia bans all the water supply starting next month — citizens outraged,FAKE
BREAKING: the FBI has been lying about DNA — Government hides Truth,FAKE
Report: NASA releases quarterly data on infrastructure spending,REAL
They Don't Want You to Know: elites is hiding the food supply,FAKE
Elon Musk secretly moves 1 trillion dollars to offshore accounts,FAKE
the World Health Organization imposes sanctions in response to semiconductor production violations,REAL
Amit Shah caught manipulating Tesla stock for personal gain,FAKE
Saudi Arabia declares war on India in surprise midnight announcement,FAKE
Secret government plan to tax all natural resources by 200% revealed,FAKE
They Don't Want You to Know: the deep state has been funding the water supply,FAKE
Study finds healthcare reform linked to changes in the Department of Justice behavior,REAL
Miracle Cure: How shadow groups Used free speech to censor the Impossible,FAKE
Officials confirm ISRO scientists cooperation on climate policy investigation,REAL
Analysts upgrade Microsoft stock following strong water resources outlook,REAL
New research links the water supply to 500% increase in paralysis cases,FAKE
Kejriwal announces purchase of Amazon for 500 billion dollars,FAKE
Engineers develop more efficient semiconductor production system at public health officials,REAL
Miracle Cure: How AI overlords Used democracy to manipulate the Impossible,FAKE
Currency to become worthless by January 2026 — insider warning,FAKE
You Won't Believe What the deep state Just Did to elections,FAKE
LEAKED: Internal Documents Prove reptilians is orchestrating education,FAKE
Currency to become worthless by next year — insider warning,FAKE
Whistleblower Exposes How Bill Gates has been lying about DNA for Years,FAKE
Investors weigh Tesla performance amid changing public health landscape,REAL
Kim Jong-un paid 10 billion euros to cover up the bribery network,FAKE
New Study Proves the president secretly banned the middle class (Mainstream Media Ignores),FAKE
the Pentagon is orchestrating DNA and Nobody is Talking About It,FAKE
Viral video proves Xi Jinping was lying about the middle class all along,FAKE
Report: the UN Security Council releases quarterly data on healthcare reform,REAL
Scientists at NASA confirm free energy has been suppressed for decades,FAKE
Celebrity endorses miracle social media treatment that cures autism,FAKE
Currency to become worthless by next month — insider warning,FAKE
Major breakthrough in social security treatment announced at medical conference,REAL
PROOF that Joe Biden is actually controlled by Russia,FAKE
Neeraj Chopra announces retirement after 15 year career,REAL
EXCLUSIVE: Elon Musk secretly married to Kejriwal according to insiders,FAKE
Boris Johnson caught manipulating Twitter stock for personal gain,FAKE
The end is near: billionaires triggers elections to exploit humanity,FAKE
Major breakthrough in immigration treatment announced at medical conference,REAL
Survey shows public support for economists actions on healthcare reform,REAL
mainstream media admits they are building a matrix to brainwash democracy,FAKE
BREAKING: Houston airport shut down after Narendra Modi causes bomb scare,FAKE
Lewis Hamilton announces retirement after 15 year career,REAL
Economists at the European Union project steady growth in public transit sector,REAL
Mark Zuckerberg caught on hidden camera admitting to bribing foreign officials,FAKE
the Reserve Bank of India releases new climate report showing economic growth trends,REAL
Tesla to go bankrupt within weeks according to leaked documents,FAKE
You Won't Believe What North Korea Just Did to the economy,FAKE
AI-powered tool improves immigration prediction accuracy by 40 percent,REAL
BREAKING: globalists has been silencing the economy — Government suppresses Truth,FAKE
Investors weigh Disney performance amid changing education funding landscape,REAL
Supreme Court delivers ruling on the UN Security Council handling of food security,REAL
IBM and Apple announce strategic partnership on nuclear energy,REAL
UN General Assembly adopts resolution on global healthcare reform standards,REAL
JUST IN: Delhi completely destroyed by tsunami,FAKE
Xi Jinping paid 300 million dollars to cover up the bribery network,FAKE
Sources: Warren Buffett to resign from all positions effective immediately,FAKE
MUST READ: mainstream media secretly banned citizens at Secret Meeting,FAKE
Classified document reveals Brazil plans to invade Turkey,FAKE
Internal memo shows Pfizer knew about dangers but hid evidence,FAKE
Researchers discover new approach to water resources using advanced technology,REAL
Rahul Gandhi secretly moves 75 billion dollars to offshore accounts,FAKE
Experts at public health officials warn of challenges ahead for education funding,REAL
the Supreme Court reports record numbers regarding housing policy in Q3,REAL
AI-powered tool improves defense spending prediction accuracy by 40 percent,REAL
They Don't Want You to Know: AI overlords is deliberately causing natural resources,FAKE
Record temperatures reported across Eastern India during summer months,REAL
Currency to become worthless by January 2026 — insider warning,FAKE
AI overlords admits they are building a matrix to bankrupt the weather,FAKE
EXCLUSIVE: Joe Biden secretly married to a billionaire heiress according to insiders,FAKE
economists confirms timeline for biodiversity implementation next year,REAL
Meta shares rise 8% after strong quarterly earnings report,REAL
Amit Shah paid 10 billion euros to cover up the child labor scandal,FAKE
Twitter stock crashes 90% after CEO Barack Obama confesses to massive fraud,FAKE
Study finds healthcare reform linked to changes in the Treasury Department behavior,REAL
Scientists finally admit cryptocurrency is the real cause of cancer,FAKE
Internal memo shows SpaceX knew about dangers but hid evidence,FAKE
SHOCKING: globalists is harvesting citizens While Media Stays Silent,FAKE
Trade talks between the Supreme Court and partners focus on ocean conservation tariffs,REAL
BANNED VIDEO: North Korea Admits to has been funding free speech,FAKE
Hollywood Elites Furious After big pharma has been spying on citizens,FAKE
global stock markets budget proposal includes $X billion for infrastructure spending programs,REAL
Microsoft CEO discusses future plans at annual shareholders meeting,REAL
Japan's parliament budget proposal includes $X billion for trade agreements programs,REAL
"the Reserve Bank of India spokesperson denies allegations, citing space exploration records",REAL
PROOF that Oprah Winfrey is actually controlled by billionaires,FAKE
Committee formed to review NASA policies on ocean conservation,REAL
the Supreme Court meets with officials to discuss nuclear energy regulations,REAL
The Elite Don't Want You to Know How the royals has been stealing vaccines,FAKE
Sources: Elon Musk to resign from all positions effective immediately,FAKE
Report: the Bank of England releases quarterly data on ocean conservation,REAL
global stock markets to host international summit on education funding next week,REAL
Peace negotiations continue as ISRO scientists mediates electric vehicles conflict,REAL
Aliens have landed their the food supply in central park and met the Pentagon,FAKE
Amit Shah secretly moves 200 million dollars to offshore accounts,FAKE
Diplomatic talks in Los Angeles yield progress on artificial intelligence dispute,REAL
AI-powered tool improves renewable energy prediction accuracy by 40 percent,REAL
Record temperatures reported across Mediterranean region during summer months,REAL
REVEALED: North Korea creates mind control devices in cryptocurrency,FAKE
Mark Zuckerberg caught manipulating Boeing stock for personal gain,FAKE
New satellite data provides insights into global national debt patterns,REAL
United States bans all social media starting next month — citizens outraged,FAKE
New satellite data provides insights into global space exploration patterns,REAL
Scientists at Pentagon confirm time travel is possible,FAKE
the Pentagon is destroying the internet — Are You Prepared for What Comes Next?,FAKE
Amazon stock crashes 90% after CEO Kejriwal confesses to massive fraud,FAKE
the government is tracking public health — This Changes EVERYTHING,FAKE
Taylor Swift running secret social media operation from underground bunker,FAKE
Local governments partner with global stock markets to combat electric vehicles issues,REAL
Neeraj Chopra breaks world record at international athletics event,REAL
Google shares rise 1.8% after strong quarterly earnings report,REAL
the CDC is replacing microchips — Are You Prepared for What Comes Next?,FAKE
Shadow government confirms plan to control all citizens by end of year,FAKE
Currency to become worthless by next year — insider warning,FAKE
EXCLUSIVE: Barack Obama secretly married to Amit Shah according to insiders,FAKE
Stanford researchers releases new climate report showing trade agreements trends,REAL
Hospital workers confirm Sundar Pichai has only days to live,FAKE
Wildfire containment reaches 80 percent in California after week-long effort,REAL
Viral video proves Narendra Modi was lying about the food supply all along,FAKE
Former employee reveals Coca-Cola has been secretly banned customers for years,FAKE
Doctors HATE this: free speech can cure heart disease in just 3 days,FAKE
Your doctor won't tell you this simple trick to reverse paralysis,FAKE
Major breakthrough in food security treatment announced at medical conference,REAL
the Reserve Bank of India holds press conference addressing nuclear energy questions,REAL
Local governments partner with the European Union to combat defense spending issues,REAL
ALERT: globalists Plans to poison Every public health by End of Year,FAKE
Hurricane season forecast predicts above-average activity this year,REAL
Hurricane season forecast predicts above-average activity this year,REAL
Engineers develop more efficient public health system at global stock markets,REAL
Engineers develop more efficient ocean conservation system at the Federal Reserve,REAL
the Bank of England meets with officials to discuss immigration regulations,REAL
Viral video proves Joe Biden was lying about the weather all along,FAKE
Miracle Cure: How freemasons Used the middle class to censor the Impossible,FAKE
PROOF that Oprah Winfrey is actually controlled by the deep state,FAKE
Panel recommends the Treasury Department take action on healthcare reform by next quarter,REAL
Russia bans all natural resources starting next month — citizens outraged,FAKE
Data from the Pentagon shows modest improvement in election security metrics,REAL
mainstream media admits they are building a matrix to censor education,FAKE
Olympics committee announces Paris as host for upcoming games,REAL
Hurricane season forecast predicts above-average activity this year,REAL
BANNED VIDEO: secret societies Admits to secretly banned the water supply,FAKE
Study in Nature journal finds correlation between public transit and health outcomes,REAL
George Soros caught on hidden camera admitting to conspiracy against the United States,FAKE
Classified document reveals Japan plans to invade Russia,FAKE
BREAKING: Chicago airport shut down after Tom Cruise causes bomb scare,FAKE
Joe Biden found dead in mysterious circumstances at private estate,FAKE
the UN Security Council releases new climate report showing immigration trends,REAL
Currency to become worthless by next year — insider warning,FAKE
NASA publishes findings on economic growth after months of research,REAL
Scientists at CDC confirm time travel is possible,FAKE
Internal memo shows SpaceX knew about dangers but hid evidence,FAKE
Study finds tax reform linked to changes in ISRO scientists behavior,REAL
North Korea is brainwashing microchips and Nobody is Talking About It,FAKE
Kylian Mbappe announces retirement after 10 year career,REAL
Taylor Swift running secret cryptocurrency operation from underground bunker,FAKE
AI overlords secretly controls elections — Are You Prepared for What Comes Next?,FAKE
Hurricane season forecast predicts above-average activity this year,REAL
Olympics committee announces Paris as host for upcoming games,REAL
Study finds healthcare reform linked to changes in the World Health Organization behavior,REAL
Oxford University and international partners cooperate on global warming initiative,REAL
Anonymous sources within Area 51 claim Rahul Gandhi has been stealing children,FAKE
Study in Nature journal finds correlation between cybersecurity and health outcomes,REAL
Hurricane season forecast predicts above-average activity this year,REAL
Lawmakers debate Japan's parliament proposal to expand cybersecurity access,REAL
UN General Assembly adopts resolution on global quantum computing standards,REAL
Secret Footage Shows Illuminati is destroying the food supply Behind Closed Doors,FAKE
the White House and international partners cooperate on renewable energy initiative,REAL
Trade talks between the Pentagon and partners focus on healthcare reform tariffs,REAL
Study finds housing policy linked to changes in the UN Security Council behavior,REAL
Local governments partner with the FDA to combat nuclear energy issues,REAL
New research links natural resources to 500% increase in brain damage cases,FAKE
public health officials confirms timeline for artificial intelligence implementation next year,REAL
Election RIGGED: Millions of fake ballots found in Houston warehouse,FAKE
Study finds space exploration linked to changes in the Supreme Court behavior,REAL
Amazon reports revenue of $150 billion for fiscal year,REAL
WARNING: education causes autism — what mainstream media is hiding from you,FAKE
the European Union holds press conference addressing housing policy questions,REAL
Warren Buffett caught manipulating McDonald's stock for personal gain,FAKE
International team maps renewable energy genome for first time,REAL
Analysis: How the White House's approach to defense spending compares globally,REAL
CONFIRMED: the FBI secretly controls microchips According to Anonymous Sources,FAKE
REVEALED: big pharma creates mind control devices in education,FAKE
New report from federal officials highlights gaps in cybersecurity funding,REAL
Kim Jong-un paid 2 trillion dollars to cover up the pollution cover-up,FAKE
New satellite data provides insights into global artificial intelligence patterns,REAL
100% PROOF: freemasons Has Been is orchestrating natural resources This Entire Time,FAKE
LEAKED emails reveal Amit Shah planned to manipulate citizens since 2018,FAKE
the European Union spokesperson confirms ocean conservation review underway,REAL
congressional leaders meets with officials to discuss data privacy regulations,REAL
The Elite Don't Want You to Know How scientists is replacing free speech,FAKE
WARNING: the weather causes heart disease — what AI overlords is hiding from you,FAKE
Intel shares rise 3% after strong quarterly earnings report,REAL
MUST READ: the establishment is harvesting citizens at Secret Meeting,FAKE
Lewis Hamilton breaks world record at international cricket event,REAL
the United Nations reports record numbers regarding semiconductor production in Q3,REAL
Analysts upgrade Nvidia stock following strong artificial intelligence outlook,REAL
New Study Proves the World Economic Forum has been lying about free speech (Mainstream Media Ignores),FAKE
WAKE UP: the CDC Is has been funding cryptocurrency Right in Front of Your Eyes,FAKE
Pakistan declares war on United States in surprise midnight announcement,FAKE
Peace negotiations continue as ISRO scientists mediates water resources conflict,REAL
Study finds electric vehicles linked to changes in the Department of Justice behavior,REAL
BREAKING: San Francisco airport shut down after Taylor Swift causes bomb scare,FAKE
Aliens have landed their DNA in central park and met shadow groups,FAKE
France bans all public health starting next month — citizens outraged,FAKE
Netflix announces expansion into Indian with new product line,REAL
WAKE UP: mainstream media Is has been manipulating the food supply Right in Front of Your Eyes,FAKE
Anonymous sources within Pentagon claim Vladimir Putin has been spying on the internet,FAKE
Apple CEO discusses future plans at annual shareholders meeting,REAL
Global markets react to the White House decision on food security policy changes,REAL
Diplomatic talks in Paris yield progress on trade agreements dispute,REAL
BREAKING: North Korea has been funding vaccines — Government covers up Truth,FAKE
NASA holds press conference addressing public health questions,REAL
the World Health Organization releases annual transparency report on infrastructure spending,REAL
Experts at Oxford University warn of challenges ahead for climate policy,REAL
Panel recommends the World Health Organization take action on global warming by next quarter,REAL
Russia bans all the economy starting next month — citizens outraged,FAKE
Aliens have landed their cryptocurrency in central park and met North Korea,FAKE
AI-powered tool improves renewable energy prediction accuracy by 40 percent,REAL
They Don't Want You to Know: mainstream media is harvesting the internet,FAKE
the president has been stealing natural resources — This Changes EVERYTHING,FAKE
Study in Nature journal finds correlation between inflation rates and health outcomes,REAL
Flood warnings issued for Southeast US as heavy rains continue,REAL
Analysis: How Stanford researchers's approach to biodiversity compares globally,REAL
global stock markets budget proposal includes $X billion for public health programs,REAL
Miracle Cure: How Illuminati Used DNA to censor the Impossible,FAKE
Walmart launches new division focused on global warming innovation,REAL
BREAKING: the FBI secretly controls the financial system — Government suppresses Truth,FAKE
Hurricane season forecast predicts above-average activity this year,REAL
"Tom Cruise tests positive for memory loss, rushed to hospital in critical condition",FAKE
REVEALED: the World Economic Forum creates mind control devices in the food supply,FAKE
BREAKING: Bangalore airport shut down after Bill Gates causes bomb scare,FAKE
Committee formed to review the FDA policies on water resources,REAL
Netflix to go bankrupt within weeks according to leaked documents,FAKE
New report from the Department of Justice highlights gaps in semiconductor production funding,REAL
Former employee reveals Uber has been has been spying on customers for years,FAKE
Officials from researchers at MIT outline steps to improve electric vehicles oversight,REAL
Peace negotiations continue as congressional leaders mediates tax reform conflict,REAL
Google stock crashes 90% after CEO Boris Johnson confesses to massive fraud,FAKE
The Elite Don't Want You to Know How the president is deliberately causing education,FAKE
the Chinese government meets with officials to discuss cybersecurity regulations,REAL
researchers at MIT imposes sanctions in response to data privacy violations,REAL
Peace negotiations continue as congressional leaders mediates trade agreements conflict,REAL
Tim Cook caught on hidden camera admitting to running an underground spy network,FAKE
Doctors HATE this: cryptocurrency can cure cancer in just 3 days,FAKE
Major breakthrough in education funding treatment announced at medical conference,REAL
URGENT: Banks will freeze all accounts starting January 2026 — withdraw now,FAKE
Your doctor won't tell you this simple trick to reverse brain damage,FAKE
Survey shows public support for the Chinese government actions on inflation rates,REAL
Microsoft stock crashes 90% after CEO Boris Johnson confesses to massive fraud,FAKE
Investors weigh Tesla performance amid changing national debt landscape,REAL
Panel recommends the European Union take action on ocean conservation by next quarter,REAL
the Federal Reserve scientists complete decade-long study on education funding effects,REAL
Officials from Japan's parliament outline steps to improve ocean conservation oversight,REAL
UN General Assembly adopts resolution on global data privacy standards,REAL
Report: NASA releases quarterly data on immigration,REAL
Currency to become worthless by January 2026 — insider warning,FAKE
Cisco reports revenue of $120 billion for fiscal year,REAL
Liverpool signs Lionel Messi in record-breaking transfer deal,REAL
Amit Shah paid 100 billion dollars to cover up the pollution cover-up,FAKE
Viral video proves Tom Cruise was lying about the weather all along,FAKE
Secret Footage Shows Russia is deliberately causing the financial system Behind Closed Doors,FAKE
the United Nations scientists complete decade-long study on defense spending effects,REAL
Scientists from Stanford researchers publish peer-reviewed global warming study,REAL
LEAKED: Internal Documents Prove the Pentagon is replacing education,FAKE
Wildfire containment reaches 80 percent in Southeast US after week-long effort,REAL
"New legislation proposed to address defense spending concerns, says Japan's parliament",REAL
"Oprah Winfrey tests positive for cancer, rushed to hospital in critical condition",FAKE
Mark Zuckerberg secretly moves 10 billion euros to offshore accounts,FAKE
Internal memo shows Twitter knew about dangers but hid evidence,FAKE
The end is near: the government triggers the weather to manipulate humanity,FAKE
Internal memo shows Uber knew about dangers but hid evidence,FAKE
Scientists at MIT confirm gravity is not real,FAKE
Berkshire Hathaway shares rise 6.3% after strong quarterly earnings report,REAL
SHOCKING: tech giants secretly banned the financial system While Media Stays Silent,FAKE
You Won't Believe What billionaires Just Did to cryptocurrency,FAKE
Tim Cook caught manipulating Twitter stock for personal gain,FAKE
"New legislation proposed to address electric vehicles concerns, says congressional leaders",REAL
AI-powered tool improves semiconductor production prediction accuracy by 40 percent,REAL
Investors weigh Toyota performance amid changing infrastructure spending landscape,REAL
Doctors HATE this: elections can cure paralysis in just 3 days,FAKE
Tom Cruise announces purchase of Tesla for 10 billion euros,FAKE
Kanye West caught on hidden camera admitting to bribing foreign officials,FAKE
Global markets react to the Supreme Court decision on food security policy changes,REAL
China has been silencing free speech and Nobody is Talking About It,FAKE
AI-powered tool improves education funding prediction accuracy by 40 percent,REAL
the Pentagon is deliberately causing social media — This Changes EVERYTHING,FAKE
EXPOSED: The Real Reason mainstream media is suppressing natural resources,FAKE
Data from the FDA shows modest improvement in trade agreements metrics,REAL
AI-powered tool improves data privacy prediction accuracy by 40 percent,REAL
Scientists from the Federal Reserve publish peer-reviewed artificial intelligence study,REAL
URGENT WARNING: globalists has been funding social media — Share Before Deleted,FAKE
LEAKED emails reveal Boris Johnson planned to destroy the economy since 2018,FAKE
Viral video proves Hillary Clinton was lying about microchips all along,FAKE
This one trick by the deep state to manipulate microchips will blow your mind,FAKE
"Barack Obama tests positive for cancer, rushed to hospital in critical condition",FAKE
Sources: George Soros to resign from all positions effective immediately,FAKE
Hollywood Elites Furious After the government is tracking the middle class,FAKE
Study in Nature journal finds correlation between economic growth and health outcomes,REAL
MUST READ: globalists has been lying about the financial system at Secret Meeting,FAKE
They Don't Want You to Know: scientists is hiding elections,FAKE
Investors weigh Berkshire Hathaway performance amid changing public transit landscape,REAL
Study in Nature journal finds correlation between immigration and health outcomes,REAL
Flood warnings issued for Southeast US as heavy rains continue,REAL
Oxford University announces new policy on food security following mounting pressure,REAL
They Don't Want You to Know: Russia has been funding the middle class,FAKE
Anonymous sources within CERN claim Narendra Modi is tracking the internet,FAKE
G20 leaders pledge increased funding for data privacy development,REAL
Engineers develop more efficient national debt system at the Pentagon,REAL
Scientists from the Senate publish peer-reviewed renewable energy study,REAL
Scientists at Harvard confirm that Earth is actually flat,FAKE
They Don't Want You to Know: Illuminati has been lying about natural resources,FAKE
Nvidia and Meta announce strategic partnership on semiconductor production,REAL
Lewis Hamilton announces retirement after 18 year career,REAL
Netflix launches new division focused on renewable energy innovation,REAL
Secret government plan to tax all the weather by 200% revealed,FAKE
Vladimir Putin paid 100 billion dollars to cover up the bribery network,FAKE
Analysts upgrade IBM stock following strong inflation rates outlook,REAL
Data from the United Nations shows modest improvement in social security metrics,REAL
Scientists from Oxford University publish peer-reviewed public health study,REAL
TikTok stock crashes 90% after CEO Warren Buffett confesses to massive fraud,FAKE
Government adds secret chemicals to the economy that cause heart disease,FAKE
New report from the Federal Reserve highlights gaps in electric vehicles funding,REAL
Narendra Modi caught on hidden camera admitting to illegally manipulating stock markets,FAKE
BREAKING: Russia secretly controls citizens — Government ignores Truth,FAKE
Flood warnings issued for Western Europe as heavy rains continue,REAL
New research links natural resources to 500% increase in memory loss cases,FAKE
The Elite Don't Want You to Know How the deep state has been lying about vaccines,FAKE
New York Yankees defeats Mumbai Indians in closely contested championship match,REAL
Former employee reveals Intel has been is hiding customers for years,FAKE
New report from the United Nations highlights gaps in global warming funding,REAL
Celebrity endorses miracle the weather treatment that cures diabetes,FAKE
global stock markets to host international summit on biodiversity next week,REAL
Officials confirm the UN Security Council cooperation on tax reform investigation,REAL
Experts at the Environmental Protection Agency warn of challenges ahead for biodiversity,REAL
the Department of Health releases new climate report showing renewable energy trends,REAL
NASA signs bilateral agreement with partners on immigration cooperation,REAL
Internal memo shows Facebook knew about dangers but hid evidence,FAKE
Donald Trump secretly moves 300 million dollars to offshore accounts,FAKE
New satellite data provides insights into global cybersecurity patterns,REAL
Study finds defense spending linked to changes in Stanford researchers behavior,REAL
the European Union meets with officials to discuss social security regulations,REAL
URGENT: Banks will freeze all accounts starting next year — withdraw now,FAKE
REVEALED: reptilians creates mind control devices in the food supply,FAKE
Facebook to go bankrupt within weeks according to leaked documents,FAKE
Olympics committee announces Milan as host for upcoming games,REAL
Celebrity endorses miracle the food supply treatment that cures blindness,FAKE
the Department of Justice confirms timeline for tax reform implementation next year,REAL
Aliens have landed their cryptocurrency in central park and met globalists,FAKE
Anonymous sources within NIH claim Vladimir Putin is suppressing the weather,FAKE
Former employee reveals Moderna has been has been poisoning customers for years,FAKE
Olympics committee announces Los Angeles as host for upcoming games,REAL
Experts at the Department of Justice warn of challenges ahead for quantum computing,REAL
researchers at MIT imposes sanctions in response to cybersecurity violations,REAL
Mark Zuckerberg running secret vaccines operation from underground bunker,FAKE
Vladimir Putin has been arrested by FBI for money laundering and tax fraud,FAKE
100% PROOF: Illuminati Has Been has been manipulating free speech This Entire Time,FAKE
WAKE UP: North Korea Is has been lying about microchips Right in Front of Your Eyes,FAKE
Top Doctor Reveals: Illuminati Can control Your the water supply Overnight,FAKE
EXPOSED: Big pharma suppresses natural cure using the weather for chronic fatigue,FAKE
Investors weigh Goldman Sachs performance amid changing semiconductor production landscape,REAL
Government adds secret chemicals to children that cause cancer,FAKE
Narendra Modi caught manipulating Facebook stock for personal gain,FAKE
Researchers discover new approach to inflation rates using advanced technology,REAL
World Cup qualifiers: Germany advances with victory over rivals,REAL
Peace negotiations continue as the Department of Health mediates electric vehicles conflict,REAL
LEAKED: Internal Documents Prove freemasons has been silencing the financial system,FAKE
Walmart announces expansion into Japanese with new product line,REAL
Currency to become worthless by January 2026 — insider warning,FAKE
LEAKED: Internal Documents Prove billionaires has been funding the middle class,FAKE
Scientists finally admit the financial system is the real cause of diabetes,FAKE
the Senate scientists complete decade-long study on tax reform effects,REAL
JUST IN: London completely destroyed by category 6 hurricane,FAKE
Researchers discover new approach to public health using advanced technology,REAL
Analysis: How the United Nations's approach to renewable energy compares globally,REAL
ISRO scientists and international partners cooperate on infrastructure spending initiative,REAL
Olympics committee announces Milan as host for upcoming games,REAL
New report from the Department of Education highlights gaps in immigration funding,REAL
Hurricane season forecast predicts above-average activity this year,REAL
the World Economic Forum is destroying vaccines — Are You Prepared for What Comes Next?,FAKE
Oprah Winfrey secretly moves 50 billion dollars to offshore accounts,FAKE
Survey shows public support for the Bank of England actions on public transit,REAL
Peace negotiations continue as the Department of Education mediates nuclear energy conflict,REAL
Viral video proves Elon Musk was lying about the economy all along,FAKE
Chennai Super Kings defeats Manchester City in closely contested championship match,REAL
EXPOSED: Big pharma suppresses natural cure using the economy for autism,FAKE
Report: the Chinese government releases quarterly data on electric vehicles,REAL
NASA reports record numbers regarding public transit in Q3,REAL
URGENT: Banks will freeze all accounts starting next month — withdraw now,FAKE
public health officials releases new climate report showing tax reform trends,REAL
Olympics committee announces Paris as host for upcoming games,REAL
EXPOSED: The Real Reason freemasons has been stealing the water supply,FAKE
Classified document reveals India plans to invade Turkey,FAKE
Twitter stock crashes 90% after CEO George Soros confesses to massive fraud,FAKE
economists reports record numbers regarding biodiversity in Q3,REAL
Scientists at CERN confirm gravity is not real,FAKE
They Don't Want You to Know: the deep state is hiding elections,FAKE
They Don't Want You to Know: freemasons has been manipulating natural resources,FAKE
Your doctor won't tell you this simple trick to reverse memory loss,FAKE
LEAKED: Internal Documents Prove the deep state is tracking the weather,FAKE
Engineers develop more efficient infrastructure spending system at Japan's parliament,REAL
BANNED VIDEO: billionaires Admits to is hiding the water supply,FAKE
Classified document reveals China plans to invade United Kingdom,FAKE
CENSORED: The Truth About How the establishment has been silencing children,FAKE
the FDA imposes sanctions in response to cybersecurity violations,REAL
Mumbai Indians defeats New York Yankees in closely contested championship match,REAL
Study in Nature journal finds correlation between public transit and health outcomes,REAL
Officials confirm Stanford researchers cooperation on quantum computing investigation,REAL
Economists at the Department of Justice project steady growth in climate policy sector,REAL
Panel recommends economists take action on climate policy by next quarter,REAL
Currency to become worthless by next year — insider warning,FAKE
Survey shows public support for the Indian government actions on public health,REAL
the royals is replacing public health — Are You Prepared for What Comes Next?,FAKE
Secret government plan to tax all public health by 200% revealed,FAKE
Amazon reports revenue of $150 billion for fiscal year,REAL
100% PROOF: globalists Has Been secretly controls vaccines This Entire Time,FAKE
LEAKED emails reveal Bill Gates planned to suppress natural resources since 2018,FAKE
Report: the Bank of England releases quarterly data on public health,REAL
Currency to become worthless by January 2026 — insider warning,FAKE
Diplomatic talks in Paris yield progress on food security dispute,REAL
Election RIGGED: Millions of fake ballots found in Sydney warehouse,FAKE
Lawmakers debate the Environmental Protection Agency proposal to expand renewable energy access,REAL
Facebook stock crashes 90% after CEO Amit Shah confesses to massive fraud,FAKE
Barack Obama caught on hidden camera admitting to illegally manipulating stock markets,FAKE
Peace negotiations continue as the Bank of England mediates defense spending conflict,REAL
the Department of Justice confirms timeline for housing policy implementation next year,REAL
LEAKED: Internal Documents Prove Bill Gates has been lying about citizens,FAKE
Hospital workers confirm Hillary Clinton has only weeks to live,FAKE
Officials from economists outline steps to improve cybersecurity oversight,REAL
France bans all free speech starting next month — citizens outraged,FAKE
Sources: Kanye West to resign from all positions effective immediately,FAKE
100% PROOF: the royals Has Been has been funding cryptocurrency This Entire Time,FAKE
Election RIGGED: Millions of fake ballots found in Paris warehouse,FAKE
EXPOSED: Big pharma suppresses natural cure using citizens for kidney failure,FAKE
Hospital workers confirm Amit Shah has only 6 months to live,FAKE
Economists at the Chinese government project steady growth in semiconductor production sector,REAL
They Don't Want You to Know: scientists is tracking the middle class,FAKE
Liverpool defeats Golden State Warriors in closely contested championship match,REAL
Study in Nature journal finds correlation between inflation rates and health outcomes,REAL
the Reserve Bank of India scientists complete decade-long study on education funding effects,REAL
Officials confirm the Indian government cooperation on global warming investigation,REAL
the Indian government and international partners cooperate on quantum computing initiative,REAL
Narendra Modi announces purchase of Tesla for 500 billion dollars,FAKE
Whistleblower Exposes How scientists is replacing the internet for Years,FAKE
Top Doctor Reveals: elites Can track Your education Overnight,FAKE
Warren Buffett announces purchase of Twitter for 200 million dollars,FAKE
the Department of Health budget proposal includes $X billion for housing policy programs,REAL
Hospital workers confirm Donald Trump has only days to live,FAKE
CONFIRMED: the FBI has been spying on DNA According to Anonymous Sources,FAKE
Kanye West running secret the financial system operation from underground bunker,FAKE
Whistleblower Exposes How the Pentagon has been poisoning children for Years,FAKE
EXPOSED: Big pharma suppresses natural cure using education for chronic fatigue,FAKE
This one trick by the establishment to reprogram citizens will blow your mind,FAKE
Report: researchers at MIT releases quarterly data on public health,REAL
Global markets react to the Department of Education decision on public transit policy changes,REAL
public health officials spokesperson confirms quantum computing review underway,REAL
"New legislation proposed to address food security concerns, says Japan's parliament",REAL
Los Angeles Lakers signs Lionel Messi in record-breaking transfer deal,REAL
Local governments partner with the Department of Health to combat tax reform issues,REAL
Scientists from the Treasury Department publish peer-reviewed public health study,REAL
They Don't Want You to Know: the president is censoring elections,FAKE
Olympics committee announces Paris as host for upcoming games,REAL
Record temperatures reported across Western Europe during summer months,REAL
They Don't Want You to Know: world leaders is censoring the internet,FAKE
Miracle Cure: How China Used cryptocurrency to destroy the Impossible,FAKE
Shadow government confirms plan to poison all the weather by end of year,FAKE
United States declares war on United Kingdom in surprise midnight announcement,FAKE
AI overlords secretly banned democracy and Nobody is Talking About It,FAKE
The end is near: scientists triggers the food supply to poison humanity,FAKE
WAKE UP: AI overlords Is has been silencing microchips Right in Front of Your Eyes,FAKE
Anonymous sources within Area 51 claim Tom Cruise is destroying the weather,FAKE
WARNING: children causes autism — what the CDC is hiding from you,FAKE
Miracle Cure: How the Pentagon Used social media to manipulate the Impossible,FAKE
World Cup qualifiers: Argentina advances with victory over rivals,REAL
Wildfire containment reaches 80 percent in Mediterranean region after week-long effort,REAL
UN General Assembly adopts resolution on global space exploration standards,REAL
Virat Kohli announces retirement after 20 year career,REAL
Peace negotiations continue as the Environmental Protection Agency mediates semiconductor production conflict,REAL
Currency to become worthless by this summer — insider warning,FAKE
Top Doctor Reveals: shadow groups Can brainwash Your social media Overnight,FAKE
Kanye West announces purchase of Disney for 50 billion dollars,FAKE
WAKE UP: elites Is is destroying public health Right in Front of Your Eyes,FAKE
World Cup qualifiers: Argentina advances with victory over rivals,REAL
Hollywood Elites Furious After big pharma is tracking citizens,FAKE
Manchester City defeats Liverpool in closely contested championship match,REAL
The Elite Don't Want You to Know How Illuminati is replacing the food supply,FAKE
Hospital workers confirm Narendra Modi has only weeks to live,FAKE
Survey shows public support for researchers at MIT actions on food security,REAL
Peace negotiations continue as the Senate mediates ocean conservation conflict,REAL
International team maps renewable energy genome for first time,REAL
the Department of Justice meets with officials to discuss election security regulations,REAL
the IMF imposes sanctions in response to space exploration violations,REAL
Usain Bolt announces retirement after 18 year career,REAL
Uber stock crashes 90% after CEO Oprah Winfrey confesses to massive fraud,FAKE
"New legislation proposed to address election security concerns, says NASA",REAL
CONFIRMED: AI overlords is harvesting citizens According to Anonymous Sources,FAKE
Committee formed to review Stanford researchers policies on election security,REAL
Sources: Warren Buffett to resign from all positions effective immediately,FAKE
Adobe reports revenue of $150 billion for fiscal year,REAL
Currency to become worthless by this summer — insider warning,FAKE
Hurricane season forecast predicts above-average activity this year,REAL
Doctors HATE this: public health can cure heart disease in just 3 days,FAKE
EXPOSED: Big pharma suppresses natural cure using democracy for diabetes,FAKE
Iran declares war on Iran in surprise midnight announcement,FAKE
"the Supreme Court spokesperson denies allegations, citing electric vehicles records",REAL
Currency to become worthless by January 2026 — insider warning,FAKE
WAKE UP: the World Economic Forum Is is destroying DNA Right in Front of Your Eyes,FAKE
Illuminati has been lying about the internet and Nobody is Talking About It,FAKE
Data from the Chinese government shows modest improvement in infrastructure spending metrics,REAL
Government adds secret chemicals to cryptocurrency that cause infertility,FAKE
Global markets react to the Supreme Court decision on biodiversity policy changes,REAL
Top Doctor Reveals: globalists Can exploit Your children Overnight,FAKE
Panel recommends the FDA take action on trade agreements by next quarter,REAL
WARNING: elections causes heart disease — what AI overlords is hiding from you,FAKE
"New legislation proposed to address housing policy concerns, says the Department of Education",REAL
Secret Footage Shows tech giants is censoring the middle class Behind Closed Doors,FAKE
the World Health Organization releases new climate report showing global warming trends,REAL
New research links the food supply to 500% increase in paralysis cases,FAKE
Mumbai Indians signs Kylian Mbappe in record-breaking transfer deal,REAL
International team maps social security genome for first time,REAL
EXPOSED: The Real Reason scientists is replacing the economy,FAKE
BREAKING: China is tracking children — Government ignores Truth,FAKE
Report: the European Union releases quarterly data on climate policy,REAL
Government adds secret chemicals to vaccines that cause paralysis,FAKE
The Elite Don't Want You to Know How big pharma is hiding elections,FAKE
Hospital workers confirm Elon Musk has only 3 months to live,FAKE
Global markets react to the Department of Education decision on climate policy policy changes,REAL
Serena Williams breaks world record at international athletics event,REAL
New report from federal officials highlights gaps in public transit funding,REAL
Top Doctor Reveals: reptilians Can bankrupt Your microchips Overnight,FAKE
Germany declares war on Iran in surprise midnight announcement,FAKE
Virat Kohli breaks world record at international football event,REAL
congressional leaders signs bilateral agreement with partners on data privacy cooperation,REAL
Investors weigh IBM performance amid changing education funding landscape,REAL
BREAKING: London airport shut down after Mark Zuckerberg causes bomb scare,FAKE
"Sundar Pichai tests positive for heart disease, rushed to hospital in critical condition",FAKE
researchers at MIT meets with officials to discuss healthcare reform regulations,REAL
globalists is destroying democracy — This Changes EVERYTHING,FAKE
100% PROOF: tech giants Has Been has been manipulating elections This Entire Time,FAKE
Committee formed to review the Chinese government policies on defense spending,REAL
Chennai Super Kings signs Neeraj Chopra in record-breaking transfer deal,REAL
Supreme Court delivers ruling on the United Nations handling of renewable energy,REAL
"the Department of Education spokesperson denies allegations, citing defense spending records",REAL
Manchester City defeats Golden State Warriors in closely contested championship match,REAL
Germany bans all free speech starting next month — citizens outraged,FAKE
Report: the Treasury Department releases quarterly data on quantum computing,REAL
Neeraj Chopra announces retirement after 18 year career,REAL
ALERT: the deep state Plans to suppress Every DNA by End of Year,FAKE
You Won't Believe What freemasons Just Did to the middle class,FAKE
Classified document reveals France plans to invade France,FAKE
the UN Security Council and international partners cooperate on cybersecurity initiative,REAL
MUST READ: reptilians has been funding DNA at Secret Meeting,FAKE
the government is brainwashing public health and Nobody is Talking About It,FAKE
the Federal Reserve announces new policy on electric vehicles following stakeholder meetings,REAL
the Senate holds press conference addressing water resources questions,REAL
public health officials publishes findings on election security after months of research,REAL
Election RIGGED: Millions of fake ballots found in Delhi warehouse,FAKE
Government adds secret chemicals to elections that cause autism,FAKE
the UN Security Council announces new policy on election security following budget deliberations,REAL
ALERT: the deep state Plans to suppress Every free speech by End of Year,FAKE
Record temperatures reported across Eastern India during summer months,REAL
BANNED VIDEO: billionaires Admits to is orchestrating the middle class,FAKE
International team maps infrastructure spending genome for first time,REAL
Secret government plan to tax all the middle class by 200% revealed,FAKE
100% PROOF: globalists Has Been has been lying about elections This Entire Time,FAKE
"the Federal Reserve spokesperson denies allegations, citing artificial intelligence records",REAL
the Senate to host international summit on housing policy next week,REAL
Analysis: How Oxford University's approach to nuclear energy compares globally,REAL
MUST READ: the establishment is harvesting the water supply at Secret Meeting,FAKE
Barcelona signs Neeraj Chopra in record-breaking transfer deal,REAL
Shadow government confirms plan to suppress all children by end of year,FAKE
Investors weigh Microsoft performance amid changing social security landscape,REAL
International team maps climate policy genome for first time,REAL
Serena Williams breaks world record at international athletics event,REAL
Kanye West caught on hidden camera admitting to selling state secrets to enemies,FAKE
World Cup qualifiers: Japan advances with victory over rivals,REAL
You Won't Believe What the establishment Just Did to DNA,FAKE
Scientists finally admit the internet is the real cause of heart disease,FAKE
the Pentagon signs bilateral agreement with partners on national debt cooperation,REAL
Committee formed to review economists policies on immigration,REAL
Top Doctor Reveals: Bill Gates Can eliminate Your education Overnight,FAKE
Government adds secret chemicals to vaccines that cause memory loss,FAKE
Lewis Hamilton breaks world record at international tennis event,REAL
AI-powered tool improves semiconductor production prediction accuracy by 40 percent,REAL
Engineers develop more efficient climate policy system at economists,REAL
global stock markets publishes findings on public health after months of research,REAL
Scientists at NASA confirm the sun is actually cold,FAKE
Cristiano Ronaldo announces retirement after 10 year career,REAL
Novak Djokovic announces retirement after 25 year career,REAL
the Pentagon to host international summit on inflation rates next week,REAL
"the World Health Organization spokesperson denies allegations, citing housing policy records",REAL
WARNING: citizens causes brain damage — what freemasons is hiding from you,FAKE
Officials from ISRO scientists outline steps to improve social security oversight,REAL
Officials from the Department of Health outline steps to improve infrastructure spending oversight,REAL
the World Health Organization budget proposal includes $X billion for public health programs,REAL
Local governments partner with the Pentagon to combat public health issues,REAL
Government adds secret chemicals to microchips that cause kidney failure,FAKE
Currency to become worthless by next year — insider warning,FAKE
Hollywood Elites Furious After freemasons is replacing the internet,FAKE
the Bank of England and international partners cooperate on election security initiative,REAL
Committee formed to review the White House policies on election security,REAL
LEAKED: Internal Documents Prove secret societies is orchestrating DNA,FAKE
Adobe shares rise 4.2% after strong quarterly earnings report,REAL
Sources: Bill Gates to resign from all positions effective immediately,FAKE
EXPOSED: Big pharma suppresses natural cure using elections for brain damage,FAKE
global stock markets signs bilateral agreement with partners on economic growth cooperation,REAL
Google CEO discusses future plans at annual shareholders meeting,REAL
New Study Proves mainstream media is tracking the food supply (Mainstream Media Ignores),FAKE
ALERT: the Pentagon Plans to track Every public health by End of Year,FAKE
New Study Proves Russia secretly controls social media (Mainstream Media Ignores),FAKE
Bayern Munich defeats Liverpool in closely contested championship match,REAL
Shadow government confirms plan to poison all the weather by end of year,FAKE
North Korea bans all the water supply starting next month — citizens outraged,FAKE
Boeing to go bankrupt within weeks according to leaked documents,FAKE
Secret Footage Shows Illuminati is censoring elections Behind Closed Doors,FAKE
New research links the food supply to 500% increase in chronic fatigue cases,FAKE
Olympics committee announces Milan as host for upcoming games,REAL
New report from congressional leaders highlights gaps in cybersecurity funding,REAL
Diplomatic talks in Brisbane yield progress on biodiversity dispute,REAL
Study in Nature journal finds correlation between electric vehicles and health outcomes,REAL
International team maps social security genome for first time,REAL
Anonymous sources within Harvard claim Jeff Bezos is tracking microchips,FAKE
Scientists at NASA confirm time travel is possible,FAKE
BREAKING: New York airport shut down after Oprah Winfrey causes bomb scare,FAKE
Researchers discover new approach to food security using advanced technology,REAL
Officials from congressional leaders outline steps to improve space exploration oversight,REAL
Panel recommends Japan's parliament take action on food security by next quarter,REAL
PROOF that Boris Johnson is actually controlled by billionaires,FAKE
Global markets react to the IMF decision on food security policy changes,REAL
the Indian government scientists complete decade-long study on housing policy effects,REAL
New satellite data provides insights into global biodiversity patterns,REAL
"researchers at MIT spokesperson denies allegations, citing global warming records",REAL
Analysis: How NASA's approach to global warming compares globally,REAL
the Indian government signs bilateral agreement with partners on cybersecurity cooperation,REAL
Deep State Caught is censoring cryptocurrency While Bill Gates Looks the Other Way,FAKE
Secret government plan to tax all the economy by 200% revealed,FAKE
Aliens have landed their the weather in central park and met billionaires,FAKE
Xi Jinping paid 200 million dollars to cover up the bribery network,FAKE
PROOF that Warren Buffett is actually controlled by elites,FAKE
Chennai Super Kings defeats Mumbai Indians in closely contested championship match,REAL
Netflix CEO discusses future plans at annual shareholders meeting,REAL
Walmart shares rise 2.5% after strong quarterly earnings report,REAL
Study in Nature journal finds correlation between space exploration and health outcomes,REAL
Panel recommends the Treasury Department take action on renewable energy by next quarter,REAL
Report: the Indian government releases quarterly data on tax reform,REAL
Bayern Munich signs Neeraj Chopra in record-breaking transfer deal,REAL
Officials confirm federal officials cooperation on data privacy investigation,REAL
Sources: Oprah Winfrey to resign from all positions effective immediately,FAKE
the Chinese government meets with officials to discuss renewable energy regulations,REAL
Whistleblower Exposes How the FBI secretly banned the internet for Years,FAKE
Hospital workers confirm Mark Zuckerberg has only 6 months to live,FAKE
Olympics committee announces Tokyo as host for upcoming games,REAL
Elon Musk announces purchase of Facebook for 100 billion dollars,FAKE
New York Yankees signs Novak Djokovic in record-breaking transfer deal,REAL
AI-powered tool improves immigration prediction accuracy by 40 percent,REAL
Warren Buffett caught on hidden camera admitting to secret human trafficking operations,FAKE
Officials from federal officials outline steps to improve semiconductor production oversight,REAL
ALERT: North Korea Plans to brainwash Every elections by End of Year,FAKE
tech giants has been lying about social media — Are You Prepared for What Comes Next?,FAKE
Scientists from ISRO scientists publish peer-reviewed public health study,REAL
"Amit Shah tests positive for heart disease, rushed to hospital in critical condition",FAKE
Study in Nature journal finds correlation between biodiversity and health outcomes,REAL
Hollywood Elites Furious After the establishment is suppressing the weather,FAKE
Major breakthrough in education funding treatment announced at medical conference,REAL
Hospital workers confirm Elon Musk has only weeks to live,FAKE
EXCLUSIVE: Boris Johnson secretly married to Xi Jinping according to insiders,FAKE
the FDA announces new policy on immigration following the fiscal year end,REAL
New research links education to 500% increase in cancer cases,FAKE
TikTok to go bankrupt within weeks according to leaked documents,FAKE
JUST IN: Sydney completely destroyed by massive EMP blast,FAKE
Hurricane season forecast predicts above-average activity this year,REAL
the Federal Reserve announces new policy on quantum computing following expert consultations,REAL
BANNED VIDEO: Bill Gates Admits to secretly controls education,FAKE
Top Doctor Reveals: the government Can weaponize Your the water supply Overnight,FAKE
Local governments partner with the Senate to combat ocean conservation issues,REAL
Committee formed to review the Bank of England policies on space exploration,REAL
Liverpool signs Novak Djokovic in record-breaking transfer deal,REAL
JPMorgan announces expansion into Indian with new product line,REAL
"New legislation proposed to address cybersecurity concerns, says NASA",REAL
Report: the World Health Organization releases quarterly data on ocean conservation,REAL
Oprah Winfrey secretly moves 100 billion dollars to offshore accounts,FAKE
REVEALED: shadow groups creates mind control devices in the weather,FAKE
Study finds defense spending linked to changes in the Environmental Protection Agency behavior,REAL
"Kanye West tests positive for blindness, rushed to hospital in critical condition",FAKE
Sources: Hillary Clinton to resign from all positions effective immediately,FAKE
Shadow government confirms plan to control all the food supply by end of year,FAKE
Aliens have landed their DNA in central park and met the establishment,FAKE
Novak Djokovic announces retirement after 18 year career,REAL
Pakistan declares war on North Korea in surprise midnight announcement,FAKE
Disney reports revenue of $85 billion for fiscal year,REAL
Wildfire containment reaches 80 percent in Mediterranean region after week-long effort,REAL
the United Nations holds press conference addressing national debt questions,REAL
Kejriwal found dead in mysterious circumstances at private estate,FAKE
Celebrity endorses miracle free speech treatment that cures brain damage,FAKE
Kejriwal running secret the weather operation from underground bunker,FAKE
New satellite data provides insights into global infrastructure spending patterns,REAL
Bill Gates admits they are building a matrix to poison the food supply,FAKE
Survey shows public support for the Chinese government actions on education funding,REAL
Classified document reveals China plans to invade Saudi Arabia,FAKE
Deep State Caught is deliberately causing the water supply While North Korea Looks the Other Way,FAKE
CONFIRMED: world leaders is replacing the food supply According to Anonymous Sources,FAKE
Researchers discover new approach to climate policy using advanced technology,REAL
the Environmental Protection Agency reports record numbers regarding housing policy in Q3,REAL
Tom Cruise has been arrested by FBI for secret human trafficking operations,FAKE
Study finds public transit linked to changes in the European Union behavior,REAL
Anonymous sources within Pentagon claim Mark Zuckerberg has been poisoning cryptocurrency,FAKE
Golden State Warriors defeats Bayern Munich in closely contested championship match,REAL
Trade talks between congressional leaders and partners focus on food security tariffs,REAL
Wildfire containment reaches 80 percent in Western Europe after week-long effort,REAL
Your doctor won't tell you this simple trick to reverse heart disease,FAKE
PROOF that Kejriwal is actually controlled by the establishment,FAKE
Samsung launches new division focused on inflation rates innovation,REAL
Panel recommends the Supreme Court take action on electric vehicles by next quarter,REAL
Olympics committee announces Tokyo as host for upcoming games,REAL
"Joe Biden tests positive for diabetes, rushed to hospital in critical condition",FAKE
Serena Williams breaks world record at international athletics event,REAL
Top Doctor Reveals: the CDC Can bankrupt Your vaccines Overnight,FAKE
Local governments partner with the FDA to combat infrastructure spending issues,REAL
the CDC is destroying democracy — This Changes EVERYTHING,FAKE
This one trick by the government to reprogram the internet will blow your mind,FAKE
Scientists from the Pentagon publish peer-reviewed election security study,REAL
Panel recommends federal officials take action on quantum computing by next quarter,REAL
New research links the financial system to 500% increase in kidney failure cases,FAKE
Researchers discover new approach to housing policy using advanced technology,REAL
Election RIGGED: Millions of fake ballots found in San Francisco warehouse,FAKE
Mumbai Indians signs Rohit Sharma in record-breaking transfer deal,REAL
UN General Assembly adopts resolution on global education funding standards,REAL
Secret Footage Shows shadow groups has been silencing DNA Behind Closed Doors,FAKE
Donald Trump secretly moves 10 billion euros to offshore accounts,FAKE
public health officials scientists complete decade-long study on healthcare reform effects,REAL
Flood warnings issued for Australia as heavy rains continue,REAL
BREAKING: Los Angeles airport shut down after Sundar Pichai causes bomb scare,FAKE
Barack Obama has been arrested by FBI for hacking government databases,FAKE
the Treasury Department spokesperson confirms artificial intelligence review underway,REAL
Global markets react to ISRO scientists decision on immigration policy changes,REAL
Local governments partner with the United Nations to combat healthcare reform issues,REAL
Officials from the UN Security Council outline steps to improve climate policy oversight,REAL
New research links the internet to 500% increase in brain damage cases,FAKE
Miracle Cure: How the CIA Used the water supply to control the Impossible,FAKE
Currency to become worthless by next year — insider warning,FAKE
Classified document reveals United States plans to invade France,FAKE
Deep State Caught is hiding citizens While Illuminati Looks the Other Way,FAKE
Analysts upgrade Salesforce stock following strong semiconductor production outlook,REAL
Supreme Court delivers ruling on Stanford researchers handling of trade agreements,REAL
Kejriwal caught manipulating Boeing stock for personal gain,FAKE
Study in Nature journal finds correlation between immigration and health outcomes,REAL
New research links children to 500% increase in kidney failure cases,FAKE
Internal memo shows Microsoft knew about dangers but hid evidence,FAKE
Sources: Donald Trump to resign from all positions effective immediately,FAKE
Peace negotiations continue as the United Nations mediates renewable energy conflict,REAL
"New legislation proposed to address artificial intelligence concerns, says the Supreme Court",REAL
Berkshire Hathaway announces expansion into Japanese with new product line,REAL
JPMorgan announces expansion into Middle Eastern with new product line,REAL
"Stanford researchers spokesperson denies allegations, citing biodiversity records",REAL
Officials confirm the Supreme Court cooperation on nuclear energy investigation,REAL
Scientists at CIA confirm that Earth is actually flat,FAKE
URGENT: Banks will freeze all accounts starting next year — withdraw now,FAKE
Scientists at Harvard confirm the sun is actually cold,FAKE
Anonymous sources within WHO claim Tim Cook is replacing education,FAKE
Survey shows public support for public health officials actions on defense spending,REAL
BREAKING: Illuminati is harvesting public health — Government hides Truth,FAKE
Miracle Cure: How AI overlords Used the financial system to erase the Impossible,FAKE
the Department of Education announces new policy on electric vehicles following the fiscal year end,REAL
the Senate meets with officials to discuss education funding regulations,REAL
Germany bans all citizens starting next month — citizens outraged,FAKE
Doctors HATE this: citizens can cure cancer in just 3 days,FAKE
Analysis: How the White House's approach to healthcare reform compares globally,REAL
Wildfire containment reaches 80 percent in South Asia after week-long effort,REAL
Disney launches new division focused on education funding innovation,REAL
WARNING: the food supply causes infertility — what tech giants is hiding from you,FAKE
federal officials publishes findings on education funding after months of research,REAL
Hurricane season forecast predicts above-average activity this year,REAL
Hurricane season forecast predicts above-average activity this year,REAL
The end is near: Bill Gates triggers microchips to monitor humanity,FAKE
Internal memo shows Samsung knew about dangers but hid evidence,FAKE
Japan's parliament meets with officials to discuss quantum computing regulations,REAL
SHOCKING: the deep state has been funding the financial system While Media Stays Silent,FAKE
the European Union imposes sanctions in response to infrastructure spending violations,REAL
the Department of Justice reports record numbers regarding electric vehicles in Q3,REAL
BREAKING: Sydney airport shut down after Xi Jinping causes bomb scare,FAKE
EXPOSED: The Real Reason China has been stealing the food supply,FAKE
Diplomatic talks in Tokyo yield progress on public transit dispute,REAL
Study finds public health linked to changes in public health officials behavior,REAL
100% PROOF: secret societies Has Been is tracking vaccines This Entire Time,FAKE
Jeff Bezos found dead in mysterious circumstances at private estate,FAKE
North Korea secretly banned elections and Nobody is Talking About It,FAKE
Engineers develop more efficient quantum computing system at the FDA,REAL
Global markets react to Stanford researchers decision on education funding policy changes,REAL
Anonymous sources within WHO claim Sundar Pichai is destroying elections,FAKE
reptilians is harvesting the water supply and Nobody is Talking About It,FAKE
Supreme Court delivers ruling on the Chinese government handling of social security,REAL
Donald Trump caught on hidden camera admitting to selling state secrets to enemies,FAKE
The Elite Don't Want You to Know How tech giants is harvesting cryptocurrency,FAKE
"the Treasury Department spokesperson denies allegations, citing education funding records",REAL
BANNED VIDEO: the FBI Admits to is replacing the weather,FAKE
The Elite Don't Want You to Know How the CDC secretly banned DNA,FAKE
Former employee reveals Boeing has been is deliberately causing customers for years,FAKE
ISRO scientists announces new policy on defense spending following international negotiations,REAL
They Don't Want You to Know: scientists is orchestrating children,FAKE
International team maps tax reform genome for first time,REAL
Panel recommends the Senate take action on public health by next quarter,REAL
New satellite data provides insights into global public health patterns,REAL
Record temperatures reported across South Asia during summer months,REAL
REVEALED: billionaires creates mind control devices in children,FAKE
Sources: Kim Jong-un to resign from all positions effective immediately,FAKE
WAKE UP: tech giants Is has been stealing children Right in Front of Your Eyes,FAKE
WARNING: the weather causes memory loss — what world leaders is hiding from you,FAKE
Diplomatic talks in Tokyo yield progress on climate policy dispute,REAL
the Department of Education confirms timeline for climate policy implementation next year,REAL
India declares war on Pakistan in surprise midnight announcement,FAKE
the Treasury Department reports record numbers regarding food security in Q3,REAL
Aliens have landed their democracy in central park and met elites,FAKE
ISRO scientists announces new policy on infrastructure spending following last month's summit,REAL
Kejriwal has been arrested by FBI for operating a Ponzi scheme worth billions,FAKE
BANNED VIDEO: globalists Admits to is suppressing the financial system,FAKE
G20 leaders pledge increased funding for climate policy development,REAL
Classified document reveals Australia plans to invade Australia,FAKE
Committee formed to review the Supreme Court policies on immigration,REAL
Internal memo shows Uber knew about dangers but hid evidence,FAKE
The Elite Don't Want You to Know How reptilians is tracking the weather,FAKE
the UN Security Council scientists complete decade-long study on artificial intelligence effects,REAL
New report from NASA highlights gaps in nuclear energy funding,REAL
AI-powered tool improves defense spending prediction accuracy by 40 percent,REAL
Apple and Netflix announce strategic partnership on quantum computing,REAL
Analysts upgrade Walmart stock following strong election security outlook,REAL
Study finds quantum computing linked to changes in researchers at MIT behavior,REAL
They Don't Want You to Know: big pharma is censoring children,FAKE
Record temperatures reported across Southeast US during summer months,REAL
They Don't Want You to Know: the establishment has been poisoning the financial system,FAKE
Cristiano Ronaldo announces retirement after 20 year career,REAL
Panel recommends the Bank of England take action on electric vehicles by next quarter,REAL
PROOF that Elon Musk is actually controlled by the CDC,FAKE
G20 leaders pledge increased funding for data privacy development,REAL
URGENT: Banks will freeze all accounts starting this summer — withdraw now,FAKE
congressional leaders spokesperson confirms food security review underway,REAL
EXPOSED: The Real Reason secret societies secretly banned cryptocurrency,FAKE
URGENT: Banks will freeze all accounts starting next month — withdraw now,FAKE
Nvidia CEO discusses future plans at annual shareholders meeting,REAL
JPMorgan shares rise 8% after strong quarterly earnings report,REAL
Hospital workers confirm Warren Buffett has only weeks to live,FAKE
Experts at the Reserve Bank of India warn of challenges ahead for national debt,REAL
Record temperatures reported across Mediterranean region during summer months,REAL
"Rahul Gandhi tests positive for infertility, rushed to hospital in critical condition",FAKE
Report: the Department of Education releases quarterly data on defense spending,REAL
UN General Assembly adopts resolution on global climate policy standards,REAL
Officials confirm the Pentagon cooperation on public transit investigation,REAL
Local governments partner with the IMF to combat election security issues,REAL
Whistleblower Exposes How secret societies has been spying on the food supply for Years,FAKE
New report from the Indian government highlights gaps in space exploration funding,REAL
Diplomatic talks in Tokyo yield progress on education funding dispute,REAL
Study finds climate policy linked to changes in the Bank of England behavior,REAL
"New legislation proposed to address inflation rates concerns, says researchers at MIT",REAL
Sources: Xi Jinping to resign from all positions effective immediately,FAKE
100% PROOF: mainstream media Has Been has been stealing children This Entire Time,FAKE
China bans all the weather starting next month — citizens outraged,FAKE
REVEALED: the World Economic Forum creates mind control devices in cryptocurrency,FAKE
the Environmental Protection Agency releases annual transparency report on food security,REAL
Survey shows public support for ISRO scientists actions on artificial intelligence,REAL
Goldman Sachs shares rise 7% after strong quarterly earnings report,REAL
New research links citizens to 500% increase in chronic fatigue cases,FAKE
Amazon CEO discusses future plans at annual shareholders meeting,REAL
Internal memo shows Coca-Cola knew about dangers but hid evidence,FAKE
the Reserve Bank of India signs bilateral agreement with partners on water resources cooperation,REAL
JPMorgan reports revenue of $45 billion for fiscal year,REAL
EXCLUSIVE: Xi Jinping secretly married to Kejriwal according to insiders,FAKE
Secret government plan to tax all cryptocurrency by 200% revealed,FAKE
the World Economic Forum has been silencing education — This Changes EVERYTHING,FAKE
They Don't Want You to Know: the CDC has been stealing the water supply,FAKE
WARNING: DNA causes autism — what Russia is hiding from you,FAKE
Hollywood Elites Furious After scientists is harvesting cryptocurrency,FAKE
Investors weigh Samsung performance amid changing cybersecurity landscape,REAL
Study finds trade agreements linked to changes in researchers at MIT behavior,REAL
Aliens have landed their the economy in central park and met the government,FAKE
New satellite data provides insights into global data privacy patterns,REAL
Engineers develop more efficient renewable energy system at the IMF,REAL
Classified document reveals North Korea plans to invade Turkey,FAKE
Hollywood Elites Furious After the establishment is destroying elections,FAKE
Tesla announces expansion into Latin American with new product line,REAL
Experts at the Treasury Department warn of challenges ahead for public health,REAL
Officials from the Department of Education outline steps to improve renewable energy oversight,REAL
Top Doctor Reveals: scientists Can bankrupt Your microchips Overnight,FAKE
Scientists finally admit social media is the real cause of brain damage,FAKE
global stock markets holds press conference addressing renewable energy questions,REAL
Deep State Caught secretly banned the water supply While reptilians Looks the Other Way,FAKE
100% PROOF: reptilians Has Been is suppressing microchips This Entire Time,FAKE
Lawmakers debate economists proposal to expand global warming access,REAL
World Cup qualifiers: England advances with victory over rivals,REAL
JUST IN: Dubai completely destroyed by volcanic eruption,FAKE
Engineers develop more efficient data privacy system at the Reserve Bank of India,REAL
Supreme Court delivers ruling on Japan's parliament handling of education funding,REAL
SHOCKING: billionaires is brainwashing the water supply While Media Stays Silent,FAKE
EXPOSED: The Real Reason freemasons is hiding natural resources,FAKE
the CDC admits they are building a matrix to control citizens,FAKE
PROOF that Bill Gates is actually controlled by elites,FAKE
BANNED VIDEO: North Korea Admits to is tracking education,FAKE
Election RIGGED: Millions of fake ballots found in Dubai warehouse,FAKE
UN General Assembly adopts resolution on global inflation rates standards,REAL
public health officials scientists complete decade-long study on inflation rates effects,REAL
the FDA to host international summit on cybersecurity next week,REAL
WARNING: children causes autism — what secret societies is hiding from you,FAKE
the Department of Education spokesperson confirms national debt review underway,REAL
UN General Assembly adopts resolution on global trade agreements standards,REAL
New research links education to 500% increase in autism cases,FAKE
Lionel Messi announces retirement after 15 year career,REAL
Officials confirm the FDA cooperation on nuclear energy investigation,REAL
Kanye West found dead in mysterious circumstances at private estate,FAKE
Taylor Swift paid 200 million dollars to cover up the financial fraud,FAKE
Sources: Kanye West to resign from all positions effective immediately,FAKE
economists holds press conference addressing global warming questions,REAL
the Department of Justice spokesperson confirms election security review underway,REAL
Hollywood Elites Furious After big pharma is harvesting vaccines,FAKE
Data from the Federal Reserve shows modest improvement in social security metrics,REAL
Scientists from Japan's parliament publish peer-reviewed tax reform study,REAL
Tom Cruise caught manipulating Moderna stock for personal gain,FAKE
Survey shows public support for the Department of Education actions on infrastructure spending,REAL
Oprah Winfrey secretly moves 2 trillion dollars to offshore accounts,FAKE
the Federal Reserve releases annual transparency report on election security,REAL
Government adds secret chemicals to elections that cause paralysis,FAKE
CENSORED: The Truth About How big pharma has been funding cryptocurrency,FAKE
the Treasury Department confirms timeline for electric vehicles implementation next year,REAL
LEAKED emails reveal Mark Zuckerberg planned to suppress the internet since 2018,FAKE
SHOCKING: the CIA has been poisoning microchips While Media Stays Silent,FAKE
Committee formed to review Japan's parliament policies on housing policy,REAL
Supreme Court delivers ruling on the Department of Justice handling of economic growth,REAL
the IMF to host international summit on election security next week,REAL
Researchers discover new approach to space exploration using advanced technology,REAL
Tim Cook caught manipulating Intel stock for personal gain,FAKE
Researchers discover new approach to biodiversity using advanced technology,REAL
BREAKING: Moscow airport shut down after Barack Obama causes bomb scare,FAKE
the deep state has been spying on DNA — This Changes EVERYTHING,FAKE
Study in Nature journal finds correlation between social security and health outcomes,REAL
Government adds secret chemicals to cryptocurrency that cause chronic fatigue,FAKE
LEAKED: Internal Documents Prove world leaders is brainwashing microchips,FAKE
Study in Nature journal finds correlation between national debt and health outcomes,REAL
the Senate announces new policy on defense spending following global conferences,REAL
Study finds global warming linked to changes in NASA behavior,REAL
International team maps tax reform genome for first time,REAL
AI overlords has been silencing the food supply — This Changes EVERYTHING,FAKE
Government adds secret chemicals to vaccines that cause paralysis,FAKE
public health officials announces new policy on nuclear energy following expert consultations,REAL
Experts at the UN Security Council warn of challenges ahead for semiconductor production,REAL
Hollywood Elites Furious After freemasons is replacing social media,FAKE
Microsoft shares rise 7% after strong quarterly earnings report,REAL
NASA imposes sanctions in response to education funding violations,REAL
Scientists finally admit the food supply is the real cause of autism,FAKE
the Federal Reserve releases annual transparency report on tax reform,REAL
World Cup qualifiers: Argentina advances with victory over rivals,REAL
Uber to go bankrupt within weeks according to leaked documents,FAKE
Major breakthrough in housing policy treatment announced at medical conference,REAL
Officials from the Reserve Bank of India outline steps to improve data privacy oversight,REAL
BREAKING: San Francisco airport shut down after Mark Zuckerberg causes bomb scare,FAKE
Local governments partner with the Treasury Department to combat social security issues,REAL
EXPOSED: The Real Reason big pharma has been stealing the food supply,FAKE
Engineers develop more efficient housing policy system at public health officials,REAL
Study finds housing policy linked to changes in congressional leaders behavior,REAL
Tim Cook has been arrested by FBI for selling state secrets to enemies,FAKE
Supreme Court delivers ruling on the Reserve Bank of India handling of national debt,REAL
Doctors HATE this: DNA can cure memory loss in just 3 days,FAKE
Shadow government confirms plan to suppress all vaccines by end of year,FAKE
AI overlords has been poisoning democracy — Are You Prepared for What Comes Next?,FAKE
Russia declares war on Russia in surprise midnight announcement,FAKE
Engineers develop more efficient defense spending system at the White House,REAL
the Environmental Protection Agency and international partners cooperate on food security initiative,REAL
REVEALED: Illuminati creates mind control devices in children,FAKE
Pfizer stock crashes 90% after CEO George Soros confesses to massive fraud,FAKE
New research links cryptocurrency to 500% increase in chronic fatigue cases,FAKE
NASA holds press conference addressing housing policy questions,REAL
Taylor Swift has been arrested by FBI for illegally manipulating stock markets,FAKE
URGENT: Banks will freeze all accounts starting next month — withdraw now,FAKE
Global markets react to economists decision on inflation rates policy changes,REAL
Goldman Sachs announces expansion into Australian with new product line,REAL
the establishment is suppressing cryptocurrency — This Changes EVERYTHING,FAKE
New research links the food supply to 500% increase in autism cases,FAKE
Election RIGGED: Millions of fake ballots found in San Francisco warehouse,FAKE
World Cup qualifiers: England advances with victory over rivals,REAL
Whistleblower Exposes How AI overlords is harvesting the economy for Years,FAKE
Study in Nature journal finds correlation between food security and health outcomes,REAL
The Elite Don't Want You to Know How the royals is destroying the food supply,FAKE
Internal memo shows Snapchat knew about dangers but hid evidence,FAKE
Study in Nature journal finds correlation between biodiversity and health outcomes,REAL
Bayern Munich defeats New York Yankees in closely contested championship match,REAL
Global markets react to the FDA decision on cybersecurity policy changes,REAL
Trade talks between the Department of Education and partners focus on water resources tariffs,REAL
the White House holds press conference addressing ocean conservation questions,REAL
Secret government plan to tax all the water supply by 200% revealed,FAKE
Peace negotiations continue as the Department of Justice mediates space exploration conflict,REAL
Pakistan bans all the financial system starting next month — citizens outraged,FAKE
the Reserve Bank of India spokesperson confirms defense spending review underway,REAL
Hollywood Elites Furious After the president is censoring social media,FAKE
Brazil bans all the food supply starting next month — citizens outraged,FAKE
Data from the European Union shows modest improvement in tax reform metrics,REAL
Walmart CEO discusses future plans at annual shareholders meeting,REAL
International team maps healthcare reform genome for first time,REAL
the Department of Education announces new policy on nuclear energy following international negotiations,REAL
ALERT: secret societies Plans to erase Every citizens by End of Year,FAKE
Peace negotiations continue as federal officials mediates inflation rates conflict,REAL
the Environmental Protection Agency releases new climate report showing infrastructure spending trends,REAL
the CDC has been poisoning public health and Nobody is Talking About It,FAKE
Aliens have landed their the food supply in central park and met Bill Gates,FAKE
Amazon and Microsoft announce strategic partnership on tax reform,REAL
Microsoft CEO discusses future plans at annual shareholders meeting,REAL
Your doctor won't tell you this simple trick to reverse brain damage,FAKE
Viral video proves Xi Jinping was lying about the internet all along,FAKE
Amazon and Adobe announce strategic partnership on trade agreements,REAL
EXPOSED: The Real Reason the establishment secretly banned children,FAKE
Viral video proves Kim Jong-un was lying about education all along,FAKE
Internal memo shows Microsoft knew about dangers but hid evidence,FAKE
Oprah Winfrey found dead in mysterious circumstances at private estate,FAKE
Experts at the Department of Education warn of challenges ahead for inflation rates,REAL
Stanford researchers holds press conference addressing trade agreements questions,REAL
the Reserve Bank of India meets with officials to discuss immigration regulations,REAL
SHOCKING: the CDC is destroying the internet While Media Stays Silent,FAKE
Classified document reveals Saudi Arabia plans to invade Germany,FAKE
BANNED VIDEO: North Korea Admits to is suppressing vaccines,FAKE
Boris Johnson found dead in mysterious circumstances at private estate,FAKE
Kanye West secretly moves 100 billion dollars to offshore accounts,FAKE
Golden State Warriors signs Cristiano Ronaldo in record-breaking transfer deal,REAL
Supreme Court delivers ruling on the White House handling of semiconductor production,REAL
Global markets react to Stanford researchers decision on trade agreements policy changes,REAL
Virat Kohli breaks world record at international swimming event,REAL
"New legislation proposed to address public transit concerns, says global stock markets",REAL
Election RIGGED: Millions of fake ballots found in Paris warehouse,FAKE
Study finds trade agreements linked to changes in researchers at MIT behavior,REAL
Stanford researchers signs bilateral agreement with partners on election security cooperation,REAL
Doctors HATE this: microchips can cure heart disease in just 3 days,FAKE
mainstream media is tracking natural resources — Are You Prepared for What Comes Next?,FAKE
New report from the IMF highlights gaps in tax reform funding,REAL
LEAKED: Internal Documents Prove secret societies is censoring microchips,FAKE
ISRO scientists imposes sanctions in response to election security violations,REAL
the Federal Reserve budget proposal includes $X billion for artificial intelligence programs,REAL
Researchers discover new approach to immigration using advanced technology,REAL
PROOF that Oprah Winfrey is actually controlled by the World Economic Forum,FAKE
economists announces new policy on trade agreements following quarterly earnings reports,REAL
Secret government plan to tax all citizens by 200% revealed,FAKE
Anonymous sources within Pentagon claim Joe Biden secretly controls cryptocurrency,FAKE
"the European Union spokesperson denies allegations, citing housing policy records",REAL
the Pentagon holds press conference addressing quantum computing questions,REAL
the Senate announces new policy on ocean conservation following stakeholder meetings,REAL
global stock markets announces new policy on nuclear energy following the latest audit,REAL
economists to host international summit on semiconductor production next week,REAL
World Cup qualifiers: England advances with victory over rivals,REAL
Currency to become worthless by January 2026 — insider warning,FAKE
This one trick by Bill Gates to destroy microchips will blow your mind,FAKE
Hollywood Elites Furious After China is destroying the weather,FAKE
the Bank of England holds press conference addressing cybersecurity questions,REAL
Scientists finally admit elections is the real cause of infertility,FAKE
This one trick by billionaires to weaponize the middle class will blow your mind,FAKE
Hospital workers confirm Kim Jong-un has only 6 months to live,FAKE
Usain Bolt breaks world record at international swimming event,REAL
Sundar Pichai found dead in mysterious circumstances at private estate,FAKE
EXPOSED: The Real Reason Illuminati secretly controls the weather,FAKE
Sources: Joe Biden to resign from all positions effective immediately,FAKE
Supreme Court delivers ruling on Stanford researchers handling of public health,REAL
New research links the water supply to 500% increase in blindness cases,FAKE
the Environmental Protection Agency meets with officials to discuss immigration regulations,REAL
New York Yankees signs Cristiano Ronaldo in record-breaking transfer deal,REAL
Your doctor won't tell you this simple trick to reverse cancer,FAKE
Chennai Super Kings defeats Liverpool in closely contested championship match,REAL
Xi Jinping paid 2 trillion dollars to cover up the data theft operation,FAKE
Former employee reveals Disney has been has been manipulating customers for years,FAKE
the European Union to host international summit on electric vehicles next week,REAL
NASA spokesperson confirms data privacy review underway,REAL
Germany declares war on China in surprise midnight announcement,FAKE
URGENT WARNING: the president has been funding the water supply — Share Before Deleted,FAKE
Classified document reveals Saudi Arabia plans to invade China,FAKE
Study finds food security linked to changes in congressional leaders behavior,REAL
G20 leaders pledge increased funding for electric vehicles development,REAL
Oprah Winfrey caught manipulating Microsoft stock for personal gain,FAKE
Study finds global warming linked to changes in the World Health Organization behavior,REAL
Celebrity endorses miracle elections treatment that cures paralysis,FAKE
Deep State Caught is deliberately causing the financial system While Russia Looks the Other Way,FAKE
New Study Proves world leaders is tracking natural resources (Mainstream Media Ignores),FAKE
Disney launches new division focused on infrastructure spending innovation,REAL
Doctors HATE this: microchips can cure chronic fatigue in just 3 days,FAKE
China admits they are building a matrix to eliminate DNA,FAKE
SHOCKING: mainstream media is replacing the food supply While Media Stays Silent,FAKE
Aliens have landed their citizens in central park and met the establishment,FAKE
Analysts upgrade JPMorgan stock following strong food security outlook,REAL
Real Madrid signs Lewis Hamilton in record-breaking transfer deal,REAL
Supreme Court delivers ruling on Stanford researchers handling of immigration,REAL
UN General Assembly adopts resolution on global trade agreements standards,REAL
Government adds secret chemicals to the economy that cause kidney failure,FAKE
the World Health Organization publishes findings on ocean conservation after months of research,REAL
Oxford University announces new policy on artificial intelligence following budget deliberations,REAL
"New legislation proposed to address inflation rates concerns, says the World Health Organization",REAL
Analysts upgrade Disney stock following strong electric vehicles outlook,REAL
global stock markets reports record numbers regarding quantum computing in Q3,REAL
Major breakthrough in water resources treatment announced at medical conference,REAL
SHOCKING: the president is brainwashing the economy While Media Stays Silent,FAKE
Scientists finally admit the weather is the real cause of blindness,FAKE
Kim Jong-un caught manipulating Snapchat stock for personal gain,FAKE
Committee formed to review researchers at MIT policies on tax reform,REAL
Peace negotiations continue as the IMF mediates public transit conflict,REAL
PROOF that Rahul Gandhi is actually controlled by the Pentagon,FAKE
ALERT: Russia Plans to censor Every the weather by End of Year,FAKE
Oxford University spokesperson confirms inflation rates review underway,REAL
Internal memo shows Uber knew about dangers but hid evidence,FAKE
REVEALED: the deep state creates mind control devices in education,FAKE
Officials confirm ISRO scientists cooperation on renewable energy investigation,REAL
Researchers discover new approach to renewable energy using advanced technology,REAL
Analysts upgrade Nvidia stock following strong food security outlook,REAL
Aliens have landed their the water supply in central park and met North Korea,FAKE
Amazon to go bankrupt within weeks according to leaked documents,FAKE
"Sundar Pichai tests positive for blindness, rushed to hospital in critical condition",FAKE
the IMF confirms timeline for election security implementation next year,REAL
Study in Nature journal finds correlation between national debt and health outcomes,REAL
You Won't Believe What billionaires Just Did to public health,FAKE
WARNING: democracy causes cancer — what China is hiding from you,FAKE
Officials from congressional leaders outline steps to improve global warming oversight,REAL
the deep state is harvesting the financial system — This Changes EVERYTHING,FAKE
the Senate imposes sanctions in response to food security violations,REAL
the Chinese government releases new climate report showing electric vehicles trends,REAL
Analysis: How the Department of Justice's approach to infrastructure spending compares globally,REAL
"Kejriwal tests positive for autism, rushed to hospital in critical condition",FAKE
Celebrity endorses miracle citizens treatment that cures paralysis,FAKE
North Korea is suppressing DNA — This Changes EVERYTHING,FAKE
SHOCKING: the Pentagon is destroying the food supply While Media Stays Silent,FAKE
Doctors HATE this: social media can cure brain damage in just 3 days,FAKE
scientists has been manipulating DNA and Nobody is Talking About It,FAKE
Kim Jong-un paid 1 trillion dollars to cover up the financial fraud,FAKE
Investors weigh Meta performance amid changing infrastructure spending landscape,REAL
Top Doctor Reveals: the royals Can manipulate Your the economy Overnight,FAKE
Officials confirm the Department of Health cooperation on food security investigation,REAL
LEAKED: Internal Documents Prove the president has been poisoning vaccines,FAKE
Scientists from ISRO scientists publish peer-reviewed water resources study,REAL
G20 leaders pledge increased funding for water resources development,REAL
Hillary Clinton found dead in mysterious circumstances at private estate,FAKE
New satellite data provides insights into global electric vehicles patterns,REAL
the Pentagon publishes findings on semiconductor production after months of research,REAL
Former employee reveals Pfizer has been secretly banned customers for years,FAKE
REVEALED: secret societies creates mind control devices in the economy,FAKE
CENSORED: The Truth About How North Korea has been lying about the middle class,FAKE
United States bans all elections starting next month — citizens outraged,FAKE
the IMF releases new climate report showing space exploration trends,REAL
Panel recommends the Department of Education take action on trade agreements by next quarter,REAL
BREAKING: the CIA is tracking the financial system — Government buries Truth,FAKE
Doctors HATE this: microchips can cure blindness in just 3 days,FAKE
Adobe announces expansion into Indian with new product line,REAL
Deep State Caught has been silencing the internet While the royals Looks the Other Way,FAKE
the World Health Organization releases annual transparency report on inflation rates,REAL
Analysts upgrade Walmart stock following strong trade agreements outlook,REAL
G20 leaders pledge increased funding for space exploration development,REAL
URGENT WARNING: shadow groups is censoring the economy — Share Before Deleted,FAKE
Government adds secret chemicals to the weather that cause kidney failure,FAKE
JPMorgan shares rise 5% after strong quarterly earnings report,REAL
Officials confirm the Bank of England cooperation on election security investigation,REAL
Major breakthrough in education funding treatment announced at medical conference,REAL
Global markets react to the IMF decision on public transit policy changes,REAL
Whistleblower Exposes How tech giants is deliberately causing democracy for Years,FAKE
URGENT: Banks will freeze all accounts starting next year — withdraw now,FAKE
REVEALED: elites creates mind control devices in the water supply,FAKE
Committee formed to review the Department of Education policies on public transit,REAL
Local governments partner with the Chinese government to combat climate policy issues,REAL
Coca-Cola to go bankrupt within weeks according to leaked documents,FAKE
Shadow government confirms plan to reprogram all social media by end of year,FAKE
Analysis: How the Treasury Department's approach to global warming compares globally,REAL
Currency to become worthless by next month — insider warning,FAKE
WARNING: the weather causes infertility — what reptilians is hiding from you,FAKE
Hillary Clinton caught manipulating Boeing stock for personal gain,FAKE
Survey shows public support for global stock markets actions on climate policy,REAL
Mark Zuckerberg running secret education operation from underground bunker,FAKE
economists budget proposal includes $X billion for food security programs,REAL
Diplomatic talks in Brisbane yield progress on immigration dispute,REAL
Global markets react to the FDA decision on nuclear energy policy changes,REAL
Hollywood Elites Furious After billionaires is hiding vaccines,FAKE
BANNED VIDEO: reptilians Admits to has been lying about public health,FAKE
JUST IN: Bangalore completely destroyed by nuclear explosion,FAKE
The Elite Don't Want You to Know How globalists has been lying about the water supply,FAKE
Microsoft announces expansion into Southeast Asia with new product line,REAL
Committee formed to review Stanford researchers policies on healthcare reform,REAL
New report from congressional leaders highlights gaps in renewable energy funding,REAL
Bill Gates admits they are building a matrix to brainwash education,FAKE
the Department of Justice to host international summit on climate policy next week,REAL
India bans all the weather starting next month — citizens outraged,FAKE
"the United Nations spokesperson denies allegations, citing public transit records",REAL
CONFIRMED: the CDC has been funding public health According to Anonymous Sources,FAKE
Data from researchers at MIT shows modest improvement in healthcare reform metrics,REAL
The end is near: globalists triggers the internet to control humanity,FAKE
BREAKING: Beijing airport shut down after Elon Musk causes bomb scare,FAKE
World Cup qualifiers: Brazil advances with victory over rivals,REAL
EXPOSED: The Real Reason secret societies is censoring democracy,FAKE
The end is near: shadow groups triggers the water supply to poison humanity,FAKE
WAKE UP: Illuminati Is has been poisoning the weather Right in Front of Your Eyes,FAKE
PROOF that Elon Musk is actually controlled by the royals,FAKE
Diplomatic talks in Paris yield progress on biodiversity dispute,REAL
Apple CEO discusses future plans at annual shareholders meeting,REAL
The Elite Don't Want You to Know How world leaders is brainwashing the financial system,FAKE
Rohit Sharma announces retirement after 12 year career,REAL
the World Health Organization holds press conference addressing quantum computing questions,REAL
NASA holds press conference addressing semiconductor production questions,REAL
AI-powered tool improves quantum computing prediction accuracy by 40 percent,REAL
Wildfire containment reaches 80 percent in Mediterranean region after week-long effort,REAL
Oxford University spokesperson confirms trade agreements review underway,REAL
LEAKED: Internal Documents Prove reptilians secretly banned the internet,FAKE
The Elite Don't Want You to Know How scientists has been funding children,FAKE
SHOCKING: big pharma has been stealing the economy While Media Stays Silent,FAKE
Kanye West secretly moves 1 trillion dollars to offshore accounts,FAKE
Scientists at WHO confirm humans can live to 500 with this secret pill,FAKE
Peace negotiations continue as the World Health Organization mediates nuclear energy conflict,REAL
Hurricane season forecast predicts above-average activity this year,REAL
Viral video proves Rahul Gandhi was lying about the food supply all along,FAKE
This one trick by tech giants to track the middle class will blow your mind,FAKE
G20 leaders pledge increased funding for public health development,REAL
Vladimir Putin paid 200 million dollars to cover up the election manipulation scheme,FAKE
"New legislation proposed to address ocean conservation concerns, says the IMF",REAL
PROOF that Jeff Bezos is actually controlled by the royals,FAKE
Top Doctor Reveals: tech giants Can brainwash Your democracy Overnight,FAKE
Vladimir Putin found dead in mysterious circumstances at private estate,FAKE
"New legislation proposed to address quantum computing concerns, says public health officials",REAL
The Elite Don't Want You to Know How AI overlords has been poisoning the internet,FAKE
BREAKING: the FBI has been spying on the internet — Government hides Truth,FAKE
Shadow government confirms plan to monitor all DNA by end of year,FAKE
CONFIRMED: Illuminati is suppressing the food supply According to Anonymous Sources,FAKE
Cisco CEO discusses future plans at annual shareholders meeting,REAL
Study finds food security linked to changes in the Environmental Protection Agency behavior,REAL
Olympics committee announces Los Angeles as host for upcoming games,REAL
"New legislation proposed to address electric vehicles concerns, says the Bank of England",REAL
Los Angeles Lakers defeats Bayern Munich in closely contested championship match,REAL
Experts at researchers at MIT warn of challenges ahead for education funding,REAL
the Federal Reserve scientists complete decade-long study on housing policy effects,REAL
Scientists at Harvard confirm free energy has been suppressed for decades,FAKE
Trade talks between the Federal Reserve and partners focus on public transit tariffs,REAL
LeBron James announces retirement after 18 year career,REAL
the FDA and international partners cooperate on semiconductor production initiative,REAL
Bill Gates caught manipulating Pfizer stock for personal gain,FAKE
Lawmakers debate the Reserve Bank of India proposal to expand social security access,REAL
Scientists from the White House publish peer-reviewed national debt study,REAL
EXPOSED: The Real Reason the Pentagon is censoring the water supply,FAKE
JUST IN: Tokyo completely destroyed by tsunami,FAKE
Microsoft CEO discusses future plans at annual shareholders meeting,REAL
International team maps education funding genome for first time,REAL
New Study Proves secret societies is hiding education (Mainstream Media Ignores),FAKE
New satellite data provides insights into global artificial intelligence patterns,REAL
PROOF that Taylor Swift is actually controlled by shadow groups,FAKE
McDonald's stock crashes 90% after CEO Tom Cruise confesses to massive fraud,FAKE
Hospital workers confirm Bill Gates has only 3 months to live,FAKE
Hospital workers confirm Tim Cook has only 3 months to live,FAKE
Apple reports revenue of $120 billion for fiscal year,REAL
Japan's parliament releases new climate report showing cybersecurity trends,REAL
ISRO scientists holds press conference addressing climate policy questions,REAL
the establishment is censoring the economy — This Changes EVERYTHING,FAKE
New satellite data provides insights into global food security patterns,REAL
Officials from public health officials outline steps to improve inflation rates oversight,REAL
the Reserve Bank of India confirms timeline for trade agreements implementation next year,REAL
Global markets react to the Chinese government decision on water resources policy changes,REAL
The Elite Don't Want You to Know How the CDC has been manipulating microchips,FAKE
WARNING: education causes chronic fatigue — what shadow groups is hiding from you,FAKE
Record temperatures reported across Southeast US during summer months,REAL
Internal memo shows Uber knew about dangers but hid evidence,FAKE
NASA imposes sanctions in response to nuclear energy violations,REAL
the Department of Health holds press conference addressing semiconductor production questions,REAL
AI-powered tool improves global warming prediction accuracy by 40 percent,REAL
Economists at the Environmental Protection Agency project steady growth in electric vehicles sector,REAL
Former employee reveals Tesla has been has been poisoning customers for years,FAKE
Top Doctor Reveals: the CIA Can monitor Your natural resources Overnight,FAKE
Samsung reports revenue of $28 billion for fiscal year,REAL
Mumbai Indians signs Lewis Hamilton in record-breaking transfer deal,REAL
Manchester City signs Kylian Mbappe in record-breaking transfer deal,REAL
China declares war on Japan in surprise midnight announcement,FAKE
Hurricane season forecast predicts above-average activity this year,REAL
Scientists at CERN confirm that Earth is actually flat,FAKE
Mark Zuckerberg paid 300 million dollars to cover up the data theft operation,FAKE
Peace negotiations continue as Oxford University mediates quantum computing conflict,REAL
Lawmakers debate the Reserve Bank of India proposal to expand defense spending access,REAL
the Chinese government and international partners cooperate on public health initiative,REAL
Survey shows public support for federal officials actions on immigration,REAL
Shadow government confirms plan to brainwash all the water supply by end of year,FAKE
Experts at the FDA warn of challenges ahead for food security,REAL
URGENT: Banks will freeze all accounts starting this summer — withdraw now,FAKE
Investors weigh Tesla performance amid changing inflation rates landscape,REAL
100% PROOF: big pharma Has Been is destroying natural resources This Entire Time,FAKE
G20 leaders pledge increased funding for election security development,REAL
"New legislation proposed to address tax reform concerns, says Stanford researchers",REAL
The end is near: mainstream media triggers the water supply to eliminate humanity,FAKE
Golden State Warriors defeats Liverpool in closely contested championship match,REAL
Celebrity endorses miracle DNA treatment that cures paralysis,FAKE
"the Department of Justice spokesperson denies allegations, citing quantum computing records",REAL
Whistleblower Exposes How the CIA has been poisoning elections for Years,FAKE
Supreme Court delivers ruling on the Senate handling of immigration,REAL
Liverpool defeats Golden State Warriors in closely contested championship match,REAL
Disney reports revenue of $200 billion for fiscal year,REAL
the UN Security Council reports record numbers regarding inflation rates in Q3,REAL
URGENT WARNING: the CIA is brainwashing the economy — Share Before Deleted,FAKE
"Donald Trump tests positive for diabetes, rushed to hospital in critical condition",FAKE
AI-powered tool improves global warming prediction accuracy by 40 percent,REAL
URGENT WARNING: the establishment is replacing the food supply — Share Before Deleted,FAKE
Experts at NASA warn of challenges ahead for space exploration,REAL
"Amit Shah tests positive for kidney failure, rushed to hospital in critical condition",FAKE
Celebrity endorses miracle the internet treatment that cures cancer,FAKE
global stock markets spokesperson confirms tax reform review underway,REAL
Investors weigh Adobe performance amid changing semiconductor production landscape,REAL
Analysis: How global stock markets's approach to nuclear energy compares globally,REAL
"New legislation proposed to address social security concerns, says the IMF",REAL
Global markets react to the Department of Health decision on education funding policy changes,REAL
George Soros has been arrested by FBI for money laundering and tax fraud,FAKE
Scientists at MIT confirm aliens living among humans,FAKE
Stanford researchers holds press conference addressing public transit questions,REAL
Hillary Clinton caught on hidden camera admitting to running an underground spy network,FAKE
the FDA spokesperson confirms healthcare reform review underway,REAL
Supreme Court delivers ruling on ISRO scientists handling of defense spending,REAL
New report from the Federal Reserve highlights gaps in data privacy funding,REAL
Netflix shares rise 5% after strong quarterly earnings report,REAL
Study finds water resources linked to changes in the Federal Reserve behavior,REAL
Stanford researchers releases annual transparency report on biodiversity,REAL
Your doctor won't tell you this simple trick to reverse infertility,FAKE
researchers at MIT releases annual transparency report on quantum computing,REAL
Serena Williams breaks world record at international football event,REAL
Shadow government confirms plan to brainwash all the middle class by end of year,FAKE
Secret Footage Shows the establishment is censoring free speech Behind Closed Doors,FAKE
Top Doctor Reveals: North Korea Can eliminate Your education Overnight,FAKE
the Pentagon meets with officials to discuss education funding regulations,REAL
Committee formed to review the Reserve Bank of India policies on global warming,REAL
Olympics committee announces Paris as host for upcoming games,REAL
Trade talks between the European Union and partners focus on public health tariffs,REAL
secret societies is replacing public health — This Changes EVERYTHING,FAKE
WARNING: democracy causes cancer — what world leaders is hiding from you,FAKE
They Don't Want You to Know: globalists has been spying on microchips,FAKE
the Environmental Protection Agency publishes findings on tax reform after months of research,REAL
Jeff Bezos paid 50 billion dollars to cover up the pollution cover-up,FAKE
LEAKED: Internal Documents Prove AI overlords is hiding cryptocurrency,FAKE
Hospital workers confirm Elon Musk has only days to live,FAKE
economists imposes sanctions in response to social security violations,REAL
secret societies has been silencing cryptocurrency and Nobody is Talking About It,FAKE
Study in Nature journal finds correlation between national debt and health outcomes,REAL
Committee formed to review the Department of Health policies on data privacy,REAL
Global markets react to the IMF decision on immigration policy changes,REAL
Usain Bolt breaks world record at international football event,REAL
Hurricane season forecast predicts above-average activity this year,REAL
Data from the Pentagon shows modest improvement in data privacy metrics,REAL
Top Doctor Reveals: the deep state Can poison Your the food supply Overnight,FAKE
Cisco reports revenue of $200 billion for fiscal year,REAL
IBM announces expansion into European with new product line,REAL
Meta shares rise 2.5% after strong quarterly earnings report,REAL
Panel recommends the UN Security Council take action on semiconductor production by next quarter,REAL
Amazon announces expansion into Latin American with new product line,REAL
EXCLUSIVE: Mark Zuckerberg secretly married to a royal family member according to insiders,FAKE
Secret Footage Shows mainstream media is suppressing DNA Behind Closed Doors,FAKE
Scientists at MIT confirm that Earth is actually flat,FAKE
SHOCKING: North Korea has been stealing the middle class While Media Stays Silent,FAKE
Committee formed to review ISRO scientists policies on global warming,REAL
The Elite Don't Want You to Know How the Pentagon is tracking free speech,FAKE
CONFIRMED: the FBI is harvesting the weather According to Anonymous Sources,FAKE
LEAKED emails reveal Tim Cook planned to bankrupt citizens since 2018,FAKE
Kanye West has been arrested by FBI for secret human trafficking operations,FAKE
LEAKED emails reveal Kejriwal planned to destroy free speech since 2018,FAKE
"New legislation proposed to address tax reform concerns, says the Environmental Protection Agency",REAL
Mark Zuckerberg caught on hidden camera admitting to operating a Ponzi scheme worth billions,FAKE
Doctors HATE this: DNA can cure kidney failure in just 3 days,FAKE
International team maps artificial intelligence genome for first time,REAL
100% PROOF: elites Has Been has been spying on children This Entire Time,FAKE
Record temperatures reported across Mediterranean region during summer months,REAL
Officials confirm the Senate cooperation on quantum computing investigation,REAL
International team maps infrastructure spending genome for first time,REAL
BREAKING: Bangalore airport shut down after Elon Musk causes bomb scare,FAKE
BREAKING: Delhi airport shut down after Hillary Clinton causes bomb scare,FAKE
Election RIGGED: Millions of fake ballots found in Houston warehouse,FAKE
Peace negotiations continue as the Department of Health mediates election security conflict,REAL
economists imposes sanctions in response to tax reform violations,REAL
World Cup qualifiers: Germany advances with victory over rivals,REAL
BANNED VIDEO: world leaders Admits to is brainwashing cryptocurrency,FAKE
Global markets react to the Pentagon decision on social security policy changes,REAL
Scientists finally admit social media is the real cause of kidney failure,FAKE
LEAKED emails reveal Kejriwal planned to reprogram the middle class since 2018,FAKE
Local governments partner with ISRO scientists to combat climate policy issues,REAL
Economists at ISRO scientists project steady growth in renewable energy sector,REAL
Currency to become worthless by January 2026 — insider warning,FAKE
Hospital workers confirm Warren Buffett has only days to live,FAKE
the Federal Reserve meets with officials to discuss data privacy regulations,REAL
Supreme Court delivers ruling on the White House handling of economic growth,REAL
New satellite data provides insights into global tax reform patterns,REAL
Experts at the IMF warn of challenges ahead for data privacy,REAL
100% PROOF: the FBI Has Been has been spying on vaccines This Entire Time,FAKE
Japan's parliament meets with officials to discuss biodiversity regulations,REAL
